id_kabupaten,nama_kabupaten,PC1,PC2
IDN.1.2_1,AcehBarat,-0.20038060744006625,-0.10597529083840274
IDN.1.1_1,AcehBaratDaya,-0.09091777834137427,-0.09200614362746307
IDN.1.3_1,AcehBesar,-0.16446325655292293,-0.08641090838852594
IDN.1.4_1,AcehJaya,-0.1912381974980244,-0.020670693716860478
IDN.1.5_1,AcehSelatan,-0.1309435743000643,-0.1090606595498077
IDN.1.6_1,AcehSingkil,-0.09999208566680207,-0.0685951956638502
IDN.1.7_1,AcehTamiang,-0.06743802270413923,-0.1635710944286095
IDN.1.8_1,AcehTengah,-0.13279067020157598,-0.07706111630463597
IDN.1.9_1,AcehTenggara,-0.11028176197043715,-0.0928953027479974
IDN.1.10_1,AcehTimur,-0.11890666285784546,-0.16989826774381994
IDN.1.11_1,AcehUtara,-0.09529341296468374,-0.14251831931610337
IDN.1.12_1,BandaAceh,-0.05263492006902509,-0.18290975601050918
IDN.1.13_1,BenerMeriah,-0.13298689919420226,-0.1677091518049697
IDN.1.14_1,Bireuen,-0.12161331166529821,-0.09328632499682943
IDN.1.15_1,GayoLues,-0.1601522903532584,-0.11115940451843398
IDN.1.16_1,Langsa,-0.12224923243865427,-0.11195158957498286
IDN.1.17_1,Lhokseumawe,-0.06564753365435233,-0.14221250688212606
IDN.1.18_1,NaganRaya,-0.17299749539246445,-0.09781131275948896
IDN.1.20_1,Pidie,-0.19470359674515592,-0.12494913685649556
IDN.1.19_1,PidieJaya,-0.20562103375536922,-0.08398207128491564
IDN.1.21_1,Sabang,-0.030669513196781073,-0.20720010074683098
IDN.1.22_1,Simeulue,-0.2518798493173421,-0.010857862065514423
IDN.1.23_1,Subulussalam,-0.19797901040744714,-0.022782281486206424
IDN.2.1_1,Badung,0.08242870726481549,-0.15484991731183229
IDN.2.2_1,Bangli,-0.06826437881624747,-0.12408718486809456
IDN.2.3_1,Buleleng,-0.169402647327194,-0.1157671712968229
IDN.2.4_1,Denpasar,0.07940197975096719,-0.14943116685483848
IDN.2.5_1,Gianyar,-0.09347455932932625,-0.010794971631503003
IDN.2.6_1,Jembrana,-0.056388017091737186,-0.12099172849803275
IDN.2.7_1,Karangasem,-0.1519604919650145,-0.1650065945654145
IDN.2.8_1,Klungkung,0.013828495862795942,-0.10039719977579842
IDN.2.9_1,Tabanan,-0.043822574371038925,-0.12399402786153269
IDN.3.4_1,Bangka,-0.3620806343780405,0.2120665501547504
IDN.3.1_1,BangkaBarat,-0.38395356493302346,0.13592902039855437
IDN.3.2_1,BangkaSelatan,-0.3585874518193706,0.12894896858680605
IDN.3.3_1,BangkaTengah,-0.401558735821373,0.17274978221795
IDN.3.6_1,Belitung,0.07198918772547863,0.6078433800002678
IDN.3.5_1,BelitungTimur,-0.2447653079731713,0.2704744657906737
IDN.3.7_1,Pangkalpinang,1.113781897803848,0.01087100997772572
IDN.4.1_1,Cilegon,0.0802970177176045,0.1260138211997155
IDN.4.2_1,KotaSerang,-0.02094558880791636,-0.01208005349814334
IDN.4.3_1,KotaTangerang,1.113781897803848,0.01087100997772572
IDN.4.4_1,Lebak,-0.12433426169074568,-0.015758652144062357
IDN.4.5_1,Pandeglang,-0.12256094065467138,-0.011873760178946369
IDN.4.6_1,Serang,-0.03855327325053959,0.08492365464591933
IDN.4.8_1,Tangerang,0.17180531737860025,0.16783335419938716
IDN.4.7_1,TangerangSelatan,1.113781897803848,0.01087100997772572
IDN.5.4_1,Bengkulu,-0.020763661409612555,-0.07822908418058594
IDN.5.1_1,BengkuluSelatan,-0.13144782392210586,0.05401706098160908
IDN.5.2_1,BengkuluTengah,-0.11021441577168933,-0.04271463290326205
IDN.5.3_1,BengkuluUtara,-0.14895759130838782,0.013206585126838366
IDN.5.5_1,Kaur,-0.1172517875525868,-0.029147095039243287
IDN.5.6_1,Kepahiang,-0.15795411517232727,-0.058781216906798606
IDN.5.7_1,Lebong,-0.11181533486369466,-0.11151635689124917
IDN.5.8_1,Mukomuko,-0.259106705653378,0.04498607805409638
IDN.5.9_1,RejangLebong,-0.11009310708557918,-0.09545457643072364
IDN.5.10_1,Seluma,-0.1470066641670299,-0.02651112403446776
IDN.6.1_1,Boalemo,-0.11926858760221914,-0.05903192077090191
IDN.6.2_1,BoneBolango,-0.07296478799291817,-0.011133886571565
IDN.6.3_1,DanauLimboto,1.113781897803848,0.01087100997772572
IDN.6.5_1,Gorontalo,-0.13099396018334097,-0.11032471357059959
IDN.6.4_1,GorontaloUtara,-0.11490555200707109,-0.1091683174325947
IDN.6.6_1,KotaGorontalo,-0.12792633105267448,0.00010814982138718232
IDN.6.7_1,Pohuwato,-0.13097204333050838,-0.06037957660398008
IDN.7.1_1,JakartaBarat,1.113781897803848,0.01087100997772572
IDN.7.2_1,JakartaPusat,1.113781897803848,0.01087100997772572
IDN.7.3_1,JakartaSelatan,1.113781897803848,0.01087100997772572
IDN.7.4_1,JakartaTimur,0.09811030485011579,0.39042105661996884
IDN.7.5_1,JakartaUtara,1.113781897803848,0.01087100997772572
IDN.7.6_1,KepulauanSeribu,1.113781897803848,0.01087100997772572
IDN.8.1_1,BatangHari,-0.16716025772540644,0.09227992663920725
IDN.8.2_1,Bungo,-0.004371992551705561,0.0628469442667473
IDN.8.3_1,Jambi,-0.34099082673248027,0.11101265335051769
IDN.8.4_1,Kerinci,-0.12965018395821692,0.01238846816399597
IDN.8.5_1,Merangin,-0.032752971419139076,0.0974728761654925
IDN.8.6_1,MuaroJambi,-0.30947039363117546,0.053752700056029834
IDN.8.7_1,Sarolangun,-0.07772395947225874,0.14679692984523574
IDN.8.8_1,SungaiPenuh,-0.03827762871335122,0.05484341062056308
IDN.8.9_1,TanjungJabungB,-0.20875926640981668,0.18644172079641097
IDN.8.10_1,TanjungJabungT,0.05473422710090464,0.38404236727898144
IDN.8.11_1,Tebo,-0.2557124741760589,0.11504817262660916
IDN.9.2_1,Bandung,-0.12662498632424024,-0.16301608275575163
IDN.9.1_1,BandungBarat,-0.17477278095090643,-0.10122557607854643
IDN.9.3_1,Banjar,1.113781897803848,0.01087100997772572
IDN.9.4_1,Bekasi,0.014987114071594865,0.0727767770631742
IDN.9.5_1,Bogor,-0.11605607351327951,-0.14805210740994812
IDN.9.6_1,Ciamis,-0.08225376008963414,0.012312526857362727
IDN.9.7_1,Cianjur,-0.12396924608323545,-0.19834079276351513
IDN.9.8_1,Cimahi,-0.019580834566810645,-0.22123804334307978
IDN.9.9_1,Cirebon,-0.005237373076264429,-0.2383288677604012
IDN.9.10_1,Depok,0.30292140943185725,0.14050606681632216
IDN.9.11_1,Garut,-0.2023693898640424,-0.06490070017896077
IDN.9.12_1,Indramayu,-0.007655026849970048,0.12830505753020294
IDN.9.13_1,Karawang,-0.09107171898160937,-0.11535659485131644
IDN.9.14_1,KotaBandung,-0.0362678344779746,-0.1652623685541696
IDN.9.15_1,KotaBekasi,0.17822138097977047,0.17159631183547175
IDN.9.16_1,KotaBogor,-0.05299938626501821,-0.21807736076492618
IDN.9.17_1,KotaCirebon,1.113781897803848,0.01087100997772572
IDN.9.18_1,KotaSukabumi,-0.038874123225559054,-0.054518817751973314
IDN.9.19_1,KotaTasikmalaya,0.006735346690304955,-0.17605526604910848
IDN.9.20_1,Kuningan,-0.08343428933560937,-0.09344491408405564
IDN.9.21_1,Majalengka,-0.02796134560436786,0.038694789113399186
IDN.9.22_1,Purwakarta,-0.03128491201253214,-0.20488656479525802
IDN.9.23_1,Subang,-0.16980140145070133,-0.05401673998635215
IDN.9.24_1,Sukabumi,-0.19088285772040126,-0.10216208691362905
IDN.9.25_1,Sumedang,-0.16102328603226335,-0.06847453112545632
IDN.9.26_1,Tasikmalaya,-0.07855658404210825,0.02955904609898974
IDN.9.27_1,WadukCirata,-0.10833396292271524,-0.1371793410230946
IDN.10.1_1,Banjarnegara,-0.07488496418917973,-0.18346291261564623
IDN.10.2_1,Banyumas,-0.015963300622549192,0.008807950871141945
IDN.10.3_1,Batang,0.010693829715992254,-0.2174283086173326
IDN.10.4_1,Blora,-0.07293018561377446,0.03261004585948546
IDN.10.5_1,Boyolali,-0.15024097993649066,-0.08318069928357108
IDN.10.6_1,Brebes,-0.06497709756286157,0.008677220764804483
IDN.10.7_1,Cilacap,-0.13344847989230502,-0.017322093497281532
IDN.10.8_1,Demak,0.0033516825175676224,-0.09277085829202558
IDN.10.9_1,Grobogan,-0.11576779100823897,-0.11581480691235535
IDN.10.10_1,Jepara,0.12603057326895534,0.25451105920860617
IDN.10.11_1,Karanganyar,0.12311095156974139,0.0303113925180446
IDN.10.12_1,Kebumen,-0.09308313027894688,-0.09916260678729938
IDN.10.13_1,Kendal,0.00311374867352604,-0.2427670752976162
IDN.10.14_1,Klaten,-0.040569877437944546,-0.21950801897615702
IDN.10.15_1,KotaMagelang,1.113781897803848,0.01087100997772572
IDN.10.16_1,KotaPekalongan,1.113781897803848,0.01087100997772572
IDN.10.17_1,KotaSemarang,-0.42079162182399465,0.1923539452062053
IDN.10.18_1,KotaTegal,1.113781897803848,0.01087100997772572
IDN.10.19_1,Kudus,-0.21249825493138252,-0.019960374827648453
IDN.10.20_1,Magelang,-0.00924110610581469,-0.07848179361139984
IDN.10.21_1,Pati,0.022961097090061444,0.07286642674022381
IDN.10.22_1,Pekalongan,-0.010163127592990429,-0.23655493249573312
IDN.10.23_1,Pemalang,0.02730629655442196,0.12197926876282228
IDN.10.24_1,Purbalingga,0.02965191045996718,-0.2148698627053831
IDN.10.25_1,Purworejo,-0.10333126732934739,-0.005905598198769013
IDN.10.26_1,Rembang,-0.2099216437922874,-0.06807350628512143
IDN.10.27_1,Salatiga,-0.0595478893440991,-0.1723676398627378
IDN.10.28_1,Semarang,-0.05620593453577016,-0.17245504247244675
IDN.10.29_1,Sragen,-0.062183672271226065,0.10156309057460489
IDN.10.30_1,Sukoharjo,0.07857078458309685,-0.19130369735268327
IDN.10.31_1,Surakarta,0.29525123627092575,-0.07937321521570595
IDN.10.32_1,Tegal,0.06841244260299367,0.028422949725831814
IDN.10.33_1,Temanggung,-0.04027759270981168,-0.15111186824729417
IDN.10.34_1,WadukKedungombo,1.113781897803848,0.01087100997772572
IDN.10.35_1,Wonogiri,-0.142196263426132,0.012411222541034439
IDN.10.36_1,Wonosobo,-0.09582938665250929,-0.13630773688809206
IDN.11.1_1,Bangkalan,-0.0999072867903319,-0.13472483036187
IDN.11.2_1,Banyuwangi,-0.06627220795825817,-0.1472506469600242
IDN.11.3_1,Batu,-0.04119357986960909,-0.19999806441190254
IDN.11.4_1,Blitar,0.014952159225189443,0.04811619306369952
IDN.11.5_1,Bojonegoro,-0.16383589946473942,-0.11012593782904878
IDN.11.6_1,Bondowoso,-0.03612173782289724,-0.21541633442314334
IDN.11.7_1,Gresik,-0.15378615394721318,-0.07153542706085436
IDN.11.8_1,Jember,-0.06979880674972205,-0.1278006900513845
IDN.11.9_1,Jombang,-0.1527776184114712,-0.0157697720077854
IDN.11.10_1,Kediri,-0.09360360028701842,-0.036733330660284724
IDN.11.11_1,KotaBlitar,1.113781897803848,0.01087100997772572
IDN.11.12_1,KotaKediri,0.04692002591562172,-0.2902227749290118
IDN.11.13_1,KotaMadiun,1.113781897803848,0.01087100997772572
IDN.11.14_1,KotaMalang,1.113781897803848,0.01087100997772572
IDN.11.15_1,KotaMojokerto,1.113781897803848,0.01087100997772572
IDN.11.16_1,KotaPasuruan,1.113781897803848,0.01087100997772572
IDN.11.17_1,KotaProbolinggo,1.113781897803848,0.01087100997772572
IDN.11.18_1,Lamongan,0.0021360670023171657,0.28718892326953716
IDN.11.19_1,Lumajang,-0.1053224060898621,-0.14202765808199513
IDN.11.20_1,Madiun,-0.06983191748919776,-0.1448209916858132
IDN.11.21_1,Magetan,0.04399746921459374,-0.16296732898915284
IDN.11.22_1,Malang,-0.017066570400666115,-0.1098739175807133
IDN.11.23_1,Mojokerto,-0.026122880775268476,0.01770566911412974
IDN.11.24_1,Nganjuk,-0.05052238966169237,-0.19554135146949264
IDN.11.25_1,Ngawi,-0.13694355234700928,-0.053712270411751195
IDN.11.26_1,Pacitan,0.03526705795825602,-0.1499905649749772
IDN.11.27_1,Pamekasan,-0.06483003856325387,-0.1732231692591995
IDN.11.28_1,Pasuruan,0.024361439497765813,-0.18996269889379142
IDN.11.29_1,Ponorogo,-0.07659957670075973,-0.06567322847130874
IDN.11.30_1,Probolinggo,-0.06752872235681412,-0.16419326206256063
IDN.11.31_1,Sampang,-0.22097005507806544,-0.0554753534767759
IDN.11.32_1,Sidoarjo,-0.17091817320442904,-0.0623431300277294
IDN.11.33_1,Situbondo,-0.1870021274832533,-0.10242671963860472
IDN.11.34_1,Sumenep,-0.07781617667501173,-0.02921629166926809
IDN.11.35_1,Surabaya,1.113781897803848,0.01087100997772572
IDN.11.36_1,Trenggalek,-0.02762383747289454,-0.10104988837613804
IDN.11.37_1,Tuban,-0.14841664994352954,-0.04645936127088135
IDN.11.38_1,Tulungagung,0.002829739499193906,-0.04978184576960287
IDN.12.1_1,Bengkayang,-0.03634294739709959,0.5177485864595814
IDN.12.2_1,KapuasHulu,-0.2586291573724142,0.24536962629254666
IDN.12.3_1,KayongUtara,-0.45794407934546866,0.22551762043781232
IDN.12.4_1,Ketapang,-0.3288051472958564,0.3535023656120002
IDN.12.5_1,KotaPontianak,1.113781897803848,0.01087100997772572
IDN.12.6_1,KubuRaya,-0.08694910526226068,0.5179577583894486
IDN.12.7_1,Landak,-0.32680662223118195,0.040133202461014594
IDN.12.8_1,Melawi,-0.3068838570258582,0.3907180065489204
IDN.12.9_1,Pontianak,1.113781897803848,0.01087100997772572
IDN.12.10_1,Sambas,-0.09675142816387272,0.5429794607831342
IDN.12.11_1,Sanggau,-0.32951369531104635,0.19808973315218015
IDN.12.12_1,Sekadau,-0.03343769660099749,0.5162784663843671
IDN.12.13_1,Singkawang,1.113781897803848,0.01087100997772572
IDN.12.14_1,Sintang,-0.17199195662917954,0.4553252898492177
IDN.13.1_1,Balangan,0.29797584845876135,0.8292776312585197
IDN.13.3_1,Banjar,-0.20492994467306436,-0.013757557950095811
IDN.13.2_1,BanjarBaru,1.113781897803848,0.01087100997772572
IDN.13.4_1,Banjarmasin,1.113781897803848,0.01087100997772572
IDN.13.5_1,BaritoKuala,0.08719992609359395,0.7272260115391509
IDN.13.6_1,HuluSungaiSelatan,-0.21156335698505213,0.2506777003312768
IDN.13.7_1,HuluSungaiTengah,-0.1935467059917132,-0.01458767695892349
IDN.13.8_1,HuluSungaiUtara,-0.027762608481527506,0.5749681687579393
IDN.13.9_1,KotaBaru,-0.41063067748477977,0.16024964922480833
IDN.13.10_1,Tabalong,-0.1459086265812486,-0.09422562792943512
IDN.13.11_1,TanahBumbu,-0.2671138894288909,0.30831402748209236
IDN.13.12_1,TanahLaut,-0.3147118874573175,0.19726894622380975
IDN.13.13_1,Tapin,-0.4629583662694723,0.2353346882252496
IDN.14.1_1,BaritoSelatan,-0.024611414374227092,0.2821815872753568
IDN.14.2_1,BaritoTimur,-0.19630595131265427,-0.03646525918320476
IDN.14.3_1,BaritoUtara,-0.4110834303964229,0.15027766545797805
IDN.14.4_1,GunungMas,-0.2735363959666359,0.3550481105223653
IDN.14.5_1,Kapuas,-0.4070240417291917,0.28335219257432176
IDN.14.6_1,Katingan,0.06668051089077776,0.4447336275270064
IDN.14.7_1,KotawaringinBarat,0.021597300786062867,0.44372099622987005
IDN.14.8_1,KotawaringinTimur,0.042097613070244566,0.537269495662996
IDN.14.9_1,Lamandau,-0.4051669624105947,0.1673920680313571
IDN.14.10_1,MurungRaya,-0.4228461291628416,0.21115748748415497
IDN.14.11_1,PalangkaRaya,-0.22519198310118682,0.003951771175680352
IDN.14.12_1,PulangPisau,-0.23214588531935654,0.3246707768706616
IDN.14.13_1,Seruyan,-0.11129615232579515,0.44021932756914306
IDN.14.14_1,Sukamara,-0.46371265566264663,0.2361035386308562
IDN.34.1_1,Balikpapan,-0.41262145087591007,0.18402605500364666
IDN.34.2_1,Berau,-0.31200084302412356,0.0714027545662711
IDN.34.3_1,Bontang,1.113781897803848,0.01087100997772572
IDN.34.5_1,KutaiBarat,-0.3657825442847047,0.2482696731504117
IDN.34.6_1,KutaiKartanegara,-0.3337182994247596,0.27824142207716385
IDN.34.7_1,KutaiTimur,-0.2848197078795145,0.07395665228830772
IDN.34.10_1,Paser,-0.3105536649227205,0.13467651753765775
IDN.34.11_1,PenajamPaserUtara,-0.2754870382221005,0.04242849434392382
IDN.34.12_1,Samarinda,1.113781897803848,0.01087100997772572
IDN.35.4,Bulungan,-0.2351045542948199,0.07817844354952252
IDN.35.8,Malinau,-0.2951539367256675,0.2208217142404898
IDN.35.9,Nunukan,-0.26256494069935155,0.12235449118254571
IDN.35.13,TanaTidung,-0.3513757748950217,0.0885746269397657
IDN.35.14,Tarakan,-0.09956631443939634,-0.10335822109326276
IDN.16.1_1,Batam,1.113781897803848,0.01087100997772572
IDN.16.2_1,Bintan,1.113781897803848,0.01087100997772572
IDN.16.3_1,Karimun,1.113781897803848,0.01087100997772572
IDN.16.4_1,KepulauanAnambas,1.113781897803848,0.01087100997772572
IDN.16.5_1,Lingga,-0.27875557903197135,0.2430558184133792
IDN.16.6_1,Natuna,1.113781897803848,0.01087100997772572
IDN.16.7_1,Tanjungpinang,1.113781897803848,0.01087100997772572
IDN.17.1_1,BandarLampung,0.010430721384238784,-0.24719283416321758
IDN.17.2_1,LampungBarat,-0.15835659873496366,-0.07982901384359631
IDN.17.3_1,LampungSelatan,-0.22308777531700297,0.0914233861741457
IDN.17.4_1,LampungTengah,-0.11547193892618357,0.07242437334066698
IDN.17.5_1,LampungTimur,-0.21500490122469074,0.11993484578662572
IDN.17.6_1,LampungUtara,0.022311354576899145,0.11392677249119587
IDN.17.7_1,Mesuji,-0.3088550364435868,0.07825650481961155
IDN.17.8_1,Metro,1.113781897803848,0.01087100997772572
IDN.17.9_1,Pesawaran,-0.07779137698812227,-0.06630740235973587
IDN.17.10_1,Pringsewu,-0.07928785509401848,0.09436598881215186
IDN.17.11_1,Tanggamus,-0.15437573998190435,-0.0706146837992857
IDN.17.12_1,TulangBawangBarat,-0.26841231839485546,0.038458694734824106
IDN.17.13_1,Tulangbawang,-0.21413544789647299,0.31369127225558113
IDN.17.14_1,WayKanan,0.029285972619187695,0.20185739599025365
IDN.19.1_1,Ambon,-0.08741402256720848,-0.17165261600250997
IDN.19.3_1,Buru,-0.15355117561389997,-0.07106438305235618
IDN.19.2_1,BuruSelatan,-0.16941621354051517,-0.009045606352183655
IDN.19.4_1,KepulauanAru,1.113781897803848,0.01087100997772572
IDN.19.5_1,MalukuBaratDaya,-0.09530966607047986,0.2663099166944458
IDN.19.6_1,MalukuTengah,-0.2421919746926794,-0.11135146202962043
IDN.19.8_1,MalukuTenggara,-0.17859925229853213,-0.046448622483024615
IDN.19.7_1,MalukuTenggaraBarat,-0.27420859243668916,0.13450800238218796
IDN.19.9_1,SeramBagianBarat,-0.2552383341280977,-0.09750870508728104
IDN.19.10_1,SeramBagianTimur,-0.1693027849400246,-0.06137492937450084
IDN.19.11_1,Tual,1.113781897803848,0.01087100997772572
IDN.18.1_1,HalmaheraBarat,-0.2598806344340694,-0.00818499937763939
IDN.18.2_1,HalmaheraSelatan,-0.3272338591942511,0.07251019853017593
IDN.18.3_1,HalmaheraTengah,-0.1294804254714228,-0.11388142995826356
IDN.18.4_1,HalmaheraTimur,-0.19426923560060338,-0.0598527853193338
IDN.18.5_1,HalmaheraUtara,-0.19433597540479197,-0.06524367837205702
IDN.18.6_1,KepulauanSula,-0.22249541886499302,0.01811563157294438
IDN.18.7_1,PulauMorotai,-0.07222480378285967,0.14952703519863042
IDN.18.8_1,Ternate,-0.2250619024980659,-0.011360922176690491
IDN.18.9_1,TidoreKepulauan,-0.11543529246466788,-0.08741333424024533
IDN.20.1_1,Bima,-0.10949532613940571,-0.0846006493298751
IDN.20.2_1,Dompu,-0.13892993834320355,-0.012816973842024959
IDN.20.3_1,KotaBima,0.042573729219359424,-0.050324952557177505
IDN.20.4_1,LombokBarat,-0.04396440929570328,-0.0985693752981548
IDN.20.5_1,LombokTengah,-0.06905390589685684,-0.14869658051237455
IDN.20.6_1,LombokTimur,-0.16273837134118752,-0.1268422020745077
IDN.20.7_1,LombokUtara,-0.15616185155654894,-0.1087055575720064
IDN.20.8_1,Mataram,-0.030498140280337593,-0.1898283557045552
IDN.20.10_1,Sumbawa,-0.14586893714707938,-0.08971981610235436
IDN.20.9_1,SumbawaBarat,-0.09252281163822762,-0.17458570871829887
IDN.21.1_1,Alor,-0.25181628298812564,-0.02354936255592799
IDN.21.2_1,Belu,-0.16012403792517227,-0.10087757415092369
IDN.21.3_1,Ende,-0.12402662357285188,-0.09872255776575689
IDN.21.4_1,FloresTimur,-0.05806703163244775,-0.01925781607622601
IDN.21.5_1,KotaKupang,-0.16149930628624032,-0.08222930943889617
IDN.21.6_1,Kupang,-0.24692344956925283,-0.04509896691057458
IDN.21.7_1,Lembata,-0.06075777203534971,-0.032152236176574034
IDN.21.10_1,Manggarai,-0.15708355011207498,-0.017197788473540476
IDN.21.8_1,ManggaraiBarat,-0.0879982912251524,0.03825491614116927
IDN.21.9_1,ManggaraiTimur,-0.13978560934444162,0.019703248083710267
IDN.21.11_1,Nagekeo,-0.03199086453717309,0.05792644995025653
IDN.21.12_1,Ngada,-0.018443815081372494,0.030736344950124117
IDN.21.13_1,RoteNdao,-0.1019309516909368,-0.1312806823035121
IDN.21.14_1,SabuRaijua,-0.048444441762834634,-0.08567741369355242
IDN.21.15_1,Sikka,-0.09004960302055576,-0.023130606835396472
IDN.21.17_1,SumbaBarat,-0.1323977847751362,-0.10310511252319265
IDN.21.16_1,SumbaBaratDaya,-0.1984902213915879,-0.0679280127436338
IDN.21.18_1,SumbaTengah,-0.14468174035572745,-0.08610120274837985
IDN.21.19_1,SumbaTimur,-0.18429520688523426,-0.08055882926812252
IDN.21.20_1,TimorTengahSelatan,-0.14614700268151737,-0.11428489322758473
IDN.21.21_1,TimorTengahUtara,-0.15059270973749894,-0.11799891243112104
IDN.23.1_1,Asmat,-0.3145475126629206,0.08494277930739347
IDN.23.2_1,BiakNumfor,-0.1626825182617494,-0.04021842724009228
IDN.23.3_1,BovenDigoel,-0.3281060896155844,0.12852017134880278
IDN.23.4_1,Deiyai,-0.22426308887332635,0.025081687340035574
IDN.23.5_1,Dogiyai,-0.22985547318378385,-0.00904974068770903
IDN.23.6_1,IntanJaya,-0.1339733454614095,0.1055081483682122
IDN.23.7_1,Jayapura,-0.24920101390184757,-0.08418654627297872
IDN.23.8_1,Jayawijaya,-0.15927566010880723,0.0624918744279489
IDN.23.9_1,Keerom,-0.22375754172560802,-0.04203779193830082
IDN.23.10_1,KepulauanYapen,-0.20858907812695304,-0.07813055222169973
IDN.23.11_1,KotaJayapura,-0.20306359554182607,-0.0993546785284034
IDN.23.12_1,LannyJaya,-0.19790249971951124,0.06012881339725629
IDN.23.13_1,MamberamoRaya,-0.3545161720695873,0.04413209574872856
IDN.23.14_1,MamberamoTengah,-0.1942474159113139,0.03020367900988985
IDN.23.15_1,Mappi,1.113781897803848,0.01087100997772572
IDN.23.16_1,Merauke,-0.10815579148245624,0.46934894874781774
IDN.23.17_1,Mimika,-0.22312043158336803,0.02290457458700057
IDN.23.18_1,Nabire,-0.26496679728877626,-0.02051113950284411
IDN.23.19_1,Nduga,-0.19674510964558534,0.09949435636526038
IDN.23.20_1,Paniai,-0.15903201198784045,0.07624260572641017
IDN.23.21_1,PegununganBintang,-0.2813920409220477,0.09040758679452388
IDN.23.23_1,Puncak,-0.18506606128283054,0.10273116053223985
IDN.23.22_1,PuncakJaya,-0.2116223252295878,0.06451783435635805
IDN.23.24_1,Sarmi,-0.316906215784988,0.005625861267941179
IDN.23.25_1,Supiori,-0.22108204338878779,-0.023892637744654666
IDN.23.26_1,Tolikara,-0.35538681519065607,0.1723152090725122
IDN.23.27_1,Waropen,-0.30528012256145975,0.06856061400427171
IDN.23.28_1,Yahukimo,-0.22685161111853602,0.016406725096290153
IDN.23.29_1,Yalimo,-0.21456857219178915,0.033159504541945495
IDN.22.1_1,Fakfak,-0.09027447510164688,-0.029538014088573483
IDN.22.2_1,Kaimana,-0.2301040589091885,-0.02856699141472474
IDN.22.3_1,KotaSorong,-0.13084100218668404,-0.134842828510093
IDN.22.4_1,Manokwari,-0.3690391518618513,0.019939862849418066
IDN.22.5_1,Maybrat,-0.19269823989567025,-0.0426727687555466
IDN.22.6_1,RajaAmpat,-0.1648375255156892,-0.044466571587028714
IDN.22.8_1,Sorong,-0.2035557140019011,-0.06847748327608949
IDN.22.7_1,SorongSelatan,-0.15420380984394233,-0.038405907324514654
IDN.22.9_1,Tambrauw,-0.4203065006354546,0.09167658160267789
IDN.22.10_1,TelukBintuni,-0.1937354497678737,-0.09040657669757435
IDN.22.11_1,TelukWondama,-0.1961773315239056,-0.06615400489874212
IDN.24.1_1,Bengkalis,-0.2696197910151952,0.017468449390998564
IDN.24.2_1,Dumai,1.113781897803848,0.01087100997772572
IDN.24.3_1,IndragiriHilir,-0.2983562071142366,0.23952108229430846
IDN.24.4_1,IndragiriHulu,-0.1701484013124701,0.10772151212729875
IDN.24.5_1,Kampar,-0.1951252377649484,0.11387851288360928
IDN.24.6_1,KepulauanMeranti,1.113781897803848,0.01087100997772572
IDN.24.7_1,KuantanSingingi,-0.12274037287347583,0.08503884307019871
IDN.24.8_1,Pekanbaru,-0.34661390978581974,0.11397250582139384
IDN.24.9_1,Pelalawan,-0.1072883339468762,0.3110353310343572
IDN.24.10_1,RokanHilir,-0.22331652654941214,0.18977334537083812
IDN.24.11_1,RokanHulu,0.027890752531363527,0.1530789243219599
IDN.24.12_1,Siak,-0.21294836379526538,0.18350585262896102
IDN.25.1_1,Majene,-0.2875972049487191,-0.023672537806293192
IDN.25.2_1,Mamasa,-0.20939134166462614,-0.1504038234699343
IDN.25.4_1,Mamuju,-0.20014818219524289,-0.0991366798975497
IDN.25.3_1,MamujuUtara,-0.2116418781713022,-0.08083976632631917
IDN.25.5_1,PolewaliMandar,-0.08090691953654056,-0.13241453573595063
IDN.26.1_1,Bantaeng,-0.16645880237656696,-0.09401169015920574
IDN.26.2_1,Barru,0.02473084171205092,-0.2806468413823429
IDN.26.3_1,Bone,-0.17069755599674608,-0.0966135997409302
IDN.26.4_1,Bulukumba,-0.06530756678617589,-0.18403997560162755
IDN.26.5_1,Enrekang,-0.0545637810289642,-0.22251401007468957
IDN.26.6_1,Gowa,-0.07054081939220064,-0.1672843220963598
IDN.26.7_1,Jeneponto,0.010542194887581846,-0.24730645958210223
IDN.26.8_1,KepulauanSelayar,-0.003286502863069418,0.001069302691367735
IDN.26.11_1,Luwu,-0.20416515450473405,-0.04564734652103197
IDN.26.9_1,LuwuTimur,-0.17954226787025485,-0.273418831016975
IDN.26.10_1,LuwuUtara,-0.16506074457861064,-0.14014179528754322
IDN.26.12_1,Makassar,1.113781897803848,0.01087100997772572
IDN.26.13_1,Maros,-0.0028584736313468917,-0.3015116133154576
IDN.26.14_1,Palopo,0.12070643336427922,-0.37156271965161614
IDN.26.15_1,PangkajeneDanKepulauan,0.07487499016986515,-0.3418175887918278
IDN.26.16_1,Parepare,0.03020923134329473,-0.26735315398465836
IDN.26.17_1,Pinrang,-0.19570597795502953,-0.12938932026205718
IDN.26.18_1,SidenrengRappang,-0.11162573718285818,-0.1814488652234456
IDN.26.19_1,Sinjai,-0.1442772968501842,-0.08949828927566461
IDN.26.20_1,Soppeng,-0.03843809480004945,-0.24950310980063273
IDN.26.21_1,Takalar,1.113781897803848,0.01087100997772572
IDN.26.22_1,TanaToraja,-0.12121791188880893,-0.1663607976528007
IDN.26.23_1,TorajaUtara,-0.143499858078174,-0.1356444053785235
IDN.26.24_1,Wajo,-0.08979450330374261,-0.18373882061786156
IDN.27.2_1,Banggai,-0.2235309728628564,-0.047474053691729634
IDN.27.1_1,BanggaiKepulauan,-0.223521951306352,-0.0243191209923177
IDN.27.3_1,Buol,-0.16028208841792668,-0.11280873445769202
IDN.27.4_1,Donggala,-0.18412830007966385,-0.11361314188846361
IDN.27.5_1,Morowali,-0.26626286340086736,-0.07440820901263034
IDN.27.6_1,Palu,-0.14493807727771912,-0.14447516100271962
IDN.27.7_1,ParigiMoutong,-0.19524817675219885,-0.08914697178137598
IDN.27.8_1,Poso,-0.28456311534752465,-0.2078491832702435
IDN.27.9_1,Sigi,-0.2552002138393833,-0.13507735227292328
IDN.27.10_1,TojoUna-Una,-0.21301748072664783,-0.09755630195685605
IDN.27.11_1,Toli-Toli,-0.1536071486644338,-0.11238862174142261
IDN.28.1_1,Bau-Bau,-0.028728687455234214,-0.19708846892190246
IDN.28.2_1,Bombana,-0.07597543785210648,-0.10821861186393533
IDN.28.4_1,Buton,-0.3297208982493107,0.09255987733895021
IDN.28.3_1,ButonUtara,-0.24846958319294277,-0.030061963759981714
IDN.28.5_1,Kendari,-0.14026473289099595,-0.1243730103095545
IDN.28.7_1,Kolaka,-0.24818947725739526,-0.11096971759554841
IDN.28.6_1,KolakaUtara,-0.013450259554718846,-0.25349604017915867
IDN.28.10_1,Konawe,-0.1398505213184128,-0.14854182720391695
IDN.28.8_1,KonaweSelatan,-0.19877959616461238,-0.07835345512270742
IDN.28.9_1,KonaweUtara,-0.1219589849701257,-0.12109795815455004
IDN.28.11_1,Muna,-0.131958614635462,-0.09785958197768829
IDN.28.12_1,Wakatobi,-0.3000208904566296,0.069251822019186
IDN.29.1_1,Bitung,-0.10477694773917512,0.05513980677074459
IDN.29.5_1,BolaangMongondow,0.04820546865359965,0.18371554760183384
IDN.29.2_1,BolaangMongondowSelatan,0.04267935899650521,0.19988727442293786
IDN.29.3_1,BolaangMongondowTimur,-0.12902098364565684,-0.006946938432332406
IDN.29.4_1,BolaangMongondowUtara,-0.07240048797208065,0.01275570041330465
IDN.29.6_1,KepulauanSangihe,-0.11248913663156479,0.07674279745433688
IDN.29.7_1,KepulauanTalaud,-0.3008845331966109,0.05563547521443157
IDN.29.8_1,Kotamobagu,0.18484253762852326,0.06798868874703701
IDN.29.9_1,Manado,0.049597255582687905,0.12012596599635617
IDN.29.13_1,Minahasa,-0.06289829408471731,0.23504961524671164
IDN.29.10_1,MinahasaSelatan,-0.005855570025204426,0.12555909374748087
IDN.29.11_1,MinahasaTenggara,-0.11114506852421557,0.11370158658997209
IDN.29.12_1,MinahasaUtara,-0.02700816596729333,0.14942983544771504
IDN.29.14_1,SiauTagulandangBiaro,-0.06991266354364667,0.03722521635553522
IDN.29.15_1,Tomohon,0.0009652762823991745,0.011376273871833043
IDN.30.1_1,Agam,-0.22071521880947498,-0.1216320844367812
IDN.30.2_1,Bukittinggi,-0.08697796719398837,-0.1676364285698697
IDN.30.3_1,Danau,-0.17033533569465464,-0.12250080422934195
IDN.30.4_1,Dharmasraya,-0.009086187582851069,0.06280493178653057
IDN.30.5_1,KepulauanMentawai,-0.2811008448567649,0.03693510689732149
IDN.30.6_1,KotaSolok,0.007739428088819222,-0.014008721399055957
IDN.30.7_1,LimaPuluhKota,-0.06288558222546875,0.0391064235661468
IDN.30.10_1,Padang,-0.06180525338718379,-0.07601636870351303
IDN.30.8_1,PadangPanjang,1.113781897803848,0.01087100997772572
IDN.30.9_1,PadangPariaman,-0.07585705264833154,-0.1484697054969909
IDN.30.11_1,Pariaman,1.113781897803848,0.01087100997772572
IDN.30.13_1,Pasaman,-0.13051205084084883,-0.0940624131898864
IDN.30.12_1,PasamanBarat,-0.22041791570989144,-0.04755493515700404
IDN.30.14_1,Payakumbuh,1.113781897803848,0.01087100997772572
IDN.30.15_1,PesisirSelatan,-0.17436535199288505,-0.03336760753085766
IDN.30.16_1,Sawahlunto,-0.11259092693547312,0.2759884865071063
IDN.30.17_1,Sijunjung,-0.036094950772893764,0.05042437667209587
IDN.30.19_1,Solok,-0.11720851826198653,-0.1712087711058743
IDN.30.18_1,SolokSelatan,-0.15674060666127232,0.011561440182999871
IDN.30.20_1,TanahDatar,-0.12482164374380689,-0.11019444589317184
IDN.31.1_1,BanyuAsin,-0.27743701399510234,0.13578690211278688
IDN.31.2_1,EmpatLawang,-0.06015123322367277,-0.0908912921859254
IDN.31.3_1,Lahat,-0.17844499493557675,-0.05082778929704135
IDN.31.4_1,Lubuklinggau,0.025877572872089916,0.171934857330153
IDN.31.5_1,MuaraEnim,-0.14835971157961536,-0.01784567472456844
IDN.31.6_1,MusiBanyuasin,-0.17003187396597785,0.17350315521234994
IDN.31.7_1,MusiRawas,-0.05984296693893976,0.14940080657545451
IDN.31.8_1,OganIlir,-0.3494161625171235,0.11848050675757904
IDN.31.9_1,OganKomeringIlir,-0.2965946481843966,0.1264297080691833
IDN.31.12_1,OganKomeringUlu,-0.11518569387953048,-0.05425660658485609
IDN.31.10_1,OganKomeringUluSelatan,-0.1097104572894434,-0.06729957653015883
IDN.31.11_1,OganKomeringUluTimur,-0.008682577900696709,0.0036122013400569086
IDN.31.13_1,PagarAlam,-0.07453711413442632,0.005888036956886
IDN.31.14_1,Palembang,1.113781897803848,0.01087100997772572
IDN.31.15_1,Prabumulih,0.02941075450003272,0.025208130841930187
IDN.32.1_1,Asahan,0.10668686207777628,0.03272300254912275
IDN.32.2_1,BatuBara,0.4492000585983532,0.5872559754161144
IDN.32.3_1,Dairi,-0.10371308747108121,-0.14214925904994857
IDN.32.4_1,DeliSerdang,-0.1385456801492987,-0.1473675996959316
IDN.32.5_1,Gunungsitoli,-0.10185727707384651,-0.1066478577387251
IDN.32.6_1,HumbangHasundutan,-0.09425672426420062,-0.05239907804624855
IDN.32.7_1,Karo,-0.1484498228349117,-0.1341291796022639
IDN.32.8_1,KotaBinjai,1.113781897803848,0.01087100997772572
IDN.32.9_1,KotaMedan,0.10498807736229349,-0.23384180595357107
IDN.32.10_1,KotaTanjungbalai,1.113781897803848,0.01087100997772572
IDN.32.13_1,Labuhanbatu,1.113781897803848,0.01087100997772572
IDN.32.11_1,LabuhanbatuSelatan,-0.11497616632277319,-0.11729931116732129
IDN.32.12_1,LabuhanbatuUtara,-0.17455392202831055,0.06545186104392753
IDN.32.14_1,LakeToba,-0.05456680579040901,-0.011491130386677373
IDN.32.15_1,Langkat,-0.16343216676932681,-0.07432665499746238
IDN.32.16_1,MandailingNatal,-0.17772048130988982,-0.01449912000717457
IDN.32.20_1,Nias,-0.10787577061947073,-0.11168719473973687
IDN.32.17_1,NiasBarat,-0.161218216284867,-0.0787350089703891
IDN.32.18_1,NiasSelatan,-0.19759363757292692,-0.05392892571110619
IDN.32.19_1,NiasUtara,-0.16626557251345175,-0.052670743926441665
IDN.32.22_1,PadangLawas,-0.07212013864735717,0.07275517011800092
IDN.32.21_1,PadangLawasUtara,-0.05302288596736715,0.09372046247564425
IDN.32.23_1,Padangsidimpuan,-0.16344185247727006,-0.1032736685915453
IDN.32.24_1,PakpakBarat,0.011385638229288675,-0.1594216514147322
IDN.32.25_1,Pematangsiantar,0.05960508275333659,0.13353107488143523
IDN.32.26_1,Samosir,-0.12211362543275983,-0.13752231949381621
IDN.32.27_1,SerdangBedagai,-0.008250390338457314,0.2567185205668111
IDN.32.28_1,Sibolga,0.020583537663397766,-0.22736486316366122
IDN.32.29_1,Simalungun,-0.07176903432404586,0.029556195101870242
IDN.32.30_1,TapanuliSelatan,-0.13712567603051595,-0.018320241081775768
IDN.32.31_1,TapanuliTengah,-0.11955948264353533,-0.003952882363519428
IDN.32.32_1,TapanuliUtara,-0.19526181164413314,-0.05879031413703473
IDN.32.33_1,Tebingtinggi,1.113781897803848,0.01087100997772572
IDN.32.34_1,TobaSamosir,-0.09288695171389949,0.12039311274210807
IDN.33.1_1,Bantul,-0.13525296072453985,-0.17495972564791612
IDN.33.2_1,GunungKidul,-0.12975804440956829,-0.1511441084044114
IDN.33.3_1,KotaYogyakarta,1.113781897803848,0.01087100997772572
IDN.33.4_1,KulonProgo,0.3310526095992276,0.22156555984078607
IDN.33.5_1,Sleman,-0.12095450469229396,-0.17008197355123456
