id_kabupaten,nama_kabupaten,luas_wilayah_km2,frekuensi_gempa,mag_max,mag_mean,depth_mean,cluster_label,risk_score,risk_level,PC1,PC2
IDN.1.2_1,AcehBarat,0.06327991466758061,0.14500683994528044,0.6954937932867185,0.5284007946444117,0.031299708783006634,2,0.25834684220986043,Sedang,0.06559629916592014,-0.14906805117907007
IDN.1.1_1,AcehBaratDaya,0.04247545586591918,0.022343821249430004,0.5758907864870849,0.524422533718211,0.08790597951242754,2,0.25834684220986043,Sedang,-0.015075206988279577,-0.01418565980876399
IDN.1.3_1,AcehBesar,0.06557949840450049,0.05471956224350205,0.6409452801170444,0.5478916620412031,0.04998378728923476,2,0.25834684220986043,Sedang,0.04303526682106118,-0.07992863434277535
IDN.1.4_1,AcehJaya,0.08714983686326687,0.04240766073871409,0.7433944549056153,0.555719101906122,0.0918371616250366,2,0.25834684220986043,Sedang,0.1290321528368189,-0.08264312207939306
IDN.1.5_1,AcehSelatan,0.09470253703253345,0.06292749658002736,0.6406680933181503,0.5001701734450483,0.06496362713584841,2,0.25834684220986043,Sedang,0.018456067043286617,-0.08619950017782604
IDN.1.6_1,AcehSingkil,0.042750055317338546,0.013679890560875513,0.6098998892778456,0.5282858484858323,0.10214007782101167,2,0.25834684220986043,Sedang,0.012993189784981873,-0.011628266420265168
IDN.1.7_1,AcehTamiang,0.04885886145772365,0.0013679890560875513,0.42907712059695974,0.5433500536116259,0.02529182879377432,2,0.25834684220986043,Sedang,-0.1126408741849585,-0.0009211100502464348
IDN.1.8_1,AcehTengah,0.1060205940111833,0.0506155950752394,0.636272116972067,0.5323756166752989,0.08023977284677673,2,0.25834684220986043,Sedang,0.04221874929650271,-0.06358501397518432
IDN.1.9_1,AcehTenggara,0.0939310911169624,0.0506155950752394,0.6085829243211042,0.5188197167977072,0.08241315245206296,2,0.25834684220986043,Sedang,0.012428114404847479,-0.05185885625143977
IDN.1.10_1,AcehTimur,0.12235315126348845,0.04103967168262654,0.6246813388549571,0.4459349613059772,0.032317336792044966,2,0.25834684220986043,Sedang,-0.03166759479110581,-0.11655970461738292
IDN.1.11_1,AcehUtara,0.06109918940894836,0.006839945280437756,0.5416232287740329,0.5065487309272559,0.043839169909208824,2,0.25834684220986043,Sedang,-0.056099698078865945,-0.03974181381312675
IDN.1.12_1,BandaAceh,0.0011401356441385875,0.00045599635202918376,0.4036187531849018,0.5315833392673237,0.019455252918287938,2,0.25834684220986043,Sedang,-0.14774890124477325,0.011348675398541813
IDN.1.13_1,BenerMeriah,0.043366863376475745,0.041951664386684906,0.6166185064550715,0.4655477371196999,0.020005075283369988,2,0.25834684220986043,Sedang,-0.040308075578359026,-0.1037659939818044
IDN.1.14_1,Bireuen,0.03981366127862796,0.012311901504787962,0.5951363178908181,0.5350543856556,0.06557140798385934,2,0.25834684220986043,Sedang,0.00010179150269429282,-0.033503919861009285
IDN.1.15_1,GayoLues,0.12263546929369466,0.10077519379844961,0.6343311857558597,0.5299947745083364,0.04165712977798123,2,0.25834684220986043,Sedang,0.03667134407133532,-0.1148575419133744
IDN.1.16_1,Langsa,0.0042372291566407354,0.00045599635202918376,0.46384792499424093,0.6109077611854664,0.019455252918287938,2,0.25834684220986043,Sedang,-0.05195182123032771,0.004816558787145736
IDN.1.17_1,Lhokseumawe,0.0029297850360545546,0.00045599635202918376,0.4268915498549366,0.5622346181544547,0.038910505836575876,2,0.25834684220986043,Sedang,-0.1068940008458189,0.024582262652130253
IDN.1.18_1,NaganRaya,0.07697942456212861,0.084359325125399,0.6550223651719946,0.5370277087589698,0.04260174571458618,2,0.25834684220986043,Sedang,0.04675723704987511,-0.10561727721953441
IDN.1.20_1,Pidie,0.06704917585226926,0.20884632922936616,0.6801644847548644,0.5217725765478038,0.02712266154656517,2,0.25834684220986043,Sedang,0.05283859685572667,-0.17008251953611886
IDN.1.19_1,PidieJaya,0.021658616130831133,0.04696762425900593,0.6850196386546784,0.5533028108664086,0.027709568962260588,2,0.25834684220986043,Sedang,0.06394422330049798,-0.10192329980794913
IDN.1.21_1,Sabang,0.0026331920523980906,0.007751937984496124,0.45810518400827194,0.4535002641328481,0.03765163653009842,2,0.25834684220986043,Sedang,-0.16074459130923602,-0.0131448825752105
IDN.1.22_1,Simeulue,0.04106059289885603,0.03556771545827633,0.7213520486734403,0.6308778261934476,0.04118028534370947,0,0.3700323617136747,Tinggi,0.14756857691893843,-0.0884452275015415
IDN.1.23_1,Subulussalam,0.02570682682216454,0.008207934336525308,0.8407993070367612,0.48860499403247265,0.10624729788153914,2,0.25834684220986043,Sedang,0.13888234644916275,-0.09739753984364376
IDN.2.1_1,Badung,0.008902201749754186,0.005015959872321021,0.42633637002578034,0.42631078719461907,0.1544039617969579,2,0.25834684220986043,Sedang,-0.17745749528584132,0.08794676106618077
IDN.2.2_1,Bangli,0.011762084427428078,0.0196078431372549,0.5884558576916348,0.46777548328201823,0.09039905890869605,2,0.25834684220986043,Sedang,-0.05081236201356232,-0.021516823043871487
IDN.2.3_1,Buleleng,0.029969562748039576,0.060191518467852256,0.7097616743680234,0.477880697135837,0.046294658648744255,2,0.25834684220986043,Sedang,0.034246400736228866,-0.11780181877657743
IDN.2.4_1,Denpasar,0.0026810119192268557,0.00364797081623347,0.42022389571281665,0.43789706569802384,0.15345330739299612,2,0.25834684220986043,Sedang,-0.17496568468023443,0.09358659711889769
IDN.2.5_1,Gianyar,0.008187187568574568,0.005927952576379389,0.6308712919897641,0.5586615388217157,0.14666267584555523,2,0.25834684220986043,Sedang,0.050021570599328324,0.03281912862515078
IDN.2.6_1,Jembrana,0.01928437174070451,0.010031919744642043,0.5455935765860518,0.4900712678930811,0.09029006013441811,2,0.25834684220986043,Sedang,-0.0633583199271941,0.0006822586750438661
IDN.2.7_1,Karangasem,0.019093599925190115,0.21203830369357046,0.648215259198394,0.47283619739285765,0.03081461026735283,2,0.25834684220986043,Sedang,-0.010308994361155732,-0.15668787002755513
IDN.2.8_1,Klungkung,0.007048286073516953,0.005927952576379389,0.4848129398632759,0.49145228171815386,0.1450164621370847,2,0.25834684220986043,Sedang,-0.0952763567460101,0.07214920840921857
IDN.2.9_1,Tabanan,0.01940450905940168,0.020063839489284085,0.5781613249798709,0.4544484336847293,0.10815351963211886,2,0.25834684220986043,Sedang,-0.06211892279835951,-0.007673116003147809
IDN.3.4_1,Bangka,0.06847534179240831,0.00045599635202918376,0.7061881917008622,0.9300803645353013,0.07587548638132297,0,0.3700323617136747,Tinggi,0.3537442550700902,0.01406348176897989
IDN.3.1_1,BangkaBarat,0.064710950648213,0.001823985408116735,0.7247297308839074,0.8681747780523322,0.017023346303501947,0,0.3700323617136747,Tinggi,0.31170468111105154,-0.05349503541192298
IDN.3.2_1,BangkaSelatan,0.0811381346941125,0.00045599635202918376,0.6683239118374946,0.8802114717499836,0.019455252918287938,0,0.3700323617136747,Tinggi,0.2853601789650533,-0.0308438032115555
IDN.3.3_1,BangkaTengah,0.049695127632482274,0.00045599635202918376,0.7055019684601388,0.9291765788739361,0.019455252918287938,0,0.3700323617136747,Tinggi,0.338421971487445,-0.028101081971977276
IDN.3.6_1,Belitung,0.05176387991281757,0.0009119927040583675,0.7279185479231789,0.8976924344576478,0.6780155642023347,0,0.3700323617136747,Tinggi,0.4585360003903718,0.49386681042552766
IDN.3.5_1,BelitungTimur,0.05715943487611482,0.0009119927040583675,0.7256426919226079,0.8687558324243058,0.2130350194552529,0,0.3700323617136747,Tinggi,0.3488992909282098,0.10809347028493482
IDN.3.7_1,Pangkalpinang,0.0022583948987583897,0.0,0.0,0.0,0.0,1,0.004851914875630412,Rendah,-0.7894870480729762,0.03495333266245719
IDN.4.1_1,Cilegon,0.003523698523051144,0.00045599635202918376,0.4832430174419586,0.6364519360470171,0.33463035019455256,2,0.25834684220986043,Sedang,0.03902106272801564,0.26028505849184547
IDN.4.2_1,KotaSerang,0.0058150591177478315,0.0009119927040583675,0.4876894432951471,0.5967772624914935,0.16926070038910507,2,0.25834684220986043,Sedang,-0.016573142518254036,0.11476429823280723
IDN.4.3_1,KotaTangerang,0.003921512433121129,0.0,0.0,0.0,0.0,1,0.004851914875630412,Rendah,-0.78918431419586,0.03461552906273989
IDN.4.4_1,Lebak,0.07500732505079204,0.06292749658002736,0.6765729209161225,0.551885749603382,0.13535498787571193,2,0.25834684220986043,Sedang,0.08818903866545014,-0.027345255874236904
IDN.4.5_1,Pandeglang,0.06295710686944761,0.030551755585955312,0.6457109851078808,0.5734818924471283,0.12811429235147223,2,0.25834684220986043,Sedang,0.07751742356655911,-0.004050839295464674
IDN.4.6_1,Serang,0.03295936714558909,0.005471956224350205,0.6242393328524846,0.6015772290011455,0.24773022049286642,2,0.25834684220986043,Sedang,0.09896954021284654,0.12185556221878797
IDN.4.8_1,Tangerang,0.023164399875090596,0.001823985408116735,0.5011602460309665,0.5834364324506962,0.4401750972762646,2,0.25834684220986043,Sedang,0.038465167288156965,0.3242308839748362
IDN.4.7_1,TangerangSelatan,0.003537217228718937,0.0,0.0,0.0,0.0,1,0.004851914875630412,Rendah,-0.7892542666645113,0.03469358506342471
IDN.5.4_1,Bengkulu,0.004024215320215523,0.00045599635202918376,0.4361167323838835,0.5743845821870764,0.11673151750972763,2,0.25834684220986043,Sedang,-0.07718571919212258,0.08696802667282444
IDN.5.1_1,BengkuluSelatan,0.02748271463465944,0.011855905152758778,0.7049185710392787,0.5963809836360978,0.17330140676444178,2,0.25834684220986043,Sedang,0.13475881102269205,0.02893270860891372
IDN.5.2_1,BengkuluTengah,0.023334506259179953,0.010487916096671226,0.5796236568311317,0.5810193164050613,0.10116731517509728,2,0.25834684220986043,Sedang,0.02504840807949793,0.014880099030992178
IDN.5.3_1,BengkuluUtara,0.09496504830815036,0.044231646146830825,0.6573081170267131,0.6107674412266312,0.12553652372738577,0,0.3700323617136747,Tinggi,0.11682569468022908,-0.01373460852548216
IDN.5.5_1,Kaur,0.05696483103151361,0.01459188326493388,0.625658121376313,0.566788978042789,0.11551556420233464,2,0.25834684220986043,Sedang,0.05531447729670513,-0.0017410791546470308
IDN.5.6_1,Kepahiang,0.01570315021899921,0.005471956224350205,0.6368966029603401,0.5664899451572933,0.06598573281452659,2,0.25834684220986043,Sedang,0.045356872217298894,-0.03501218682745155
IDN.5.7_1,Lebong,0.037420711919894926,0.0168718650250798,0.5659187570791601,0.5315186441269869,0.055841834051950784,2,0.25834684220986043,Sedang,-0.02417671860674253,-0.03231224982663623
IDN.5.8_1,Mukomuko,0.09553460052124303,0.03511171910624715,0.8596301054824124,0.5888802011137629,0.10356763858709384,0,0.3700323617136747,Tinggi,0.23377003867637525,-0.10878041451499863
IDN.5.9_1,RejangLebong,0.033671933726741196,0.018695850433196534,0.5692486123439531,0.542056991314213,0.06790357786846352,2,0.25834684220986043,Sedang,-0.01298038955479508,-0.021353717197358096
IDN.5.10_1,Seluma,0.05509783272852131,0.01823985408116735,0.6737208656184495,0.5606566396169529,0.10496108949416343,2,0.25834684220986043,Sedang,0.08127109851350411,-0.030390840176705944
IDN.6.1_1,Boalemo,0.04117363902842102,0.17054263565891473,0.7307240737622631,0.4780946142013203,0.1380802763270147,2,0.25834684220986043,Sedang,0.07207458577853221,-0.0895411352258936
IDN.6.2_1,BoneBolango,0.04252885439385184,0.021431828545371637,0.6624008564656948,0.5197590790639433,0.17298617435218147,2,0.25834684220986043,Sedang,0.05634790598408268,0.022305065180900155
IDN.6.3_1,DanauLimboto,0.0004133209281550332,0.0,0.0,0.0,0.0,1,0.004851914875630412,Rendah,-0.7898229031073596,0.0353280942870187
IDN.6.5_1,Gorontalo,0.04764859726075399,0.05699954400364797,0.7167213339706655,0.4450509724698262,0.08283268482490272,2,0.25834684220986043,Sedang,0.02644806700791391,-0.09996321226190623
IDN.6.4_1,GorontaloUtara,0.038073849684515534,0.052895576835385316,0.6269108224418503,0.49554073374543595,0.07371192808265128,2,0.25834684220986043,Sedang,-0.0029946061013160774,-0.06006602143032892
IDN.6.6_1,KotaGorontalo,0.0012674250708994937,0.002279981760145919,0.6810259636623871,0.561877606124753,0.1369649805447471,2,0.25834684220986043,Sedang,0.08281177513998084,0.009486058486242618
IDN.6.7_1,Pohuwato,0.09762646864723692,0.2384860921112631,0.755048750539324,0.4740929938294209,0.14049073364531178,2,0.25834684220986043,Sedang,0.09886607877021147,-0.13148196193125872
IDN.7.1_1,JakartaBarat,0.0026392113381451497,0.0,0.0,0.0,0.0,1,0.004851914875630412,Rendah,-0.7894177288367928,0.0348759832500444
IDN.7.2_1,JakartaPusat,0.0008897820614601593,0.0,0.0,0.0,0.0,1,0.004851914875630412,Rendah,-0.7897361738635146,0.03523131803240629
IDN.7.3_1,JakartaSelatan,0.003093061247138353,0.0,0.0,0.0,0.0,1,0.004851914875630412,Rendah,-0.7893351154677799,0.0347837996672118
IDN.7.4_1,JakartaTimur,0.003995053533223783,0.00045599635202918376,0.5915805478901766,0.7791371451687455,0.5350194552529183,0,0.3700323617136747,Tinggi,0.2488333802712137,0.4131151356237444
IDN.7.5_1,JakartaUtara,0.0029863743966023,0.0,0.0,0.0,0.0,1,0.004851914875630412,Rendah,-0.7893545354565856,0.03480546933361177
IDN.7.6_1,KepulauanSeribu,0.0,0.0,0.0,0.0,0.0,1,0.004851914875630412,Rendah,-0.789898139069033,0.03541204583853834
IDN.8.1_1,BatangHari,0.12249970372755736,0.002279981760145919,0.6208711698920912,0.7191901246854383,0.1443579766536965,0,0.3700323617136747,Tinggi,0.17403870785721776,0.046170503963668924
IDN.8.2_1,Bungo,0.10514036393087439,0.005015959872321021,0.5439615796643488,0.609676377564469,0.24248319773611604,2,0.25834684220986043,Sedang,0.06252344203036986,0.1346939621843775
IDN.8.3_1,Jambi,0.003650021186215806,0.00045599635202918376,0.6530995977626031,0.8601603922346622,0.019455252918287938,0,0.3700323617136747,Tinggi,0.24718275492255137,-0.013612696613645961
IDN.8.4_1,Kerinci,0.07620072115204606,0.012311901504787962,0.6591748145940814,0.5902866045173871,0.13834846519671423,2,0.25834684220986043,Sedang,0.10189523879075602,0.00614786747527887
IDN.8.5_1,Merangin,0.16642113622393429,0.08527131782945736,0.6239467624858521,0.6132014934632718,0.2679102769512475,0,0.3700323617136747,Tinggi,0.1377622972567213,0.08728629331009277
IDN.8.6_1,MuaroJambi,0.12361004242374488,0.0013679890560875513,0.6720463919080006,0.7694364460918018,0.01621271076523995,0,0.3700323617136747,Tinggi,0.2187434513896891,-0.06693261350850292
IDN.8.7_1,Sarolangun,0.1315927712488563,0.03146374829001368,0.7373737587269572,0.6114434064348683,0.2835109682512829,0,0.3700323617136747,Tinggi,0.2077946224341658,0.08226893689664647
IDN.8.8_1,SungaiPenuh,0.007741237644887795,0.00045599635202918376,0.5017304106780509,0.6608006318230232,0.19844357976653698,2,0.25834684220986043,Sedang,0.04290657786266283,0.1464700872182202
IDN.8.9_1,TanjungJabungB,0.11057765034441687,0.0013679890560875513,0.6896155799949069,0.789271820048817,0.1835278858625162,0,0.3700323617136747,Tinggi,0.2739595625025646,0.0698540380288079
IDN.8.10_1,TanjungJabungT,0.11088613029866964,0.001823985408116735,0.6712786080697651,0.7540895577754507,0.5155642023346304,0,0.3700323617136747,Tinggi,0.3011111849043462,0.34011987299910273
IDN.8.11_1,Tebo,0.13864312952492572,0.004103967168262654,0.7275041714481865,0.7392513930722073,0.11175961954172071,0,0.3700323617136747,Tinggi,0.2565161554839439,-0.019898973049743897
IDN.9.2_1,Bandung,0.03978311603837213,0.11582307341541268,0.6515211958019201,0.44452026640928155,0.044272189711694596,2,0.25834684220986043,Sedang,-0.024632651705211006,-0.12514002391963058
IDN.9.1_1,BandungBarat,0.028861330442160507,0.017327861377108983,0.7366685555773783,0.47352596013489656,0.05309236125332788,2,0.25834684220986043,Sedang,0.048979254118511784,-0.10875660653230705
IDN.9.3_1,Banjar,0.0027839674334786788,0.0,0.0,0.0,0.0,1,0.004851914875630412,Rendah,-0.7893913791813589,0.03484658116085085
IDN.9.4_1,Bekasi,0.028598478271986638,0.001823985408116735,0.5783470489997521,0.577607671339971,0.27285992217898836,2,0.25834684220986043,Sedang,0.05541266579008963,0.1565721613162501
IDN.9.5_1,Bogor,0.06781793278833864,0.07432740538075695,0.6364158102816161,0.45676803089599805,0.054033085865699076,2,0.25834684220986043,Sedang,-0.02088044890583307,-0.1009151353564972
IDN.9.6_1,Ciamis,0.06206078240526551,0.0168718650250798,0.6953012763467901,0.5248859904072813,0.18719108213271637,2,0.25834684220986043,Sedang,0.08818357625239204,0.020243320013342187
IDN.9.7_1,Cianjur,0.0816102000058942,0.29958960328317374,0.6819024854729421,0.40155688802106626,0.051312119112342985,2,0.25834684220986043,Sedang,-0.018258432757808585,-0.2091385691133209
IDN.9.8_1,Cimahi,0.0007456021510921107,0.0009119927040583675,0.4318986881750814,0.4497152631629933,0.0311284046692607,2,0.25834684220986043,Sedang,-0.18286059338878102,-0.0068331368477463975
IDN.9.9_1,Cirebon,0.02409022871965077,0.001823985408116735,0.38078683308476036,0.4585464133435417,0.019941634241245135,2,0.25834684220986043,Sedang,-0.2091134607198536,-0.00010133398673289884
IDN.9.10_1,Depok,0.004340820672538789,0.00045599635202918376,0.3963595661640332,0.522022676274166,0.5058365758754864,2,0.25834684220986043,Sedang,-0.0653795999797524,0.40836140063546256
IDN.9.11_1,Garut,0.07024299126820077,0.0870953032375741,0.7702794487872342,0.5099228085760279,0.06740073746613157,2,0.25834684220986043,Sedang,0.10945035046292062,-0.13356079414563177
IDN.9.12_1,Indramayu,0.04723120317084928,0.005927952576379389,0.626483411112696,0.6122791792480459,0.2999102065249925,0,0.3700323617136747,Tinggi,0.12047088925082328,0.16278843230980222
IDN.9.13_1,Karawang,0.04317417213841518,0.017327861377108983,0.591486199964567,0.492539579638513,0.07725783329920131,2,0.25834684220986043,Sedang,-0.02860125185144269,-0.03382636742114743
IDN.9.14_1,KotaBandung,0.0036198894032588042,0.0013679890560875513,0.4386034347813104,0.5087302947888837,0.05252918287937743,2,0.25834684220986043,Sedang,-0.13306403069491912,0.019716910152591815
IDN.9.15_1,KotaBekasi,0.004666408085042939,0.00045599635202918376,0.4621972723772698,0.6087337803603041,0.4377431906614786,2,0.25834684220986043,Sedang,0.02572403554331215,0.3462693357203706
IDN.9.16_1,KotaBogor,0.0023455951826269177,0.0031919744642042863,0.49561606561978533,0.4360172184587832,0.0216787103946637,2,0.25834684220986043,Sedang,-0.15076100118666202,-0.04224954313631796
IDN.9.17_1,KotaCirebon,0.0007230443041819925,0.0,0.0,0.0,0.0,1,0.004851914875630412,Rendah,-0.7897665247958326,0.03526518492001561
IDN.9.18_1,KotaSukabumi,0.0009210253494123134,0.0009119927040583675,0.4929867035492584,0.5706344663303464,0.1303501945525292,2,0.25834684220986043,Sedang,-0.03935206596968055,0.0765691373965601
IDN.9.19_1,KotaTasikmalaya,0.004000350385423608,0.0027359781121751026,0.4009066604626747,0.4894309457858998,0.07230869001297016,2,0.25834684220986043,Sedang,-0.1678638185449155,0.045358804310243764
IDN.9.20_1,Kuningan,0.026797538338548463,0.009119927040583675,0.5754799442185992,0.516235297792048,0.09182879377431907,2,0.25834684220986043,Sedang,-0.023558686878990542,-0.0049697371174033875
IDN.9.21_1,Majalengka,0.03029742778481908,0.005927952576379389,0.5896687138943404,0.5760768189120655,0.220143669560012,2,0.25834684220986043,Sedang,0.05233995929484225,0.1073005157645593
IDN.9.22_1,Purwakarta,0.02228456651381103,0.008663930688554491,0.488788276793439,0.4344837408074805,0.04638541879991808,2,0.25834684220986043,Sedang,-0.14786081653967242,-0.02572404700622128
IDN.9.23_1,Subang,0.048918543914084074,0.009575923392612859,0.6989424597969672,0.5372402053254735,0.0751343338891977,2,0.25834684220986043,Sedang,0.07500752534724964,-0.06489955519958743
IDN.9.24_1,Sukabumi,0.09453418457267647,0.22024623803009574,0.7549662623518056,0.4866935904451423,0.06399690649394592,2,0.25834684220986043,Sedang,0.09160986852053421,-0.18457220963097531
IDN.9.25_1,Sumedang,0.03523436909333676,0.020975832193342453,0.7287070449854562,0.4967452853179245,0.08243106073422433,2,0.25834684220986043,Sedang,0.06651147531325874,-0.07950026927826408
IDN.9.26_1,Tasikmalaya,0.06135948387347473,0.008663930688554491,0.6391564324075217,0.5761042010045515,0.18554167519967232,2,0.25834684220986043,Sedang,0.08484912460407068,0.05339334142009231
IDN.9.27_1,WadukCirata,0.0011197049593187273,0.005015959872321021,0.6144194727501565,0.4708468643590141,0.054474708171206226,2,0.25834684220986043,Sedang,-0.04053000114725802,-0.05287660395639429
IDN.10.1_1,Banjarnegara,0.026003400020536978,0.020063839489284085,0.559298181862997,0.4413900893339708,0.042049876193845065,2,0.25834684220986043,Sedang,-0.09530520299851064,-0.0586537275837182
IDN.10.2_1,Banyumas,0.03149829950555889,0.008207934336525308,0.6291775088418955,0.5117176101124165,0.22243839169909208,2,0.25834684220986043,Sedang,0.035412457539680475,0.08000294038475873
IDN.10.3_1,Batang,0.019366704511761316,0.005927952576379389,0.44771036856651747,0.4166201692854403,0.06300508829691709,2,0.25834684220986043,Sedang,-0.18530379297274702,0.0009308047456282539
IDN.10.4_1,Blora,0.04419459744164178,0.0031919744642042863,0.6380934805709951,0.5744334659939758,0.19121734296831575,2,0.25834684220986043,Sedang,0.08075219950528156,0.06337437884138991
IDN.10.5_1,Boyolali,0.024614619709982542,0.004103967168262654,0.6713312346926231,0.5139619390375817,0.06636402939904885,2,0.25834684220986043,Sedang,0.03406016268226686,-0.0598677958470234
IDN.10.6_1,Brebes,0.03968690828477799,0.012311901504787962,0.6121745265036076,0.5653798325642186,0.17783542297160973,2,0.25834684220986043,Sedang,0.053975233808115086,0.058120295405999806
IDN.10.7_1,Cilacap,0.053314100726007056,0.01595987232102143,0.7000093606612887,0.5386170341939095,0.12812673707615344,2,0.25834684220986043,Sedang,0.08786239508306504,-0.024771367132088544
IDN.10.8_1,Demak,0.02255392247666121,0.001823985408116735,0.477435359328822,0.5120178767603543,0.13861867704280156,2,0.25834684220986043,Sedang,-0.0846418730461116,0.0721841694112547
IDN.10.9_1,Grobogan,0.04604721782205105,0.00045599635202918376,0.4594417366794351,0.6051046207730284,0.021400778210116732,2,0.25834684220986043,Sedang,-0.050935164094103924,-0.0016560087859157913
IDN.10.10_1,Jepara,0.02309091588589027,0.0027359781121751026,0.6078418782331627,0.6237806261739707,0.48119325551232167,0,0.3700323617136747,Tinggi,0.1460721742775285,0.32605462638051386
IDN.10.11_1,Karanganyar,0.018139984907801977,0.0013679890560875513,0.4612884137414102,0.5309668063846591,0.30739299610894943,2,0.25834684220986043,Sedang,-0.050941675407755294,0.22095180384367824
IDN.10.12_1,Kebumen,0.030225664187309303,0.0031919744642042863,0.5346538080898704,0.5477582896411325,0.06948304613674264,2,0.25834684220986043,Sedang,-0.03325866429055013,-0.00013023596078810817
IDN.10.13_1,Kendal,0.022577571006764587,0.00364797081623347,0.3843484056480975,0.4451483774433425,0.02529182879377432,2,0.25834684220986043,Sedang,-0.21512100891205577,-0.00015779821214895878
IDN.10.14_1,Klaten,0.015804867724668204,0.00364797081623347,0.47815943963103746,0.43656754609592835,0.026750972762645917,2,0.25834684220986043,Sedang,-0.15871607828772893,-0.034369564489775725
IDN.10.15_1,KotaMagelang,0.00021550243456462464,0.0,0.0,0.0,0.0,1,0.004851914875630412,Rendah,-0.7898589116024254,0.03536827412869844
IDN.10.16_1,KotaPekalongan,0.0008525179279719205,0.0,0.0,0.0,0.0,1,0.004851914875630412,Rendah,-0.7897429569773806,0.035238886925267186
IDN.10.17_1,KotaSemarang,0.00859930861553823,0.00045599635202918376,0.7221419488896044,0.9510921521525295,0.019455252918287938,0,0.3700323617136747,Tinggi,0.35725223236648707,-0.02138479930062047
IDN.10.18_1,KotaTegal,0.0006925822510786242,0.0,0.0,0.0,0.0,1,0.004851914875630412,Rendah,-0.7897720697409435,0.035271372210438856
IDN.10.19_1,Kudus,0.009721619327957889,0.00045599635202918376,0.5419299126820323,0.7137451130780118,0.019455252918287938,2,0.25834684220986043,Sedang,0.07250837650254638,-0.0039502044497984265
IDN.10.20_1,Magelang,0.025607838757486016,0.002279981760145919,0.5227519088183792,0.5034001332480978,0.1482490272373541,2,0.25834684220986043,Sedang,-0.05759518459243873,0.060572394794193726
IDN.10.21_1,Pati,0.03580090846469335,0.001823985408116735,0.5827656007099785,0.5678159208083498,0.2806420233463035,2,0.25834684220986043,Sedang,0.05445417200304026,0.15776846613861195
IDN.10.22_1,Pekalongan,0.02014824969226737,0.002279981760145919,0.40137776039529505,0.4497928971304952,0.02217898832684825,2,0.25834684220986043,Sedang,-0.20152620796748766,-0.007132689795923471
IDN.10.23_1,Pemalang,0.0256928851495353,0.002279981760145919,0.6040658490116753,0.5926409331790622,0.31906614785992216,2,0.25834684220986043,Sedang,0.09145515213711974,0.18826790377023794
IDN.10.24_1,Purbalingga,0.01823373459932508,0.0013679890560875513,0.41685665831767665,0.4242979812279538,0.07198443579766536,2,0.25834684220986043,Sedang,-0.19947101474816098,0.023111362363567763
IDN.10.25_1,Purworejo,0.024697631697006027,0.005471956224350205,0.675062639621626,0.540134605878982,0.15256160830090792,2,0.25834684220986043,Sedang,0.07118862650070112,0.014082317810310479
IDN.10.26_1,Rembang,0.02342950245324373,0.002279981760145919,0.6664426095995896,0.5812222712062309,0.0245136186770428,2,0.25834684220986043,Sedang,0.06876692931051087,-0.07731333090443547
IDN.10.27_1,Salatiga,0.0010179289687290483,0.0009119927040583675,0.4357372785969772,0.5241469661314199,0.02821011673151751,2,0.25834684220986043,Sedang,-0.1295355641273337,0.00483634516714318
IDN.10.28_1,Semarang,0.023124807933341797,0.01595987232102143,0.4819879424799782,0.4895929312657499,0.044135630906058924,2,0.25834684220986043,Sedang,-0.11452451504666794,-0.016110034498370042
IDN.10.29_1,Sragen,0.02210525713143052,0.0009119927040583675,0.6115669863066238,0.6449729655774383,0.23443579766536965,0,0.3700323617136747,Tinggi,0.11561503776967175,0.12850787910229483
IDN.10.30_1,Sukoharjo,0.011073930969458844,0.002279981760145919,0.3850769331939134,0.42621808727718347,0.11867704280155641,2,0.25834684220986043,Sedang,-0.21189876473524227,0.07462360489696016
IDN.10.31_1,Surakarta,0.0008634089177692073,0.00045599635202918376,0.303275368045708,0.399426764963543,0.3443579766536965,2,0.25834684220986043,Sedang,-0.24415961617536963,0.28640302990798555
IDN.10.32_1,Tegal,0.022441187385522608,0.0031919744642042863,0.5760449476435273,0.4947829628617059,0.29016120066703727,2,0.25834684220986043,Sedang,-0.0009196078124124041,0.15505757693549688
IDN.10.33_1,Temanggung,0.019703954600382115,0.004559963520291838,0.4831197507273431,0.4934633967110483,0.06926070038910506,2,0.25834684220986043,Sedang,-0.10730464837741727,0.009256978597504989
IDN.10.34_1,WadukKedungombo,0.000498815854209481,0.0,0.0,0.0,0.0,1,0.004851914875630412,Rendah,-0.7898073406411457,0.035310729011755804
IDN.10.35_1,Wonogiri,0.04376623702601392,0.006383948928408573,0.6868497908209114,0.5810213890991563,0.13438021122846025,2,0.25834684220986043,Sedang,0.10730540209415917,-0.0007923378516471388
IDN.10.36_1,Wonosobo,0.022479389464291483,0.005015959872321021,0.6021585292028383,0.4696775824610668,0.0622568093385214,2,0.25834684220986043,Sedang,-0.044223499108316355,-0.04653520792920554
IDN.11.1_1,Bangkalan,0.02941012760994577,0.00045599635202918376,0.4445180366824405,0.5854494629885438,0.019455252918287938,2,0.25834684220986043,Sedang,-0.07793373442971796,0.0015980926023133335
IDN.11.2_1,Banyuwangi,0.08232950425418942,0.03556771545827633,0.5867298874236425,0.4478312705073599,0.07934251222188966,2,0.25834684220986043,Sedang,-0.054418161211354454,-0.05368680164048986
IDN.11.3_1,Batu,0.004290390318192093,0.0013679890560875513,0.4138666569720814,0.49958608529657605,0.021400778210116732,2,0.25834684220986043,Sedang,-0.16188913210057754,0.001492534568205084
IDN.11.4_1,Blitar,0.0399450163781371,0.006839945280437756,0.5672728694214378,0.5639341925858056,0.2557717250324254,2,0.25834684220986043,Sedang,0.037496222600815976,0.13993337615478307
IDN.11.5_1,Bojonegoro,0.052516085399352645,0.026903784769721842,0.7129134553831781,0.4737636006483249,0.05177075776561366,2,0.25834684220986043,Sedang,0.03751371797870462,-0.1089067205856238
IDN.11.6_1,Bondowoso,0.03535257613310764,0.024623803009575923,0.45685826234731675,0.45282285180625026,0.02957919008502666,2,0.25834684220986043,Sedang,-0.15704703184039515,-0.03165101414743725
IDN.11.7_1,Gresik,0.02781832137769987,0.002279981760145919,0.6230116987363064,0.5612494760634451,0.05797665369649806,2,0.25834684220986043,Sedang,0.03294147056020258,-0.03886634803690235
IDN.11.8_1,Jember,0.07552672422446167,0.028271773825809393,0.5842462811267741,0.4693218325633716,0.08670139324714447,2,0.25834684220986043,Sedang,-0.04138217314749515,-0.03846687666453982
IDN.11.9_1,Jombang,0.02535616576481639,0.001823985408116735,0.6855915882481527,0.565611501247612,0.10797665369649806,2,0.25834684220986043,Sedang,0.08727171832651559,-0.01983706250770703
IDN.11.10_1,Kediri,0.03461747820378954,0.010487916096671226,0.6056545612681523,0.5538835676968046,0.12510573507020809,2,0.25834684220986043,Sedang,0.030564640657078757,0.016752244160945638
IDN.11.11_1,KotaBlitar,0.0005727248015527296,0.0,0.0,0.0,0.0,1,0.004851914875630412,Rendah,-0.7897938871468974,0.03529571701894831
IDN.11.12_1,KotaKediri,0.0013789744460176467,0.0009119927040583675,0.33109674923265364,0.4033996169607688,0.019455252918287938,2,0.25834684220986043,Sedang,-0.28485254716477426,0.011436903093301351
IDN.11.13_1,KotaMadiun,0.0005954563437776673,0.0,0.0,0.0,0.0,1,0.004851914875630412,Rendah,-0.7897897493708422,0.03529109990883309
IDN.11.14_1,KotaMalang,0.002324955873494416,0.0,0.0,0.0,0.0,1,0.004851914875630412,Rendah,-0.7894749321151259,0.03493981315081598
IDN.11.15_1,KotaMojokerto,0.0002685068176338116,0.0,0.0,0.0,0.0,1,0.004851914875630412,Rendah,-0.7898492633231792,0.035357508159949015
IDN.11.16_1,KotaPasuruan,0.0006866718840884136,0.0,0.0,0.0,0.0,1,0.004851914875630412,Rendah,-0.7897731455929367,0.03527257269278823
IDN.11.17_1,KotaProbolinggo,0.0010306225777433698,0.0,0.0,0.0,0.0,1,0.004851914875630412,Rendah,-0.7897105369529124,0.03520271125483134
IDN.11.18_1,Lamongan,0.03965851305571883,0.0027359781121751026,0.721077104162039,0.6777772354328396,0.4267185473411155,0,0.3700323617136747,Tinggi,0.2521844961868702,0.24727187291453034
IDN.11.19_1,Lumajang,0.041242068911617316,0.010487916096671226,0.5958268408212609,0.4774761173468309,0.04990695313821688,2,0.25834684220986043,Sedang,-0.041883447794001105,-0.05825073952682713
IDN.11.20_1,Madiun,0.025320666989953222,0.012767897856817145,0.529730339400668,0.49172107713498964,0.061145080600333516,2,0.25834684220986043,Sedang,-0.07731358539278765,-0.01897675298972759
IDN.11.21_1,Magetan,0.01582998724397303,0.0031919744642042863,0.41777317545552667,0.45759369930350347,0.11534185658699278,2,0.25834684220986043,Sedang,-0.1679879028022968,0.06498891240998969
IDN.11.22_1,Malang,0.0788713941514843,0.011855905152758778,0.5111535797642865,0.49103035072192003,0.12099670757258306,2,0.25834684220986043,Sedang,-0.06912510524784721,0.026079644195224558
IDN.11.23_1,Mojokerto,0.022043528009515694,0.001823985408116735,0.5798896888856487,0.562558924706038,0.20622568093385213,2,0.25834684220986043,Sedang,0.03212147780617591,0.09980437654805902
IDN.11.24_1,Nganjuk,0.029258822614748513,0.017783857729138167,0.5182515983379327,0.43886538482892046,0.04439788486481094,2,0.25834684220986043,Sedang,-0.1237630077084555,-0.04186114964275815
IDN.11.25_1,Ngawi,0.03159323744664759,0.007751937984496124,0.6394982249012497,0.5514976291847691,0.08731975280384527,2,0.25834684220986043,Sedang,0.04385312930029206,-0.02568453202337135
IDN.11.26_1,Pacitan,0.032287172326406925,0.009119927040583675,0.46648949746478363,0.44250123975626154,0.12879377431906616,2,0.25834684220986043,Sedang,-0.13974009894300066,0.04933920049210343
IDN.11.27_1,Pamekasan,0.017976461420156666,0.0009119927040583675,0.43584172649715436,0.5277894245716199,0.023346303501945526,2,0.25834684220986043,Sedang,-0.12480300890923424,-0.0018562621130014459
IDN.11.28_1,Pasuruan,0.03379812122797248,0.005471956224350205,0.41084841981200465,0.4553479498673444,0.08138780804150454,2,0.25834684220986043,Sedang,-0.177363536831894,0.03498592917170044
IDN.11.29_1,Ponorogo,0.032187823477225534,0.011399908800729594,0.5812508307909906,0.5311233617340709,0.11579766536964982,2,0.25834684220986043,Sedang,-0.0037584298322502763,0.013696714229103627
IDN.11.30_1,Probolinggo,0.03919336999348425,0.012767897856817145,0.5248815366450881,0.47603169017387986,0.05023624235686493,2,0.25834684220986043,Sedang,-0.09095234019788245,-0.032164450679062456
IDN.11.31_1,Sampang,0.027676044794747768,0.001823985408116735,0.6626497335466197,0.6043853118310567,0.02188715953307393,2,0.25834684220986043,Sedang,0.08241003153805271,-0.0739181694295194
IDN.11.32_1,Sidoarjo,0.016230657188189303,0.00045599635202918376,0.505955501660318,0.6663652592228628,0.019455252918287938,2,0.25834684220986043,Sedang,0.016811088214879977,-0.0017464394166417999
IDN.11.33_1,Situbondo,0.03777905308937756,0.031007751937984496,0.7303608510288075,0.48816422017346445,0.042000457770656904,2,0.25834684220986043,Sedang,0.054784203657787356,-0.11874920993927539
IDN.11.34_1,Sumenep,0.04711612886673792,0.004103967168262654,0.5969946841054371,0.5528623483971129,0.1398616515348033,2,0.25834684220986043,Sedang,0.02890005000878315,0.03139021221870323
IDN.11.35_1,Surabaya,0.00733907195075827,0.0,0.0,0.0,0.0,1,0.004851914875630412,Rendah,-0.7885622228393124,0.03392137252632389
IDN.11.36_1,Trenggalek,0.028360481879084215,0.01459188326493388,0.5379195895371551,0.4890839915329968,0.12457441634241245,2,0.25834684220986043,Sedang,-0.06082582331122921,0.027962875262934308
IDN.11.37_1,Tuban,0.04483448403792839,0.010487916096671226,0.6707733175238453,0.5457542076288034,0.0903400439857892,2,0.25834684220986043,Sedang,0.06407682956697136,-0.0396795575666352
IDN.11.38_1,Tulungagung,0.026148179720056265,0.006839945280437756,0.5375926524037049,0.5084257548097251,0.17963683527885863,2,0.25834684220986043,Sedang,-0.03784810507330327,0.08008111925182004
IDN.12.1_1,Bengkayang,0.1255441756463653,0.0009119927040583675,0.7883263418044125,0.8670286998074507,0.5496108949416343,0,0.3700323617136747,Tinggi,0.46697098426350947,0.3451553644786567
IDN.12.2_1,KapuasHulu,0.6931079880851541,0.001823985408116735,0.7416281971131486,0.8470432923837208,0.19066147859922178,0,0.3700323617136747,Tinggi,0.4562332563617506,-0.05013371166663491
IDN.12.3_1,KayongUtara,0.10335997556483974,0.0009119927040583675,0.7652262898542597,0.9815696636948172,0.019455252918287938,0,0.3700323617136747,Tinggi,0.42455720369726513,-0.050489300233601445
IDN.12.4_1,Ketapang,0.6673319352602481,0.004559963520291838,0.8085225179388554,0.9552481778173975,0.2143968871595331,0,0.3700323617136747,Tinggi,0.5758019288858611,-0.02879425516810584
IDN.12.5_1,KotaPontianak,0.002235997775326669,0.0,0.0,0.0,0.0,1,0.004851914875630412,Rendah,-0.7894911249754637,0.03495788184720344
IDN.12.6_1,KubuRaya,0.19247753999609643,0.0013679890560875513,0.7548266460091368,0.9337405898074491,0.49935149156939046,0,0.3700323617136747,Tinggi,0.4928726222712456,0.3168109757107006
IDN.12.7_1,Landak,0.18492076834845572,0.001823985408116735,0.7947388271984954,0.6855278638619811,0.024805447470817123,0,0.3700323617136747,Tinggi,0.2565397702418972,-0.13579893288376188
IDN.12.8_1,Melawi,0.2238725848266875,0.001823985408116735,0.7770620103243182,0.9916617654259565,0.24659533073929962,0,0.3700323617136747,Tinggi,0.5050111871724576,0.10779927389708772
IDN.12.9_1,Pontianak,0.0447634937654155,0.0,0.0,0.0,0.0,1,0.004851914875630412,Rendah,-0.7817499320175909,0.02631992275195538
IDN.12.10_1,Sambas,0.1299350517505815,0.0013679890560875513,0.7969460131920592,0.93449176989886,0.5168612191958496,0,0.3700323617136747,Tinggi,0.5137680323706995,0.328252862218426
IDN.12.11_1,Sanggau,0.2854574538420487,0.005015959872321021,0.7754015238612628,0.8415847879264141,0.11248673505482845,0,0.3700323617136747,Tinggi,0.38617064586831074,-0.04592877897951991
IDN.12.12_1,Sekadau,0.1276140659514414,0.00045599635202918376,0.7017893925958867,0.924286956031515,0.5291828793774319,0,0.3700323617136747,Tinggi,0.4444766332015082,0.3724413310061324
IDN.12.13_1,Singkawang,0.009931656822737198,0.0,0.0,0.0,0.0,1,0.004851914875630412,Rendah,-0.7880902999271728,0.03339478045797517
IDN.12.14_1,Sintang,0.501694035417987,0.004103967168262654,0.8045033003067775,0.9154257948409237,0.4042369217466494,0,0.3700323617136747,Tinggi,0.5519090460640197,0.1531207852943288
IDN.13.1_1,Balangan,0.042399806641669334,0.0009119927040583675,0.7365312416320593,0.8963467965433074,1.0,0,0.3700323617136747,Tinggi,0.5234546674707501,0.7550575648662109
IDN.13.3_1,Banjar,0.10269433850848583,0.001823985408116735,0.6037685326238156,0.6692919265816504,0.045233463035019454,0,0.3700323617136747,Tinggi,0.10552114789036338,-0.034592313058772986
IDN.13.2_1,BanjarBaru,0.007706371654479206,0.0,0.0,0.0,0.0,1,0.004851914875630412,Rendah,-0.7884953640268271,0.03384676856146366
IDN.13.4_1,Banjarmasin,0.0015746225258075086,0.0,0.0,0.0,0.0,1,0.004851914875630412,Rendah,-0.7896115137570012,0.03509221687490617
IDN.13.5_1,BaritoKuala,0.053694605042109544,0.0009119927040583675,0.7840606384513481,0.9509469016117207,0.7762645914396887,0,0.3700323617136747,Tinggi,0.5522547470194636,0.563837781639141
IDN.13.6_1,HuluSungaiSelatan,0.037994027993438685,0.00045599635202918376,0.6600645532334816,0.8693335395620405,0.21206225680933852,0,0.3700323617136747,Tinggi,0.3013800469425276,0.13592163539527968
IDN.13.7_1,HuluSungaiTengah,0.03786369746978487,0.00045599635202918376,0.5363463858769193,0.706391366998253,0.03696498054474708,2,0.25834684220986043,Sedang,0.07215997788872652,0.0051712156277334415
IDN.13.8_1,HuluSungaiUtara,0.020762558249811564,0.0009119927040583675,0.7863903399761334,0.9118104315548666,0.5904669260700389,0,0.3700323617136747,Tinggi,0.4852586837188648,0.40985248194504176
IDN.13.9_1,KotaBaru,0.20597417388262787,0.0031919744642042863,0.7658578650092656,0.8833865152512752,0.02001111728738188,0,0.3700323617136747,Tinggi,0.3762498340923004,-0.0923662097513245
IDN.13.10_1,Tabalong,0.082254059841576,0.0027359781121751026,0.5241335939950509,0.6042662958960637,0.02594033722438392,2,0.25834684220986043,Sedang,-0.000342566986430759,-0.030363379069457297
IDN.13.11_1,TanahBumbu,0.10931082621575311,0.0009119927040583675,0.7286033015728051,0.9191134142417505,0.2178988326848249,0,0.3700323617136747,Tinggi,0.3959928288954844,0.1108785858279628
IDN.13.12_1,TanahLaut,0.08662531368523262,0.004103967168262654,0.736615810633012,0.8556240625524208,0.1143536532641591,0,0.3700323617136747,Tinggi,0.33381244972256563,0.013679051148342856
IDN.13.13_1,Tapin,0.04891123896056605,0.00045599635202918376,0.7586239309619455,0.999140499014702,0.019455252918287938,0,0.3700323617136747,Tinggi,0.4222748081090042,-0.03314833765695725
IDN.14.1_1,BaritoSelatan,0.14358561210963838,0.001823985408116735,0.6377021829909282,0.7547574329443594,0.38035019455252916,0,0.3700323617136747,Tinggi,0.25895178963847854,0.23578744592883882
IDN.14.2_1,BaritoTimur,0.06724492243847456,0.00045599635202918376,0.5279205947207614,0.69529423594719,0.019455252918287938,2,0.25834684220986043,Sedang,0.060827934787520466,-0.014260981238328793
IDN.14.3_1,BaritoUtara,0.222344044313522,0.0027359781121751026,0.7978510132812772,0.8523364551826055,0.02172503242542153,0,0.3700323617136747,Tinggi,0.3797401992850733,-0.11255494553230717
IDN.14.4_1,GunungMas,0.22653524186432417,0.00364797081623347,0.7716300376795058,0.9357727469030459,0.2517023346303502,0,0.3700323617136747,Tinggi,0.46439672102844964,0.10118014677377299
IDN.14.5_1,Kapuas,0.38804959768019637,0.002279981760145919,0.7963439079385389,0.9678050642993278,0.10428015564202335,0,0.3700323617136747,Tinggi,0.5042011347970452,-0.05401814818836781
IDN.14.6_1,Katingan,0.4357762556016998,0.002279981760145919,0.6745289779824093,0.7954663285790723,0.5626459143968872,0,0.3700323617136747,Tinggi,0.3999744277439816,0.31982901577789913
IDN.14.7_1,KotawaringinBarat,0.18828990793315353,0.00045599635202918376,0.646965310278485,0.8520812705409798,0.5175097276264592,0,0.3700323617136747,Tinggi,0.36659608886996864,0.35596364311651135
IDN.14.8_1,KotawaringinTimur,0.35235637180247636,0.002279981760145919,0.7053942415988904,0.8764782543907035,0.6054474708171206,0,0.3700323617136747,Tinggi,0.4695892209014103,0.37710507411462907
IDN.14.9_1,Lamandau,0.16435492542509797,0.001823985408116735,0.7294365432738286,0.9106908115147538,0.019455252918287938,0,0.3700323617136747,Tinggi,0.3627555913969984,-0.06462934177379709
IDN.14.10_1,MurungRaya,0.5360156619157997,0.005015959872321021,0.7804379718743059,0.9286586443654684,0.04421648390519986,0,0.3700323617136747,Tinggi,0.48203527393414225,-0.1362394731646776
IDN.14.11_1,PalangkaRaya,0.05824572240156361,0.00045599635202918376,0.5577181179596739,0.7345388616744302,0.027237354085603113,0,0.3700323617136747,Tinggi,0.10779739267188593,-0.009002340226257212
IDN.14.12_1,PulangPisau,0.21834183971210222,0.004559963520291838,0.7515394921541347,0.8880411893301113,0.26284046692607005,0,0.3700323617136747,Tinggi,0.4186610898972687,0.1091605750387915
IDN.14.13_1,Seruyan,0.3734848564915211,0.002279981760145919,0.7453462906826468,0.8922519080349336,0.43035019455252915,0,0.3700323617136747,Tinggi,0.47766358858781466,0.21830376368968402
IDN.14.14_1,Sukamara,0.07364601772437805,0.00045599635202918376,0.7592765298874975,1.0,0.019455252918287938,0,0.3700323617136747,Tinggi,0.42780910731544086,-0.03823629565308487
IDN.34.1_1,Balikpapan,0.012068471920264128,0.00045599635202918376,0.7150732497529805,0.941782369934355,0.019455252918287938,0,0.3700323617136747,Tinggi,0.34670681251151403,-0.02139663526036502
IDN.34.2_1,Berau,0.4947911070385254,0.013679890560875513,0.8274173342682111,0.6784055197286746,0.06523994811932556,0,0.3700323617136747,Tinggi,0.3382522637323717,-0.18334476594961663
IDN.34.3_1,Bontang,0.0035066394821540157,0.0,0.0,0.0,0.0,1,0.004851914875630412,Rendah,-0.7892598326690659,0.03469979585288935
IDN.34.5_1,KutaiBarat,0.714722304449964,0.006839945280437756,0.7931491387579379,0.904350599504073,0.11712062256809339,0,0.3700323617136747,Tinggi,0.5204452110834106,-0.12345807928192747
IDN.34.6_1,KutaiKartanegara,0.564479319381489,0.00729594163246694,0.8154204892627624,0.888058040373027,0.16731517509727628,0,0.3700323617136747,Tinggi,0.5065401319761775,-0.06383468901949647
IDN.34.7_1,KutaiTimur,0.7056738151018273,0.018695850433196534,0.8428986253221901,0.6470513295142155,0.09371737686248457,0,0.3700323617136747,Tinggi,0.37113003564240654,-0.2169195768363863
IDN.34.10_1,Paser,0.23752167142119823,0.008663930688554491,0.789533394178952,0.7596247297433778,0.09420438255171001,0,0.3700323617136747,Tinggi,0.32716927299615106,-0.07470323575955622
IDN.34.11_1,PenajamPaserUtara,0.07270703560295805,0.0009119927040583675,0.6005383548143884,0.7810405341497072,0.019455252918287938,0,0.3700323617136747,Tinggi,0.16984794287980476,-0.024704436949416445
IDN.34.12_1,Samarinda,0.016037929713005977,0.0,0.0,0.0,0.0,1,0.004851914875630412,Rendah,-0.7869787875844754,0.03215450674275675
IDN.35.4,Bulungan,0.2935132623688984,0.006383948928408573,0.7082722053839228,0.702855471561351,0.10214007782101167,0,0.3700323617136747,Tinggi,0.24491433460004886,-0.0603876776392067
IDN.35.8,Malinau,0.8963556630232417,0.004559963520291838,0.7283413335773674,0.8657882994409121,0.14260700389105058,0,0.3700323617136747,Tinggi,0.48805759492988177,-0.12267402146764918
IDN.35.9,Nunukan,0.3172635501562323,0.0013679890560875513,0.6663019961925744,0.7945258479337126,0.0946822308690013,0,0.3700323617136747,Tinggi,0.2824406012301548,-0.03484504043001882
IDN.35.13,TanaTidung,0.06338013117606757,0.004103967168262654,0.7625873980302521,0.772077268585563,0.025507998270644185,0,0.3700323617136747,Tinggi,0.27253790260159905,-0.08123637758344286
IDN.35.14,Tarakan,0.005299889700405132,0.001823985408116735,0.47824088747511223,0.5892425230943004,0.04717898832684825,2,0.25834684220986043,Sedang,-0.05160386553524843,0.016882595102894297
IDN.16.1_1,Batam,0.022963861897663463,0.0,0.0,0.0,0.0,1,0.004851914875630412,Rendah,-0.7857180743398708,0.030747748185387745
IDN.16.2_1,Bintan,0.02968989274631282,0.0,0.0,0.0,0.0,1,0.004851914875630412,Rendah,-0.7844937487258696,0.029381592525587086
IDN.16.3_1,Karimun,0.02038154016493344,0.0,0.0,0.0,0.0,1,0.004851914875630412,Rendah,-0.7861881290738018,0.031272255659406216
IDN.16.4_1,KepulauanAnambas,0.014041538184978197,0.0,0.0,0.0,0.0,1,0.004851914875630412,Rendah,-0.7873421866437929,0.03256000318583966
IDN.16.5_1,Lingga,0.04919770011955799,0.0009119927040583675,0.6942442451413731,0.8954100620436067,0.1605058365758755,0,0.3700323617136747,Tinggi,0.3345538884947932,0.08411420844325009
IDN.16.6_1,Natuna,0.04452219827929403,0.0,0.0,0.0,0.0,1,0.004851914875630412,Rendah,-0.7817938545405244,0.026368933409424394
IDN.16.7_1,Tanjungpinang,0.003139734591528378,0.0,0.0,0.0,0.0,1,0.004851914875630412,Rendah,-0.7893266196145324,0.03477431962541076
IDN.17.1_1,BandarLampung,0.0037803464022887166,0.00045599635202918376,0.34905538503459105,0.4597210256009241,0.019455252918287938,2,0.25834684220986043,Sedang,-0.23354296098601612,0.01616015673689771
IDN.17.2_1,LampungBarat,0.11512407123611025,0.061103511171910624,0.7097953928342133,0.5003935190953267,0.07705151286369707,2,0.25834684220986043,Sedang,0.07119971313063522,-0.10561164710580163
IDN.17.3_1,LampungSelatan,0.04883892945100233,0.006839945280437756,0.7949731735123712,0.6432724202996849,0.14202334630350194,0,0.3700323617136747,Tinggi,0.22548847735497968,-0.023065551466144946
IDN.17.4_1,LampungTengah,0.10395922143071694,0.0168718650250798,0.7236864940681526,0.5862413650587794,0.20280786623199074,0,0.3700323617136747,Tinggi,0.1601909680856557,0.02670052491576239
IDN.17.5_1,LampungTimur,0.08833243650882275,0.002279981760145919,0.7659403028310509,0.68186528424939,0.15797665369649805,0,0.3700323617136747,Tinggi,0.24256670106552924,0.002329481143785693
IDN.17.6_1,LampungUtara,0.05745005872400434,0.005927952576379389,0.5954559643946036,0.5960515452467207,0.30829093085902426,2,0.25834684220986043,Sedang,0.09184047221052327,0.17573671151274056
IDN.17.7_1,Mesuji,0.048827433829050575,0.00045599635202918376,0.6252962342206101,0.8235421610006314,0.019455252918287938,0,0.3700323617136747,Tinggi,0.21144411030125543,-0.020063889521644326
IDN.17.8_1,Metro,0.001567186067194649,0.0,0.0,0.0,0.0,1,0.004851914875630412,Rendah,-0.7896128674003254,0.03509372732887991
IDN.17.9_1,Pesawaran,0.030553332555352985,0.01094391244870041,0.5815539254445086,0.5313274468910539,0.11446173800259404,2,0.25834684220986043,Sedang,-0.0039833349014909425,0.013019212389783496
IDN.17.10_1,Pringsewu,0.013462123226226603,0.0027359781121751026,0.6531156172293567,0.6238921702039137,0.22665369649805447,0,0.3700323617136747,Tinggi,0.12612015970086377,0.1034108814979646
IDN.17.11_1,Tanggamus,0.0625775199720167,0.05699954400364797,0.7259902145941086,0.49349004795197776,0.08955642023346302,2,0.25834684220986043,Sedang,0.07005610434455711,-0.09085290360173419
IDN.17.12_1,TulangBawangBarat,0.02927390712500692,0.0009119927040583675,0.6635951587169749,0.7270460000180096,0.038910505836575876,0,0.3700323617136747,Tinggi,0.1710225045486865,-0.03479331224536868
IDN.17.13_1,Tulangbawang,0.0695907395054466,0.0013679890560875513,0.7369365288639139,0.8731547931359956,0.26718547341115434,0,0.3700323617136747,Tinggi,0.3722069673326027,0.1463174308342351
IDN.17.14_1,WayKanan,0.08056012533960753,0.011855905152758778,0.6249507325057806,0.6476095296814046,0.3747381023645615,0,0.3700323617136747,Tinggi,0.16438720517691763,0.22306924985853438
IDN.19.1_1,Ambon,0.006655426985403565,0.029639762881896944,0.5459627948664809,0.4724971120177771,0.03630649506135888,2,0.25834684220986043,Sedang,-0.087165696619106,-0.051119968046524425
IDN.19.3_1,Buru,0.1001645552358206,0.04149566803465572,0.6102990242974566,0.5729991325726785,0.05913541711207081,2,0.25834684220986043,Sedang,0.047236466001124855,-0.05842762788104856
IDN.19.2_1,BuruSelatan,0.0959863621942145,0.01595987232102143,0.6583569834153219,0.6057978934337347,0.09271817676486938,2,0.25834684220986043,Sedang,0.10700412820971494,-0.032778029949873
IDN.19.4_1,KepulauanAru,0.18416297790780653,0.0,0.0,0.0,0.0,1,0.004851914875630412,Rendah,-0.7563753295433313,-0.001994160028777364
IDN.19.5_1,MalukuBaratDaya,0.10375824334212834,0.011399908800729594,0.7622764423994353,0.7133196334584165,0.34474708171206225,0,0.3700323617136747,Tinggi,0.300696441470951,0.1565335899203939
IDN.19.6_1,MalukuTengah,0.1934797199880073,0.42818057455540354,0.773602898366007,0.5224531358441877,0.04137193719620592,0,0.3700323617136747,Tinggi,0.14982827918409103,-0.2915842977258618
IDN.19.8_1,MalukuTenggara,0.022821400839678176,0.0009119927040583675,0.5548343778071889,0.6524961946355491,0.03501945525291829,2,0.25834684220986043,Sedang,0.04442628992511466,-0.011658611591704934
IDN.19.7_1,MalukuTenggaraBarat,0.10002564465085297,0.004103967168262654,0.7173146272456731,0.7793430505771308,0.1054907047124946,0,0.3700323617136747,Tinggi,0.26901596988548104,-0.0050018533369859605
IDN.19.9_1,SeramBagianBarat,0.10103688177692273,0.2663018695850433,0.8345464426723568,0.4921908400851394,0.03816760833644262,2,0.25834684220986043,Sedang,0.14692370503058738,-0.2507800585769755
IDN.19.10_1,SeramBagianTimur,0.1317456860808144,0.046511627906976744,0.6436017972900947,0.5717562922903092,0.06080720225833524,2,0.25834684220986043,Sedang,0.07508674384629488,-0.07782119987008823
IDN.19.11_1,Tual,0.005208878992106053,0.0,0.0,0.0,0.0,1,0.004851914875630412,Rendah,-0.7889499774988925,0.034354046005291745
IDN.18.1_1,HalmaheraBarat,0.048655070655960725,0.07934336525307797,0.8458655144909809,0.5550397221230549,0.07202916051701776,0,0.3700323617136747,Tinggi,0.18817203861335374,-0.14159899758852962
IDN.18.2_1,HalmaheraSelatan,0.18259354874466605,0.06976744186046512,0.8993585112236384,0.6452002995988345,0.07707077642989751,0,0.3700323617136747,Tinggi,0.3113316918884117,-0.16264192406037326
IDN.18.3_1,HalmaheraTengah,0.05059560490816644,0.008663930688554491,0.554369749491611,0.5519972728189636,0.03604341593282818,2,0.25834684220986043,Sedang,-0.019554376222920222,-0.039841843607817076
IDN.18.4_1,HalmaheraTimur,0.14489357678295373,0.07250341997264022,0.6823123159976213,0.568639682931885,0.053410175464356516,2,0.25834684220986043,Sedang,0.10094171570006438,-0.11023697222379768
IDN.18.5_1,HalmaheraUtara,0.07784660263335658,0.084359325125399,0.6940677709528588,0.556402553474018,0.05428541381848775,2,0.25834684220986043,Sedang,0.08882716244672262,-0.106775407506756
IDN.18.6_1,KepulauanSula,0.10706634190014751,0.00729594163246694,0.6582454932973741,0.6743267254643039,0.06408073929961089,0,0.3700323617136747,Tinggi,0.15033014763301955,-0.04117952412460435
IDN.18.7_1,PulauMorotai,0.052428960120326024,0.12448700410396717,0.6594913455090602,0.6702283301228983,0.2792363278744602,0,0.3700323617136747,Tinggi,0.18380603086790304,0.1053252328883932
IDN.18.8_1,Ternate,0.0034353370024531957,0.009575923392612859,0.6594109668611603,0.6497178395813459,0.044839725773577914,2,0.25834684220986043,Sedang,0.11170031151089432,-0.042161872237419476
IDN.18.9_1,TidoreKepulauan,0.03756585192387944,0.00729594163246694,0.6301125875239952,0.5100205469169361,0.08256322957198443,2,0.25834684220986043,Sedang,0.009125439879588582,-0.035786600754743075
IDN.20.1_1,Bima,0.09633230617088073,0.24760601915184677,0.6597518175916105,0.5022750964806582,0.12057957305931166,2,0.25834684220986043,Sedang,0.05027062105712765,-0.10906966543262613
IDN.20.2_1,Dompu,0.05214128808164896,0.32968536251709984,0.7805389980683193,0.5109396391984787,0.17787698252525416,2,0.25834684220986043,Sedang,0.14354165141353803,-0.12379328855823678
IDN.20.3_1,KotaBima,0.004643331331713117,0.010031919744642043,0.5533859577812691,0.4633483483179231,0.2165723381676689,2,0.25834684220986043,Sedang,-0.05495207146861458,0.09823431108437813
IDN.20.4_1,LombokBarat,0.02102691255458725,0.04879160966712266,0.5641925130898604,0.48882120800385176,0.12256809338521402,2,0.25834684220986043,Sedang,-0.04379797559881671,0.00661881119575311
IDN.20.5_1,LombokTengah,0.026595696991056836,0.14956680346557227,0.5676892449604588,0.4697895079404236,0.082690756382272,2,0.25834684220986043,Sedang,-0.057610488683877636,-0.06575806231595015
IDN.20.6_1,LombokTimur,0.036651378546395726,0.13087095303237573,0.6835268855210767,0.4855535118773205,0.045580878265703166,2,0.25834684220986043,Sedang,0.025416615760892824,-0.13179730117221988
IDN.20.7_1,LombokUtara,0.01840717799544767,0.05791153670770634,0.663752565805704,0.5052307699852971,0.049618554490027264,2,0.25834684220986043,Sedang,0.02050057686538931,-0.08911573570503413
IDN.20.8_1,Mataram,0.0011878926740106583,0.00364797081623347,0.4711037186554891,0.4593039477063526,0.051070038910505836,2,0.25834684220986043,Sedang,-0.14581785445736584,-0.004175259123706976
IDN.20.10_1,Sumbawa,0.152386925662896,0.24259005927952576,0.7122702562472683,0.4911698721071254,0.10016529650975688,2,0.25834684220986043,Sedang,0.08415448322557217,-0.15735742434332506
IDN.20.9_1,SumbawaBarat,0.040063900506213605,0.11673506611947104,0.6088653697833967,0.43554077497427424,0.05490789153696498,2,0.25834684220986043,Sedang,-0.05745919903172414,-0.1027853749241774
IDN.21.1_1,Alor,0.06707872774608277,0.06064751481988144,0.8155650006991042,0.554754900567179,0.05998946783300664,0,0.3700323617136747,Tinggi,0.16792486468049406,-0.13772519345263323
IDN.21.2_1,Belu,0.051242182364670735,0.03283173734610123,0.624722201029666,0.5414170674617871,0.038640293990488545,2,0.25834684220986043,Sedang,0.02207735435847069,-0.07431609619014849
IDN.21.3_1,Ende,0.04726897412264989,0.049247606019151846,0.6990536669556716,0.4613842954627215,0.09030479896238651,2,0.25834684220986043,Sedang,0.026867979748086412,-0.08121796618159431
IDN.21.4_1,FloresTimur,0.03987256927893174,0.021431828545371637,0.5947345384171333,0.5476827650895508,0.16334133620332808,2,0.25834684220986043,Sedang,0.027606502363929364,0.0460386329107605
IDN.21.5_1,KotaKupang,0.003427887695164022,0.0027359781121751026,0.5852452192556494,0.584983829912632,0.035667963683527884,2,0.25834684220986043,Sedang,0.015111652276365906,-0.0332306033222967
IDN.21.6_1,Kupang,0.11791912757058239,0.12539899680802552,0.7914845730501551,0.5527427747248236,0.05149628581535196,0,0.3700323617136747,Tinggi,0.16021652079624127,-0.167898130828122
IDN.21.7_1,Lembata,0.028650868917186708,0.027359781121751026,0.6019150025319361,0.5338619628801291,0.1558041504539559,2,0.25834684220986043,Sedang,0.01965514840450433,0.03463735087510274
IDN.21.10_1,Manggarai,0.030562208066714006,0.061103511171910624,0.7891795931277813,0.49878734260240243,0.13567861083686628,2,0.25834684220986043,Sedang,0.11947958106904955,-0.07053018372392991
IDN.21.8_1,ManggaraiBarat,0.0717702202360652,0.026903784769721842,0.742535217905944,0.5200630746505287,0.21090813163621977,2,0.25834684220986043,Sedang,0.12338754858242529,0.015677430359661248
IDN.21.9_1,ManggaraiTimur,0.054887554090987944,0.06885544915640675,0.7627804762064258,0.535952843649496,0.16618135903316414,2,0.25834684220986043,Sedang,0.13781573028965255,-0.035543657724687164
IDN.21.11_1,Nagekeo,0.03287928656184091,0.013679890560875513,0.6438576867236823,0.5588014303505366,0.24280155642023346,2,0.25834684220986043,Sedang,0.08207965705182096,0.09888068888195671
IDN.21.12_1,Ngada,0.03855697511177119,0.016415868673050615,0.6213174400245574,0.5393237035985092,0.23232814526588846,2,0.25834684220986043,Sedang,0.05259014586270694,0.09261266635499846
IDN.21.13_1,RoteNdao,0.029640853992415672,0.0027359781121751026,0.5099817216478404,0.54417922530664,0.036640726329442284,2,0.25834684220986043,Sedang,-0.05878181193936183,-0.018209548666087004
IDN.21.14_1,SabuRaijua,0.010502111192085694,0.00045599635202918376,0.44444685041353876,0.585355707596273,0.09143968871595332,2,0.25834684220986043,Sedang,-0.06768489181483506,0.06419436664450014
IDN.21.15_1,Sikka,0.03867601885897393,0.02051983584131327,0.6291909378901733,0.546973150011236,0.14314742758322527,2,0.25834684220986043,Sedang,0.046232916752386166,0.017104552949221155
IDN.21.17_1,SumbaBarat,0.016190164650182706,0.050159598723210214,0.6042376367826311,0.5315440655542805,0.05682702511496286,2,0.25834684220986043,Sedang,-0.0008149618852677509,-0.052522078907476316
IDN.21.16_1,SumbaBaratDaya,0.032201023116432886,0.1121751025991792,0.7449345629643286,0.523475229059994,0.06488247761855051,2,0.25834684220986043,Sedang,0.0951684655583549,-0.12392564224689816
IDN.21.18_1,SumbaTengah,0.04163754300898748,0.08572731418148655,0.6370020627308707,0.5362194512904704,0.06865220630846926,2,0.25834684220986043,Sedang,0.03265834415583202,-0.07107995342842163
IDN.21.19_1,SumbaTimur,0.16122369030395803,0.15321477428180574,0.7280233316792737,0.5148768245861092,0.06889244024458033,2,0.25834684220986043,Sedang,0.10355025800001749,-0.15595866861953261
IDN.21.20_1,TimorTengahSelatan,0.09112627136869413,0.07478340173278614,0.6293862197569838,0.5171539582917053,0.047558603017936796,2,0.25834684220986043,Sedang,0.018972003001130888,-0.09585701379314716
IDN.21.21_1,TimorTengahUtara,0.06000441118264718,0.041951664386684906,0.628035486601055,0.51643702574423,0.03804347826086957,2,0.25834684220986043,Sedang,0.008916240209094761,-0.08605810831375282
IDN.23.1_1,Asmat,0.5659682643303144,0.008663930688554491,0.7332887042236237,0.7586349159162119,0.04689739913987303,0,0.3700323617136747,Tinggi,0.3392717734257453,-0.1592544038156523
IDN.23.2_1,BiakNumfor,0.05028292955319019,0.00364797081623347,0.5560848503788639,0.6438299420645316,0.05252918287937743,2,0.25834684220986043,Sedang,0.04775598027000527,-0.006129130803606414
IDN.23.3_1,BovenDigoel,0.5357591101847562,0.0031919744642042863,0.7089774032185249,0.825512287009998,0.055030572540300166,0,0.3700323617136747,Tinggi,0.36478849537271474,-0.12163786081469359
IDN.23.4_1,Deiyai,0.041231838551742554,0.0031919744642042863,0.598074166785418,0.7241763415230515,0.05113952195664258,0,0.3700323617136747,Tinggi,0.12946187751847682,-0.004160758876039582
IDN.23.5_1,Dogiyai,0.10445785809445676,0.018695850433196534,0.6510759262771184,0.6623014243731163,0.041045838473948944,0,0.3700323617136747,Tinggi,0.13272710842631952,-0.06306662254219303
IDN.23.6_1,IntanJaya,0.10404928142485234,0.015047879616963064,0.6769876329939385,0.6640429532548133,0.19525999292536256,0,0.3700323617136747,Tinggi,0.18076842032279894,0.054785121353543395
IDN.23.7_1,Jayapura,0.32251546512355683,0.5490196078431373,0.7622316236041076,0.5683708721179763,0.06095602207944982,0,0.3700323617136747,Tinggi,0.20529278226369985,-0.328061539287282
IDN.23.8_1,Jayawijaya,0.05922906905409397,0.010031919744642043,0.6336211410420174,0.6776381682025115,0.13707110010611956,0,0.3700323617136747,Tinggi,0.14138865176691207,0.03707424289248686
IDN.23.9_1,Keerom,0.2041560114908835,0.11582307341541268,0.7084800594488158,0.5937659716388657,0.050560678942369555,0,0.3700323617136747,Tinggi,0.14766236364951835,-0.14348119053413733
IDN.23.10_1,KepulauanYapen,0.05448737706023798,0.046511627906976744,0.6554192987788159,0.5818527782016211,0.021210040436408027,2,0.25834684220986043,Sedang,0.0683518496902984,-0.09674505783670696
IDN.23.11_1,KotaJayapura,0.016868800814147197,0.057455540355677154,0.6949115344098264,0.5312268384421074,0.024180100055586438,2,0.25834684220986043,Sedang,0.05423836549158789,-0.11560709517497943
IDN.23.12_1,LannyJaya,0.08290333955603298,0.00364797081623347,0.65806164584396,0.690601999965745,0.10919260700389105,0,0.3700323617136747,Tinggi,0.16553460434493528,0.005221613048758421
IDN.23.13_1,MamberamoRaya,0.6492991048079596,0.2448700410396717,0.8780325808272864,0.6696601090055473,0.04949677194965545,0,0.3700323617136747,Tinggi,0.39965157711166754,-0.3249562393382759
IDN.23.14_1,MamberamoTengah,0.06929552475274858,0.017783857729138167,0.6438970073020123,0.6719161832516903,0.09213808241045596,0,0.3700323617136747,Tinggi,0.13786970603798432,-0.009239614039929823
IDN.23.15_1,Mappi,0.5864919367368225,0.0,0.0,0.0,0.0,1,0.004851914875630412,Rendah,-0.6831402135242434,-0.08371308112417206
IDN.23.16_1,Merauke,1.0,0.001823985408116735,0.7820541292791855,0.8894673674677793,0.45963035019455256,0,0.3700323617136747,Tinggi,0.62014375587555,0.10082551620022381
IDN.23.17_1,Mimika,0.40210169300204857,0.03875968992248062,0.6505637997851483,0.6865735514705923,0.06761272602426184,0,0.3700323617136747,Tinggi,0.20907676467426828,-0.10323685657410368
IDN.23.18_1,Nabire,0.27590629327099364,0.15595075239398085,0.7715898024189703,0.6058366902043523,0.04925250870366578,0,0.3700323617136747,Tinggi,0.21276356044012545,-0.1934482903804174
IDN.23.19_1,Nduga,0.15710251348903764,0.022343821249430004,0.686552528848291,0.7056122678052793,0.142777733661558,0,0.3700323617136747,Tinggi,0.21569118857170078,0.0038676081762824693
IDN.23.20_1,Paniai,0.10588614890313555,0.014135886912904697,0.6316625570160534,0.6912617459964707,0.14541232584410693,0,0.3700323617136747,Tinggi,0.15968518395619258,0.03661837665441561
IDN.23.21_1,PegununganBintang,0.34482885908301486,0.04012767897856817,0.7781839824477517,0.7057759997868575,0.09214715245843651,0,0.3700323617136747,Tinggi,0.30269200696067045,-0.11562176431101949
IDN.23.23_1,Puncak,0.17918587783093176,0.008663930688554491,0.6632859137494194,0.7141076283660945,0.14714314970305142,0,0.3700323617136747,Tinggi,0.21022217845214253,0.01793281245485847
IDN.23.22_1,PuncakJaya,0.09928970794943537,0.013679890560875513,0.660810705622152,0.7048264303144641,0.10214007782101167,0,0.3700323617136747,Tinggi,0.1791674777157538,-0.005245541119383024
IDN.23.24_1,Sarmi,0.31523718997402767,0.37118103055175555,0.8274470727025746,0.647639145987491,0.05739060602873833,0,0.3700323617136747,Tinggi,0.2955495027971611,-0.2782848351285542
IDN.23.25_1,Supiori,0.01482709783229197,0.0031919744642042863,0.5936147559376124,0.6812480934298872,0.023346303501945526,2,0.25834684220986043,Sedang,0.08676249901842281,-0.028778916025268678
IDN.23.26_1,Tolikara,0.08184126464999598,0.018695850433196534,0.9166528759046871,0.7419113983101844,0.1127455632532979,0,0.3700323617136747,Tinggi,0.37627467951776605,-0.08238458943133563
IDN.23.27_1,Waropen,0.24252818563178138,0.08025535795713634,0.8340482487594468,0.6698683435323167,0.07741200919702865,0,0.3700323617136747,Tinggi,0.29561691722983197,-0.1485083343553405
IDN.23.28_1,Yahukimo,0.3296169660881348,0.051527587779297765,0.6553632590549949,0.6814266575196082,0.0631176612375607,0,0.3700323617136747,Tinggi,0.1951654207677559,-0.09928177417294769
IDN.23.29_1,Yalimo,0.08999067424300128,0.020063839489284085,0.6713194406324601,0.6725489984066392,0.08423240183940574,0,0.3700323617136747,Tinggi,0.15913083480055967,-0.030746498241638345
IDN.22.1_1,Fakfak,0.2468738229877074,0.005927952576379389,0.5866639994273715,0.5705368743955627,0.126908111343909,0,0.3700323617136747,Tinggi,0.06804414605721498,-0.012817741274430215
IDN.22.2_1,Kaimana,0.3635265115917176,0.06703146374829001,0.662116185799764,0.64059415411296,0.036766457555784955,0,0.3700323617136747,Tinggi,0.1732744724453863,-0.14386000648554353
IDN.22.3_1,KotaSorong,0.006465371813583493,0.009119927040583675,0.5568756399678197,0.5328446111370604,0.023054474708171208,2,0.25834684220986043,Sedang,-0.04155850405546746,-0.04656309335860895
IDN.22.4_1,Manokwari,0.2887870063415219,0.16415868673050615,0.9514459508142253,0.6034652568997968,0.03354409857328145,0,0.3700323617136747,Tinggi,0.3320481847488299,-0.2791796075330486
IDN.22.5_1,Maybrat,0.0739214444604796,0.008207934336525308,0.6758570341568997,0.582878980205832,0.05696065715520968,2,0.25834684220986043,Sedang,0.09187911465116472,-0.06621928098870054
IDN.22.6_1,RajaAmpat,0.17447384341321304,0.022343821249430004,0.6798336619937003,0.5558105498037954,0.08139442547446994,0,0.3700323617136747,Tinggi,0.0994130205157886,-0.07852393672478819
IDN.22.8_1,Sorong,0.17454136719898655,0.02188782489740082,0.6731421336083344,0.5720274769446533,0.033195525291828794,0,0.3700323617136747,Tinggi,0.09681955016326704,-0.11184207339213358
IDN.22.7_1,SorongSelatan,0.12673213189628624,0.006383948928408573,0.6338352982898057,0.5835806198701822,0.08060033351862146,2,0.25834684220986043,Sedang,0.07810431741034352,-0.04122932643358114
IDN.22.9_1,Tambrauw,0.14498177493975925,0.04696762425900593,1.0,0.6685176857452868,0.03460390616145971,0,0.3700323617136747,Tinggi,0.3794618424073264,-0.2147658336992842
IDN.22.10_1,TelukBintuni,0.4657929750959684,0.14728682170542634,0.6721093986806342,0.5532091497300747,0.04042837696208936,0,0.3700323617136747,Tinggi,0.14200625749659723,-0.21023020582681556
IDN.22.11_1,TelukWondama,0.14442190195363308,0.03875968992248062,0.6459706296991554,0.588107921455397,0.035500114442664224,2,0.25834684220986043,Sedang,0.08512285022373622,-0.09594875965740086
IDN.24.1_1,Bengkalis,0.19073748258743542,0.0013679890560875513,0.6401297777839717,0.7260605872249047,0.019455252918287938,0,0.3700323617136747,Tinggi,0.18019549271401314,-0.07507249426212353
IDN.24.2_1,Dumai,0.050791065631614764,0.0,0.0,0.0,0.0,1,0.004851914875630412,Rendah,-0.7806527454610495,0.02509563437071536
IDN.24.3_1,IndragiriHilir,0.3009200592280982,0.0027359781121751026,0.791658861644263,0.8402748463060162,0.16699092088197146,0,0.3700323617136747,Tinggi,0.4094179141089682,-0.01016731845199604
IDN.24.4_1,IndragiriHulu,0.1811661805913369,0.001823985408116735,0.6254646404008228,0.7321283102683693,0.15223735408560313,0,0.3700323617136747,Tinggi,0.1982181802404378,0.04182412136945601
IDN.24.5_1,Kampar,0.24110960250196822,0.005471956224350205,0.7303086068311883,0.6850092256258445,0.1621271076523995,0,0.3700323617136747,Tinggi,0.24941991324581125,-0.01242794261082629
IDN.24.6_1,KepulauanMeranti,0.08146324549442138,0.0,0.0,0.0,0.0,1,0.004851914875630412,Rendah,-0.7750695514067393,0.018865664116206105
IDN.24.7_1,KuantanSingingi,0.11849405318642148,0.004559963520291838,0.6968229289076964,0.6217185943707747,0.19630350194552532,0,0.3700323617136747,Tinggi,0.16746328451797665,0.039948190119608935
IDN.24.8_1,Pekanbaru,0.013834246111296477,0.0009119927040583675,0.706595288808879,0.8298339690283643,0.030155642023346304,0,0.3700323617136747,Tinggi,0.2663020779992422,-0.03338170115725306
IDN.24.9_1,Pelalawan,0.29281875176643135,0.001823985408116735,0.684588075822421,0.8172645168325172,0.3409533073929961,0,0.3700323617136747,Tinggi,0.35321784435382164,0.16888555469420896
IDN.24.10_1,RokanHilir,0.20386908869406115,0.0027359781121751026,0.7685611076623127,0.7489468821829035,0.193579766536965,0,0.3700323617136747,Tinggi,0.3183939375842979,0.020794187408055144
IDN.24.11_1,RokanHulu,0.16341579261754616,0.013223894208846329,0.6176317371894148,0.6108376395393234,0.34268079967798204,0,0.3700323617136747,Tinggi,0.14311719228246922,0.17467659715306788
IDN.24.12_1,Siak,0.175268659088893,0.00045599635202918376,0.631226601481982,0.8313527109490809,0.16342412451361868,0,0.3700323617136747,Tinggi,0.271443318568491,0.07117040852232481
IDN.25.1_1,Majene,0.0200842492147215,0.01459188326493388,0.8178923216204518,0.5803003402367248,0.026264591439688716,0,0.3700323617136747,Tinggi,0.17043182785028477,-0.13596408122198045
IDN.25.2_1,Mamasa,0.06657614701757801,0.22663018695850434,0.7558414352971659,0.45943884432380316,0.020649186950496754,2,0.25834684220986043,Sedang,0.06025985650014121,-0.2224043137338541
IDN.25.4_1,Mamuju,0.17200840158983557,0.09803921568627451,0.7151122912950264,0.5173513373490238,0.03587910596326124,2,0.25834684220986043,Sedang,0.09022735106432411,-0.16146093705876563
IDN.25.3_1,MamujuUtara,0.06607264138785775,0.03875968992248062,0.7103259900096385,0.5427960093694446,0.03018997482261387,2,0.25834684220986043,Sedang,0.08204661407313518,-0.11782922835894198
IDN.25.5_1,PolewaliMandar,0.04665979504517237,0.009119927040583675,0.641230852937021,0.43318988033421385,0.08725680933852141,2,0.25834684220986043,Sedang,-0.033654547250872247,-0.054593566391387585
IDN.26.1_1,Bantaeng,0.008846251568598173,0.0013679890560875513,0.5991243852028981,0.5688669964290854,0.027885862516212712,2,0.25834684220986043,Sedang,0.01282091614230374,-0.04876941100602182
IDN.26.2_1,Barru,0.026614371503394723,0.006839945280437756,0.4033694343281636,0.38007551658667027,0.025680933852140077,2,0.25834684220986043,Sedang,-0.2461736677791465,-0.022397142325547188
IDN.26.3_1,Bone,0.10372488304640405,0.02553579571363429,0.7486924606485025,0.466213067955123,0.06309060589216231,2,0.25834684220986043,Sedang,0.06788805695541211,-0.12453582824851865
IDN.26.4_1,Bulukumba,0.026180285615799298,0.0013679890560875513,0.4832748235288613,0.485178896627874,0.028534370946822308,2,0.25834684220986043,Sedang,-0.11964738991184609,-0.026025135974842697
IDN.26.5_1,Enrekang,0.04087363451350398,0.019151846785225718,0.500559887506622,0.4309675724056669,0.02056698165647582,2,0.25834684220986043,Sedang,-0.1435389069288353,-0.05917373723392555
IDN.26.6_1,Gowa,0.04063929692021237,0.0013679890560875513,0.4736211102353992,0.5112636868400937,0.031776913099870296,2,0.25834684220986043,Sedang,-0.10494470652795873,-0.017269893086985094
IDN.26.7_1,Jeneponto,0.01784328720481802,0.00045599635202918376,0.34895893997097555,0.45959400328452277,0.019455252918287938,2,0.25834684220986043,Sedang,-0.23113560994892757,0.013313219463355092
IDN.26.8_1,KepulauanSelayar,0.02643149870114405,0.008207934336525308,0.5526040563521604,0.5481476015377449,0.20892779939472547,2,0.25834684220986043,Sedang,0.0053406623328755565,0.10616882891113887
IDN.26.11_1,Luwu,0.0650045427517604,0.005015959872321021,0.692302384057312,0.5781459618885568,0.04952246197382384,2,0.25834684220986043,Sedang,0.09654876582410843,-0.0765413777161814
IDN.26.9_1,LuwuTimur,0.150543029463879,0.9767441860465116,0.6523154012758746,0.4472510173696962,0.02019822196063899,2,0.25834684220986043,Sedang,0.023788688032736705,-0.4525471404636519
IDN.26.10_1,LuwuUtara,0.1699690483114979,0.07250341997264022,0.6588324293538884,0.4893474976405909,0.02363996769693855,2,0.25834684220986043,Sedang,0.029370119769221437,-0.14742250184690453
IDN.26.12_1,Makassar,0.003924612527252347,0.0,0.0,0.0,0.0,1,0.004851914875630412,Rendah,-0.7891837498920773,0.034614899388086505
IDN.26.13_1,Maros,0.03237113717814256,0.009575923392612859,0.5173273239913795,0.3047447235606798,0.019455252918287938,2,0.25834684220986043,Sedang,-0.22123525379306885,-0.0877813780457079
IDN.26.14_1,Palopo,0.00612859159004051,0.0009119927040583675,0.262531259346624,0.31722677854044806,0.014591439688715954,2,0.25834684220986043,Sedang,-0.39049108407440797,0.014085112562080494
IDN.26.15_1,PangkajeneDanKepulauan,0.01962124535947088,0.009575923392612859,0.3635786470833655,0.31167132386636104,0.02084491384102279,2,0.25834684220986043,Sedang,-0.32220827736560187,-0.02527079280131171
IDN.26.16_1,Parepare,0.0017792613141776065,0.00045599635202918376,0.33194333962456685,0.43718372234388847,0.019455252918287938,2,0.25834684220986043,Sedang,-0.2609644839796975,0.018243755325324205
IDN.26.17_1,Pinrang,0.042838361889314745,0.01595987232102143,0.7464611255514617,0.4593116842852762,0.02123401889938855,2,0.25834684220986043,Sedang,0.04218368308631759,-0.14376192313341146
IDN.26.18_1,SidenrengRappang,0.04442695141506287,0.010487916096671226,0.6110587001385173,0.437150944851082,0.02495347656910844,2,0.25834684220986043,Sedang,-0.06358020849973667,-0.09336185580495655
IDN.26.19_1,Sinjai,0.019507069310905508,0.00045599635202918376,0.4829062483606302,0.6360083966143175,0.019455252918287938,2,0.25834684220986043,Sedang,-0.01903759297208507,-0.000152873240631346
IDN.26.20_1,Soppeng,0.030522342722739938,0.011399908800729594,0.5314037307540469,0.3711364518820466,0.024824902723735408,2,0.25834684220986043,Sedang,-0.16527374135988615,-0.07501856940627745
IDN.26.21_1,Takalar,0.012750659599350227,0.0,0.0,0.0,0.0,1,0.004851914875630412,Rendah,-0.7875771626277742,0.03282219958748495
IDN.26.22_1,TanaToraja,0.04530461510520974,0.025079799361605107,0.5842509934864812,0.47850618394916267,0.020693314467633533,2,0.25834684220986043,Sedang,-0.05332697095891614,-0.08322542791913297
IDN.26.23_1,TorajaUtara,0.027663530459050133,0.022343821249430004,0.6120060809672567,0.5048267748356112,0.027356467878980387,2,0.25834684220986043,Sedang,-0.018517566050636813,-0.07815352578589388
IDN.26.24_1,Wajo,0.05622236260915247,0.017783857729138167,0.5797219364475878,0.4392162274758326,0.034470717350094784,2,0.25834684220986043,Sedang,-0.07906148739937346,-0.07829192370520081
IDN.27.2_1,Banggai,0.18752927147146745,0.11171910624715002,0.7282769573123671,0.5745240750510119,0.05210037322321925,0,0.3700323617136747,Tinggi,0.1448887673056295,-0.14888647669697885
IDN.27.1_1,BanggaiKepulauan,0.06819590924609065,0.012311901504787962,0.7009073057514824,0.6078390612444167,0.049142527741749535,2,0.25834684220986043,Sedang,0.1235618354474125,-0.0769300540811611
IDN.27.3_1,Buol,0.08650082906913538,0.12676698586411309,0.6677041475734118,0.5067980712198533,0.05159840998796294,2,0.25834684220986043,Sedang,0.03945538020245187,-0.1253141649475613
IDN.27.4_1,Donggala,0.10986964545517858,0.13953488372093023,0.6752934843781383,0.5217633346722635,0.03454261081864653,2,0.25834684220986043,Sedang,0.056312237709677415,-0.14792150477249144
IDN.27.5_1,Morowali,0.2937706675851365,0.253077975376197,0.80640619894071,0.5409787524214978,0.03440950678304764,0,0.3700323617136747,Tinggi,0.19543097957562272,-0.2679285981700786
IDN.27.6_1,Palu,0.00851550418531483,0.015047879616963064,0.6148298902001359,0.49575395265357575,0.02087018040325433,2,0.25834684220986043,Sedang,-0.027847223002399613,-0.08008530164655162
IDN.27.7_1,ParigiMoutong,0.1293160481475376,0.24304605563155496,0.7375509682804818,0.5156956954817239,0.06602375511932312,2,0.25834684220986043,Sedang,0.10735964110810536,-0.18499517928459852
IDN.27.8_1,Poso,0.16396542191647803,1.0,0.829393446581617,0.4708756127421217,0.019525337960720437,2,0.25834684220986043,Sedang,0.16261217553183593,-0.5246454050862539
IDN.27.9_1,Sigi,0.12162794372160239,0.49794801641586867,0.7849074298000048,0.5090394724469752,0.026196890010119583,2,0.25834684220986043,Sedang,0.13469627168324427,-0.3195305631795775
IDN.27.10_1,TojoUna-Una,0.1206722155049856,0.09621523027815777,0.7445662324115794,0.508752738095018,0.03343352942261235,2,0.25834684220986043,Sedang,0.09429275113612645,-0.16520466797980998
IDN.27.11_1,Toli-Toli,0.08036979886841797,0.08025535795713634,0.6380823621456265,0.5193748696275515,0.04525557127697206,2,0.25834684220986043,Sedang,0.024159768436324613,-0.10014625258746311
IDN.28.1_1,Bau-Bau,0.006387274589425419,0.0009119927040583675,0.3932573442708153,0.5061155004965635,0.02821011673151751,2,0.25834684220986043,Sedang,-0.169621213783679,0.015824512545650052
IDN.28.2_1,Bombana,0.07517830975915508,0.011399908800729594,0.5340551549138104,0.5262053803988407,0.07891050583657588,2,0.25834684220986043,Sedang,-0.03822081421373558,-0.008565046918633828
IDN.28.4_1,Buton,0.0683905574857628,0.005471956224350205,0.920363371208599,0.6460457259909999,0.08592736705577173,0,0.3700323617136747,Tinggi,0.30471466407063086,-0.11855028099107433
IDN.28.3_1,ButonUtara,0.0377392594362739,0.005471956224350205,0.7622666882780037,0.5801472709114454,0.03988326848249027,2,0.25834684220986043,Sedang,0.13831513032160958,-0.1046969841771417
IDN.28.5_1,Kendari,0.005866861211764669,0.009575923392612859,0.5624967932656677,0.5461644357264007,0.0229757272558829,2,0.25834684220986043,Sedang,-0.02870481308656314,-0.045972847914731205
IDN.28.7_1,Kolaka,0.15150277255678135,0.11080711354309165,0.833847899441857,0.4646282454156109,0.020311924548846297,2,0.25834684220986043,Sedang,0.12773646842665243,-0.22952436709276125
IDN.28.6_1,KolakaUtara,0.07454954665908521,0.014135886912904697,0.4617880032153828,0.3957271067069986,0.025793899836826912,2,0.25834684220986043,Sedang,-0.1869948859655307,-0.05298099617833178
IDN.28.10_1,Konawe,0.13003516541018506,0.04149566803465572,0.6002487121141674,0.4998579563658785,0.02159319279941848,2,0.25834684220986043,Sedang,-0.011660743372840399,-0.10665462580392236
IDN.28.8_1,KonaweSelatan,0.09569223754950867,0.04833561331509348,0.717306163651238,0.5298053860307359,0.04505909991924235,2,0.25834684220986043,Sedang,0.08639155512569086,-0.12020136682248446
IDN.28.9_1,KonaweUtara,0.10516919364666921,0.021431828545371637,0.5800806520806798,0.521930075695797,0.0457405414355493,2,0.25834684220986043,Sedang,-0.010671213772450172,-0.06311269995114735
IDN.28.11_1,Muna,0.062047979677767554,0.011399908800729594,0.5920397568275799,0.5418909332545628,0.0533852140077821,2,0.25834684220986043,Sedang,0.004398719270673146,-0.045081063040760455
IDN.28.12_1,Wakatobi,0.010883716590178588,0.00045599635202918376,0.6176530746701416,0.8134757895936275,0.019455252918287938,0,0.3700323617136747,Tinggi,0.1924520618058876,-0.011607858382578079
IDN.29.1_1,Bitung,0.006941093931706001,0.0027359781121751026,0.624348153206945,0.6310310602874971,0.17477302204928663,2,0.25834684220986043,Sedang,0.10049935177436886,0.07461307472346296
IDN.29.5_1,BolaangMongondow,0.07460800833112212,0.04879160966712266,0.6384171173569195,0.6084287016611922,0.38665042365176916,0,0.3700323617136747,Tinggi,0.1490004430963926,0.2085484342500345
IDN.29.2_1,BolaangMongondowSelatan,0.04024943912527736,0.045599635202918376,0.6468398467067742,0.6212829630226119,0.39356031128404667,0,0.3700323617136747,Tinggi,0.1584887110259927,0.22176735156433153
IDN.29.3_1,BolaangMongondowTimur,0.019940947329148574,0.00729594163246694,0.6736650107798943,0.5620764614095937,0.1304717898832685,2,0.25834684220986043,Sedang,0.08031597237576349,0.0015170677963491155
IDN.29.4_1,BolaangMongondowUtara,0.036162907579919114,0.008207934336525308,0.6432500331405258,0.5530883292293871,0.1815823605706874,2,0.25834684220986043,Sedang,0.06640155896187883,0.04909962075634571
IDN.29.6_1,KepulauanSangihe,0.013305831860988626,0.0027359781121751026,0.5793404990353952,0.6884509811516268,0.16990920881971466,0,0.3700323617136747,Tinggi,0.10990592378169373,0.09812324307063466
IDN.29.7_1,KepulauanTalaud,0.02269271222315708,0.06931144550843593,0.7727055067926875,0.6972581176254917,0.05670182265001024,0,0.3700323617136747,Tinggi,0.22873081582501853,-0.08853341115016683
IDN.29.8_1,Kotamobagu,0.0009425666885001066,0.0009119927040583675,0.4277531074747355,0.5356829885792096,0.372568093385214,2,0.25834684220986043,Sedang,-0.06095974782092006,0.2912791433817106
IDN.29.9_1,Manado,0.0034659283614539237,0.002279981760145919,0.5523752257187777,0.6085862590185873,0.3233463035019455,2,0.25834684220986043,Sedang,0.06434833437136633,0.21888247658399018
IDN.29.13_1,Minahasa,0.025639920880071443,0.009119927040583675,0.7224800321622309,0.686104941686512,0.3426070038910506,0,0.3700323617136747,Tinggi,0.24040976754497878,0.18057104751083247
IDN.29.10_1,MinahasaSelatan,0.0330932154645795,0.015047879616963064,0.6053185872820505,0.6238503293220123,0.29530715717486145,0,0.3700323617136747,Tinggi,0.1110306675084396,0.16918762217254046
IDN.29.11_1,MinahasaTenggara,0.015729916130833486,0.0013679890560875513,0.6674342991124269,0.6578108381284576,0.21530479896238652,0,0.3700323617136747,Tinggi,0.15731789848940958,0.09588234881421118
IDN.29.12_1,MinahasaUtara,0.022084495773180127,0.009119927040583675,0.5986851214753828,0.6672028857805341,0.2897859922178988,0,0.3700323617136747,Tinggi,0.13313303437892998,0.18040783685698414
IDN.29.14_1,SiauTagulandangBiaro,0.0047490443175351804,0.0013679890560875513,0.5850962312167878,0.6132354672003592,0.18287937743190663,2,0.25834684220986043,Sedang,0.06288268884596215,0.09305198960020791
IDN.29.15_1,Tomohon,0.0031110430344725034,0.0013679890560875513,0.47048873900948907,0.6111605374751197,0.19714656290531776,2,0.25834684220986043,Sedang,-0.013399234240812241,0.14733846029671266
IDN.30.1_1,Agam,0.0500131240112187,0.08618331053351573,0.7953515965734109,0.45746289297986226,0.024509501163197663,2,0.25834684220986043,Sedang,0.07830105019948819,-0.1844562921439702
IDN.30.2_1,Bukittinggi,0.00034265592456306096,0.002279981760145919,0.4823151316951872,0.5188000162662592,0.020233463035019456,2,0.25834684220986043,Sedang,-0.10340904582498978,-0.020477695643955324
IDN.30.3_1,Danau,0.0022243537907998914,0.008663930688554491,0.6364990978669611,0.5210248910519735,0.01781691583043211,2,0.25834684220986043,Sedang,0.0022089856035991673,-0.08198810204108689
IDN.30.4_1,Dharmasraya,0.06731314347149185,0.008663930688554491,0.577435232579279,0.5902551203916547,0.24738890026622978,2,0.25834684220986043,Sedang,0.06591055007085067,0.12863266704198195
IDN.30.5_1,KepulauanMentawai,0.13426156617703153,0.040583675330597355,0.7931222394070384,0.6476560394896453,0.06422419446508984,0,0.3700323617136747,Tinggi,0.22908336777766558,-0.11349668090306712
IDN.30.6_1,KotaSolok,0.0011658711755414323,0.00045599635202918376,0.45230560503957884,0.5957060270341785,0.18287937743190663,2,0.25834684220986043,Sedang,-0.039424441759087436,0.13994731446109226
IDN.30.7_1,LimaPuluhKota,0.07314154535568301,0.008207934336525308,0.607464642057071,0.5936161900917153,0.19617380025940337,2,0.25834684220986043,Sedang,0.07970057070084435,0.07530392596860058
IDN.30.10_1,Padang,0.015201586614708204,0.005927952576379389,0.5270421266163051,0.5473171322158791,0.10760251421730022,2,0.25834684220986043,Sedang,-0.034024196182486977,0.03587115941330069
IDN.30.8_1,PadangPanjang,0.00027962474554143985,0.0,0.0,0.0,0.0,1,0.004851914875630412,Rendah,-0.7898472395495424,0.03535524994548672
IDN.30.9_1,PadangPariaman,0.0301470899656821,0.013679890560875513,0.5364964303307023,0.4888785960944147,0.055771725032425425,2,0.25834684220986043,Sedang,-0.07482714870970775,-0.027761722277427042
IDN.30.11_1,Pariaman,0.0012710305359480722,0.0,0.0,0.0,0.0,1,0.004851914875630412,Rendah,-0.789666775984867,0.035153880867318556
IDN.30.13_1,Pasaman,0.08802772518325845,0.15275877792977655,0.6365969349483214,0.5218323841800389,0.08219989546431268,2,0.25834684220986043,Sedang,0.03589338217258742,-0.09452999947430103
IDN.30.12_1,PasamanBarat,0.08364988726337888,0.07706338349293206,0.7830069942781982,0.5309394052551042,0.06504270946054842,2,0.25834684220986043,Sedang,0.13413704931291648,-0.1352405691223788
IDN.30.14_1,Payakumbuh,0.0014958368846905209,0.0,0.0,0.0,0.0,1,0.004851914875630412,Rendah,-0.7896258549458249,0.03510821939584979
IDN.30.15_1,PesisirSelatan,0.13676981694734164,0.03511171910624715,0.7054855997234784,0.5564488911863089,0.08790237000353732,0,0.3700323617136747,Tinggi,0.11198857762573056,-0.07922267100407436
IDN.30.16_1,Sawahlunto,0.005147816896485447,0.00045599635202918376,0.6297018914173728,0.8293446019076557,0.301556420233463,0,0.3700323617136747,Tinggi,0.2645529248494005,0.21860807309204017
IDN.30.17_1,Sijunjung,0.06856223937577643,0.005927952576379389,0.5708481910705869,0.6066333456171601,0.21565399580963782,2,0.25834684220986043,Sedang,0.06679002061438322,0.1092622206370285
IDN.30.19_1,Solok,0.07263559593263777,0.036935704514363885,0.6062344191675287,0.4560817629745523,0.027861843685449392,2,0.25834684220986043,Sedang,-0.04717159508691082,-0.099738456039606
IDN.30.18_1,SolokSelatan,0.08083685635905763,0.012767897856817145,0.7133821401650113,0.5742865287496368,0.12916898276820454,0,0.3700323617136747,Tinggi,0.1265362721780522,-0.025993522870310225
IDN.30.20_1,TanahDatar,0.02929717316413396,0.023255813953488372,0.598671821631661,0.5210160453037747,0.054779888609140154,2,0.25834684220986043,Sedang,-0.010775674806888125,-0.0480540393006772
IDN.31.1_1,BanyuAsin,0.24985588887484717,0.005015959872321021,0.7409573004939832,0.7665902388822373,0.10965688008489566,0,0.3700323617136747,Tinggi,0.30428462361337516,-0.04381670328418916
IDN.31.2_1,EmpatLawang,0.05363938682807012,0.008207934336525308,0.5385748680968656,0.5247531868231639,0.10322092520536101,2,0.25834684220986043,Sedang,-0.03554461127347319,0.014720210457024367
IDN.31.3_1,Lahat,0.09518326394599558,0.02781577747378021,0.7431767080237045,0.5173711113998379,0.08289213497480385,2,0.25834684220986043,Sedang,0.10171346843689388,-0.09465973836010456
IDN.31.4_1,Lubuklinggau,0.008090031179876226,0.005927952576379389,0.5761546053599348,0.6580297283652572,0.34106554923675547,0,0.3700323617136747,Tinggi,0.11879545346854758,0.2326476968536158
IDN.31.5_1,MuaraEnim,0.19182540237711976,0.04012767897856817,0.6915454914924586,0.5583335458642711,0.11571453837990803,0,0.3700323617136747,Tinggi,0.11941717523457585,-0.0637780654214576
IDN.31.6_1,MusiBanyuasin,0.33191034208906756,0.010487916096671226,0.7342546667175966,0.7141129174100793,0.22009812214515312,0,0.3700323617136747,Tinggi,0.29994087394754576,0.019381380433706
IDN.31.7_1,MusiRawas,0.2732396471590868,0.040583675330597355,0.6975486302778491,0.627296986793064,0.29071394220259694,0,0.3700323617136747,Tinggi,0.21933944030268404,0.07451457732578967
IDN.31.8_1,OganIlir,0.05348193651976893,0.0009119927040583675,0.6628566655895773,0.8670576844484391,0.019455252918287938,0,0.3700323617136747,Tinggi,0.26759861995937495,-0.026084584141553555
IDN.31.9_1,OganKomeringIlir,0.40369817252915335,0.006839945280437756,0.7592667641237356,0.7617303648963152,0.09299610894941635,0,0.3700323617136747,Tinggi,0.33815982775426545,-0.09710973916594969
IDN.31.12_1,OganKomeringUlu,0.08695833701036197,0.00729594163246694,0.6306677733008637,0.5387866984436048,0.10274805447470817,2,0.25834684220986043,Sedang,0.04216668553664582,-0.0235473910891026
IDN.31.10_1,OganKomeringUluSelatan,0.10017903705705823,0.030551755585955312,0.6417156376695428,0.5163217598568535,0.10459376270398979,2,0.25834684220986043,Sedang,0.03773346996378546,-0.041249503093492706
IDN.31.11_1,OganKomeringUluTimur,0.07643352245668178,0.002279981760145919,0.5313298348593315,0.5695918266610104,0.2,2,0.25834684220986043,Sedang,0.01293786791307494,0.1031033821577116
IDN.31.13_1,PagarAlam,0.01312023460407454,0.005471956224350205,0.613120976452117,0.5698918247216844,0.16780155642023348,2,0.25834684220986043,Sedang,0.050718127655771106,0.05818490912969575
IDN.31.14_1,Palembang,0.007871179041311401,0.0,0.0,0.0,0.0,1,0.004851914875630412,Rendah,-0.7884653644758861,0.033813293760445916
IDN.31.15_1,Prabumulih,0.008959074346071589,0.0013679890560875513,0.4881125730308126,0.5868857953825768,0.23346303501945526,2,0.25834684220986043,Sedang,-0.010198687313624055,0.1641493283891935
IDN.32.1_1,Asahan,0.08474524895108308,0.0031919744642042863,0.4735154681105441,0.5385071721626983,0.29849916620344635,2,0.25834684220986043,Sedang,-0.02702109606226133,0.19657381213404324
IDN.32.2_1,BatuBara,0.020362994247629076,0.0009119927040583675,0.5636217127968549,0.675871263209663,0.9367704280155642,0,0.3700323617136747,Tinggi,0.23891162093239604,0.7263909997693873
IDN.32.3_1,Dairi,0.04461493281174505,0.023711810305517556,0.5967455308988104,0.47622138931235436,0.052716252618976354,2,0.25834684220986043,Sedang,-0.04050724471519873,-0.061633506721119474
IDN.32.4_1,DeliSerdang,0.05803192464606427,0.04468764249886001,0.6110250011605758,0.4923988908697616,0.02642340983085841,2,0.25834684220986043,Sedang,-0.02159628341103348,-0.09472243886530966
IDN.32.5_1,Gunungsitoli,0.0068047127827530595,0.002279981760145919,0.5006342845277254,0.5725005689727368,0.0490272373540856,2,0.25834684220986043,Sedang,-0.04738422311588919,0.00608747984962861
IDN.32.6_1,HumbangHasundutan,0.05666730079270186,0.017783857729138167,0.6334968809329204,0.5213948196756581,0.12296717549635838,2,0.25834684220986043,Sedang,0.030834623466942324,-0.009057617978589318
IDN.32.7_1,Karo,0.0482056127930827,0.06201550387596899,0.6854111056812688,0.4611675538267255,0.04669260700389105,2,0.25834684220986043,Sedang,0.009777747623652133,-0.11619340245706121
IDN.32.8_1,KotaBinjai,0.0019216694946749542,0.0,0.0,0.0,0.0,1,0.004851914875630412,Rendah,-0.7895483415083441,0.035021726537974376
IDN.32.9_1,KotaMedan,0.006178354458184356,0.00045599635202918376,0.3153038766460611,0.4152688305705694,0.09727626459143969,2,0.25834684220986043,Sedang,-0.2715513904449459,0.08249328351916019
IDN.32.10_1,KotaTanjungbalai,0.0011679416765851694,0.0,0.0,0.0,0.0,1,0.004851914875630412,Rendah,-0.7896855410387117,0.035174819728862626
IDN.32.13_1,Labuhanbatu,0.061052005700442245,0.0,0.0,0.0,0.0,1,0.004851914875630412,Rendah,-0.7787849675645923,0.023011486726236596
IDN.32.11_1,LabuhanbatuSelatan,0.06954155552899446,0.0009119927040583675,0.4678624924012219,0.5972082287435516,0.023346303501945526,2,0.25834684220986043,Sedang,-0.04602708861264704,-0.009780442226193467
IDN.32.12_1,LabuhanbatuUtara,0.07941521051467891,0.0013679890560875513,0.6176462735245349,0.7039045476963739,0.12127107652399481,0,0.3700323617136747,Tinggi,0.14903789232159637,0.034393878520030306
IDN.32.14_1,LakeToba,0.024575099289777077,0.053807569539443684,0.6464938956233074,0.5171976527311354,0.18721559058233858,2,0.25834684220986043,Sedang,0.044462689001417144,0.03222476055371212
IDN.32.15_1,Langkat,0.1400741983735162,0.056543547651618786,0.7140886349805102,0.5062394810448,0.07676980042676039,2,0.25834684220986043,Sedang,0.0824462782242763,-0.10977771062582435
IDN.32.16_1,MandailingNatal,0.1465012151392264,0.1208390332877337,0.7245759870796942,0.5681380750935903,0.10977167608839293,0,0.3700323617136747,Tinggi,0.14190910827197378,-0.09646326917630745
IDN.32.20_1,Nias,0.01863802899817642,0.004559963520291838,0.5321171322554069,0.5510726583683273,0.04922178988326848,2,0.25834684220986043,Sedang,-0.03863346084413721,-0.013128236095512363
IDN.32.17_1,NiasBarat,0.010545556744521869,0.00729594163246694,0.5837213811003369,0.589213945612713,0.03805933852140078,2,0.25834684220986043,Sedang,0.018911923797294228,-0.03278562219245203
IDN.32.18_1,NiasSelatan,0.05584520826022849,0.02781577747378021,0.6474248077432029,0.5983950315583957,0.04091981884289086,2,0.25834684220986043,Sedang,0.07771482878833047,-0.068299472207885
IDN.32.19_1,NiasUtara,0.026823069428015815,0.015047879616963064,0.5850758905473131,0.6161269742403122,0.05058365758754864,2,0.25834684220986043,Sedang,0.04399385569800329,-0.023328257860378905
IDN.32.22_1,PadangLawas,0.08537393366661716,0.05198358413132695,0.6856985512713005,0.5789103705250644,0.23281452658884566,0,0.3700323617136747,Tinggi,0.13313772241737876,0.05595683508957064
IDN.32.21_1,PadangLawasUtara,0.08862600449747177,0.04149566803465572,0.6647588782118558,0.5953928858945577,0.25484243383076066,0,0.3700323617136747,Tinggi,0.1348090994341128,0.08800274842419797
IDN.32.23_1,Padangsidimpuan,0.0028294233143467402,0.00729594163246694,0.6264125109667145,0.539243564781529,0.0323443579766537,2,0.25834684220986043,Sedang,0.01079761102168908,-0.06223590265834085
IDN.32.24_1,PakpakBarat,0.02950507761694642,0.004559963520291838,0.4611744917684623,0.45782656775575004,0.10155642023346304,2,0.25834684220986043,Sedang,-0.1386636004718087,0.034368886308634404
IDN.32.25_1,Pematangsiantar,0.001527055702440252,0.0009119927040583675,0.5176731322032069,0.6363761252936256,0.33073929961089493,2,0.25834684220986043,Sedang,0.06109499996636647,0.24450717425527807
IDN.32.26_1,Samosir,0.027617508935365926,0.06703146374829001,0.6889779942338261,0.43366680732145596,0.06789486222504566,2,0.25834684220986043,Sedang,-0.006255605682260357,-0.10344266915691182
IDN.32.27_1,SerdangBedagai,0.04322569654252804,0.0013679890560875513,0.6355226741065422,0.7198531458501134,0.37808041504539563,0,0.3700323617136747,Tinggi,0.21473061446513797,0.24799716631270236
IDN.32.28_1,Sibolga,4.9967513019517754e-05,0.00045599635202918376,0.35348727771633615,0.4655580197753677,0.04085603112840467,2,0.25834684220986043,Sedang,-0.22311071166397678,0.03394934221826808
IDN.32.29_1,Simalungun,0.0987781568595173,0.03784769721842225,0.6759655874970473,0.5462913459669682,0.20338943321925837,2,0.25834684220986043,Sedang,0.10041307167903535,0.0307283284273739
IDN.32.30_1,TapanuliSelatan,0.09227267354051973,0.08390332877336981,0.6899378527299884,0.5523929783789342,0.12869015395026223,2,0.25834684220986043,Sedang,0.10015846353359403,-0.048126994680196586
IDN.32.31_1,TapanuliTengah,0.05267683156672299,0.02553579571363429,0.6807954913338952,0.5528761786995866,0.14372568093385213,2,0.25834684220986043,Sedang,0.08793600086965392,-0.004944590464248846
IDN.32.32_1,TapanuliUtara,0.08320896831205701,0.27861377108983126,0.7593882283019187,0.5295146692427396,0.09324192654766378,2,0.25834684220986043,Sedang,0.12968580277700248,-0.17047249477396326
IDN.32.33_1,Tebingtinggi,0.0007033869749376897,0.0,0.0,0.0,0.0,1,0.004851914875630412,Rendah,-0.7897701029791979,0.035269177612319284
IDN.32.34_1,TobaSamosir,0.04800465979123768,0.018695850433196534,0.7028604019373083,0.6244130995248547,0.24513618677042803,0,0.3700323617136747,Tinggi,0.17042299736147404,0.0877419861851043
IDN.33.1_1,Bantul,0.011588180149553724,0.015503875968992248,0.7293894578939711,0.3797575444721833,0.039711604486152435,2,0.25834684220986043,Sedang,-0.02626393247615877,-0.13242371841617329
IDN.33.2_1,GunungKidul,0.033520653946674486,0.057455540355677154,0.6276144500804364,0.4707413972417829,0.036918658513989254,2,0.25834684220986043,Sedang,-0.027317123291375256,-0.09612118510431018
IDN.33.3_1,KotaYogyakarta,0.0005558370629371865,0.0,0.0,0.0,0.0,1,0.004851914875630412,Rendah,-0.7897969611873552,0.03529914716671451
IDN.33.4_1,KulonProgo,0.013055750773197405,0.00045599635202918376,0.42007888833851653,0.553262048546081,0.5836575875486382,2,0.25834684220986043,Sedang,-0.011366291998305633,0.4677787609186475
IDN.33.5_1,Sleman,0.0129387935420377,0.004559963520291838,0.6660436535175323,0.4159420611642587,0.03735408560311284,2,0.25834684220986043,Sedang,-0.04466448419366009,-0.09981373342897575
