id_kabupaten,nama_kabupaten,frekuensi_gempa,depth_mean,mag_max,mag_mean,cluster_label,risk_score,risk_level,PC1,PC2
IDN.1.2_1,AcehBarat,0.09779501837484689,0.018488292809795942,0.7019424365948154,0.5370606414382187,1,0.6237393428198579,Tinggi,-0.10821847100954074,-0.09323061652127929
IDN.1.1_1,AcehBaratDaya,0.01796651694569212,0.04735231098867462,0.7316618637152883,0.5200558594414482,2,0.5316956154474017,Sedang,-0.09215880543797861,-0.06987715769836467
IDN.1.3_1,AcehBesar,0.03389138423846468,0.029402458318120973,0.6409452801170444,0.5370574890773003,2,0.5316956154474017,Sedang,-0.06135694212417164,-0.09258414857813857
IDN.1.4_1,AcehJaya,0.043078807676602694,0.04915824915824916,0.7433944549056153,0.5787247824431668,1,0.6237393428198579,Tinggi,-0.12770283519060976,-0.028431879687579653
IDN.1.5_1,AcehSelatan,0.05532870559412005,0.031202554449786923,0.6880850172549634,0.493502717696721,2,0.5316956154474017,Sedang,-0.06784950285748692,-0.11298485329147223
IDN.1.6_1,AcehSingkil,0.061249489587586775,0.031645342312008974,0.9784051205126734,0.5630671387985107,1,0.6237393428198579,Tinggi,-0.2677541249662355,-0.0002453587265122126
IDN.1.7_1,AcehTamiang,0.0012249897917517355,0.10303030303030304,0.7670122174901949,0.7443728787627605,0,0.6213842200459655,Tinggi,-0.18211907200333433,0.13195049824695948
IDN.1.8_1,AcehTengah,0.022662311147407105,0.045445445445445445,0.636272116972067,0.5166301892998606,2,0.5316956154474017,Sedang,-0.037456202047704834,-0.09549652107221784
IDN.1.9_1,AcehTenggara,0.022662311147407105,0.04694998028331362,0.6085829243211042,0.5034752158177419,2,0.5316956154474017,Sedang,-0.014280668162598431,-0.10973217130849056
IDN.1.10_1,AcehTimur,0.02041649652919559,0.011919191919191921,0.6246813388549571,0.4494651033458309,2,0.5316956154474017,Sedang,-0.020535851810109196,-0.16687470397233062
IDN.1.11_1,AcehUtara,0.00551245406288281,0.013393191170968948,0.6470431053414505,0.5243252744800646,2,0.5316956154474017,Sedang,-0.06721877458466163,-0.10781319582018534
IDN.1.12_1,BandaAceh,0.0012249897917517355,0.004938271604938271,0.6105284076884311,0.5817940949078131,2,0.5316956154474017,Sedang,-0.07914921238116446,-0.08186647824032167
IDN.1.13_1,BenerMeriah,0.018783176806859946,0.003747621138925487,0.6166185064550715,0.451778796816995,2,0.5316956154474017,Sedang,-0.02230020124780363,-0.17250095484281402
IDN.1.14_1,Bireuen,0.008574928542262147,0.026390893057559726,0.6875590635976406,0.5422687649894049,2,0.5316956154474017,Sedang,-0.0906956870541582,-0.07783513682946508
IDN.1.15_1,GayoLues,0.04512045732952226,0.018736383442265796,0.6343311857558597,0.5143197624116189,2,0.5316956154474017,Sedang,-0.054517971800865705,-0.11818452335112084
IDN.1.16_1,Langsa,0.0002041649652919559,0.0033670033670033673,0.46384792499424093,0.5928396839002813,3,0.27979267982873623,Rendah,-0.0013600226891928857,-0.10823654589224319
IDN.1.17_1,Lhokseumawe,0.0002041649652919559,0.016835016835016835,0.4268915498549366,0.545606087337448,3,0.27979267982873623,Rendah,0.05138335222592294,-0.13979387504021323
IDN.1.18_1,NaganRaya,0.0639036341363822,0.02115510805606652,0.8942002207832269,0.5451975838674414,1,0.6237393428198579,Tinggi,-0.21804253498411907,-0.03890699684145715
IDN.1.20_1,Pidie,0.09963250306247448,0.008699011977700502,0.6801644847548644,0.5126259750119291,2,0.5316956154474017,Sedang,-0.09060558302925747,-0.12179198155522042
IDN.1.19_1,PidieJaya,0.031237239689669256,0.010329878303734512,0.8255005824002299,0.5605130045411366,1,0.6237393428198579,Tinggi,-0.1907697467548337,-0.04769527644252325
IDN.1.21_1,Sabang,0.013270722743977134,0.032167832167832165,0.5938313897115156,0.49647100205810446,2,0.5316956154474017,Sedang,-0.011531741527237127,-0.12693508236444462
IDN.1.22_1,Simeulue,0.21866067782768478,0.022983020368641284,0.7770568551764211,0.6211047060613261,1,0.6237393428198579,Tinggi,-0.1975347985835919,-0.02863257913196271
IDN.1.23_1,Subulussalam,0.0036749693752552064,0.06344930789375235,0.8407993070367612,0.4741541172307521,1,0.6237393428198579,Tinggi,-0.12098570835678535,-0.0643160966224382
IDN.2.1_1,Badung,0.08779093507554105,0.04285020750137029,0.7679415089217944,0.5484596281688403,1,0.6237393428198579,Tinggi,-0.1346934746872268,-0.05284250309567906
IDN.2.2_1,Bangli,0.008779093507554105,0.05247827108292225,0.5884558576916348,0.45394065563528224,2,0.5316956154474017,Sedang,0.025703811670199195,-0.14300133993777325
IDN.2.3_1,Buleleng,0.05389955083707636,0.025681052953780224,0.7819901997253342,0.4759375040374516,1,0.6237393428198579,Tinggi,-0.11676811946211729,-0.107540068520389
IDN.2.4_1,Denpasar,0.005104124132298897,0.0828821548821549,0.7157659237304801,0.5025573092548836,2,0.5316956154474017,Sedang,-0.0502493723274543,-0.05982276407232756
IDN.2.5_1,Gianyar,0.00449162923642303,0.08129782675237221,0.6308712919897641,0.49937578492688617,2,0.5316956154474017,Sedang,-0.0010746518245070558,-0.08211885148437292
IDN.2.6_1,Jembrana,0.007554103715802368,0.057093457093457096,0.5676306906198554,0.48441818558524935,2,0.5316956154474017,Sedang,0.026142737771193247,-0.1234713667783735
IDN.2.7_1,Karangasem,0.1365863617803185,0.017447016251201604,0.7501079848907195,0.4645751042263862,1,0.6237393428198579,Tinggi,-0.10456242844737718,-0.13708786694923208
IDN.2.8_1,Klungkung,0.03042057982850143,0.06942354190676339,0.7264979334517104,0.5312837600106698,2,0.5316956154474017,Sedang,-0.08093676048592224,-0.04960880981197313
IDN.2.9_1,Tabanan,0.01694569211923234,0.0833962111070545,0.5781613249798709,0.43946178432405136,2,0.5316956154474017,Sedang,0.058362218549337874,-0.1350381983918355
IDN.3.4_1,Bangka,0.0030624744793793387,0.171358024691358,0.7632757818090624,0.9045972096539217,0,0.6213842200459655,Tinggi,-0.21192865230927815,0.2875932660864148
IDN.3.1_1,BangkaBarat,0.002041649652919559,0.03151515151515151,0.7471418546246936,0.7568821267354968,0,0.6213842200459655,Tinggi,-0.2240056416166355,0.08716271849420909
IDN.3.2_1,BangkaSelatan,0.0008166598611678236,0.0606060606060606,0.6750244478431399,0.832528666793522,0,0.6213842200459655,Tinggi,-0.19970190153085254,0.1428846396340122
IDN.3.3_1,BangkaTengah,0.0004083299305839118,0.0,0.7193107767686852,0.9105199053213783,0,0.6213842200459655,Tinggi,-0.30249765031885056,0.1650789556169019
IDN.3.6_1,Belitung,0.0028583095140873828,0.126022126022126,0.7477816075043087,0.8356709053950512,0,0.6213842200459655,Tinggi,-0.19987183034923073,0.20584446763089503
IDN.3.5_1,BelitungTimur,0.004695794201714986,0.15473576343141562,0.7736099155274583,0.8588752821934098,0,0.6213842200459655,Tinggi,-0.2069933827909255,0.24699308288361677
IDN.3.7_1,Pangkalpinang,0.0,1.0,0.0,0.0,3,0.27979267982873623,Rendah,1.2069494237256047,0.06066977412849206
IDN.4.1_1,Cilegon,0.0012249897917517355,0.20650953984287318,0.5557324065449943,0.5945275841296974,4,0.5239242768736089,Rendah,0.07919687099421768,0.05215826591485473
IDN.4.2_1,KotaSerang,0.0008166598611678236,0.16936026936026935,0.4876894432951471,0.5871452873826631,4,0.5239242768736089,Rendah,0.09723985672229685,0.006466766732405871
IDN.4.3_1,KotaTangerang,0.0,1.0,0.0,0.0,3,0.27979267982873623,Rendah,1.2069494237256047,0.06066977412849206
IDN.4.4_1,Lebak,0.05430788076766027,0.06494012809802285,0.7705176236560962,0.5374153367886865,1,0.6237393428198579,Tinggi,-0.11382245920567824,-0.04114298126047944
IDN.4.5_1,Pandeglang,0.2356063699469171,0.026310476223821107,0.8754660507678925,0.6103913704436426,1,0.6237393428198579,Tinggi,-0.24783442991047488,-0.013417465038189857
IDN.4.6_1,Serang,0.006329113924050634,0.15381774736613446,0.6242393328524846,0.5940102489748195,4,0.5239242768736089,Rendah,0.005030161174179648,0.030689296893765206
IDN.4.8_1,Tangerang,0.0008166598611678236,0.2946127946127946,0.5011602460309665,0.5661808413086621,4,0.5239242768736089,Rendah,0.18226509741788216,0.08060440771469324
IDN.4.7_1,TangerangSelatan,0.0,1.0,0.0,0.0,3,0.27979267982873623,Rendah,1.2069494237256047,0.06066977412849206
IDN.5.4_1,Bengkulu,0.0034708044099632505,0.04432560903149139,0.7059341234061259,0.6064435529314088,2,0.5316956154474017,Sedang,-0.119819483725782,-0.016832621932375336
IDN.5.1_1,BengkuluSelatan,0.05492037566353614,0.044957630831236786,0.7497310005432924,0.6016572432157514,1,0.6237393428198579,Tinggi,-0.14598724589711964,-0.015406839449585097
IDN.5.2_1,BengkuluTengah,0.005104124132298897,0.060686868686868685,0.5796236568311317,0.5607518325264526,2,0.5316956154474017,Sedang,-0.014823056696038006,-0.06563170171105048
IDN.5.3_1,BengkuluUtara,0.26010616578195184,0.03439946297089154,0.889879143976653,0.6473254449740821,1,0.6237393428198579,Tinggi,-0.27028766206123933,0.018059424238728528
IDN.5.5_1,Kaur,0.07064107799101675,0.03488059788637824,0.8297366524795441,0.590049155935518,1,0.6237393428198579,Tinggi,-0.1940696196998507,-0.013963968511368496
IDN.5.6_1,Kepahiang,0.002449979583503471,0.03557800224466891,0.6368966029603401,0.5497355596989707,2,0.5316956154474017,Sedang,-0.058733491996432075,-0.07716816626087675
IDN.5.7_1,Lebong,0.007554103715802368,0.028555828555828555,0.5659187570791601,0.5157985623883501,2,0.5316956154474017,Sedang,-0.0067789858915641155,-0.12178692945871539
IDN.5.8_1,Mukomuko,0.049203756635361376,0.040988026880143066,0.8596301054824124,0.6014206464979925,1,0.6237393428198579,Tinggi,-0.21105015514608383,0.007059930570891493
IDN.5.9_1,RejangLebong,0.008370763576970192,0.03690564178369057,0.5692486123439531,0.5260252296730858,2,0.5316956154474017,Sedang,-0.00814497375391765,-0.10840285452213172
IDN.5.10_1,Seluma,0.10228664761126992,0.03824942707178236,0.8147401021197075,0.6106844491888984,1,0.6237393428198579,Tinggi,-0.19548688048942608,-0.004291786637806272
IDN.6.1_1,Boalemo,0.2582686810943242,0.13864867382653945,0.7307240737622631,0.46835650038893845,1,0.6237393428198579,Tinggi,-0.024216449723942657,-0.06928477151938495
IDN.6.2_1,BoneBolango,0.18170681910984077,0.15364279499110958,0.7997767549264011,0.530126633159155,1,0.6237393428198579,Tinggi,-0.07790992616499759,0.007194296282209578
IDN.6.3_1,DanauLimboto,0.0,1.0,0.0,0.0,3,0.27979267982873623,Rendah,1.2069494237256047,0.06066977412849206
IDN.6.5_1,Gorontalo,0.04267047774601879,0.07127414495835549,0.7167213339706655,0.442375640661094,2,0.5316956154474017,Sedang,-0.032331766019339625,-0.11293024484237402
IDN.6.4_1,GorontaloUtara,0.13229889750918744,0.11743151681423288,0.7875873913359123,0.548177322253751,1,0.6237393428198579,Tinggi,-0.09985876981206054,-0.002521932430982199
IDN.6.6_1,KotaGorontalo,0.0012249897917517355,0.07138047138047139,0.6810259636623871,0.5396747419478589,2,0.5316956154474017,Sedang,-0.05546791708730492,-0.04957769463531203
IDN.6.7_1,Pohuwato,0.245406288280931,0.1456842411917287,0.7569686411542255,0.46366423813841523,1,0.6237393428198579,Tinggi,-0.03141248613296577,-0.060408486203113565
IDN.7.1_1,JakartaBarat,0.0,1.0,0.0,0.0,3,0.27979267982873623,Rendah,1.2069494237256047,0.06066977412849206
IDN.7.2_1,JakartaPusat,0.0,1.0,0.0,0.0,3,0.27979267982873623,Rendah,1.2069494237256047,0.06066977412849206
IDN.7.3_1,JakartaSelatan,0.0,1.0,0.0,0.0,3,0.27979267982873623,Rendah,1.2069494237256047,0.06066977412849206
IDN.7.4_1,JakartaTimur,0.0002041649652919559,0.3602693602693603,0.5915805478901766,0.7560935516034094,4,0.5239242768736089,Rendah,0.0826642775734513,0.2762572532907913
IDN.7.5_1,JakartaUtara,0.0,1.0,0.0,0.0,3,0.27979267982873623,Rendah,1.2069494237256047,0.06066977412849206
IDN.7.6_1,KepulauanSeribu,0.0032666394446712946,0.24511784511784512,0.6984970310759544,0.6803166691222996,4,0.5239242768736089,Rendah,-0.01846263459699793,0.16932401279287068
IDN.8.1_1,BatangHari,0.0010208248264597796,0.08983164983164985,0.6208711698920912,0.6979195113765768,4,0.5239242768736089,Rendah,-0.0847707889913244,0.058187187088130865
IDN.8.2_1,Bungo,0.002245814618211515,0.15775941230486684,0.5439615796643488,0.591644719417893,4,0.5239242768736089,Rendah,0.055070592190641754,0.014140265584358436
IDN.8.3_1,Jambi,0.0002041649652919559,0.0033670033670033673,0.6530995977626031,0.8347204724431821,0,0.6213842200459655,Tinggi,-0.22592914901297934,0.10044951195307761
IDN.8.4_1,Kerinci,0.00551245406288281,0.08567153011597457,0.6591748145940814,0.5728284141514086,2,0.5316956154474017,Sedang,-0.04974425505762514,-0.022432034899822595
IDN.8.5_1,Merangin,0.038178848509595756,0.1753614577143989,0.6239467624858521,0.595065577242817,4,0.5239242768736089,Rendah,0.01656905409667031,0.042607219603689184
IDN.8.6_1,MuaroJambi,0.0006124948958758677,0.001122334455667789,0.6720463919080006,0.7466797583276008,0,0.6213842200459655,Tinggi,-0.1960323553639961,0.04267101857523292
IDN.8.7_1,Sarolangun,0.014087382605144957,0.18616112819011368,0.7373737587269572,0.5933594870203496,4,0.5239242768736089,Rendah,-0.03870881160669126,0.07693009223301517
IDN.8.8_1,SungaiPenuh,0.0002041649652919559,0.12727272727272726,0.5017304106780509,0.6412569336668416,4,0.5239242768736089,Rendah,0.03547909673676919,0.018122038037534205
IDN.8.9_1,TanjungJabungB,0.0006124948958758677,0.11694725028058363,0.6896155799949069,0.7659284855068104,0,0.6213842200459655,Tinggi,-0.13888409934156165,0.1389118623289919
IDN.8.10_1,TanjungJabungT,0.0010208248264597796,0.47744107744107744,0.6712786080697651,0.7198824107306426,4,0.5239242768736089,Rendah,0.13166378903580545,0.3492159239570991
IDN.8.11_1,Tebo,0.0018374846876276032,0.06726524504302282,0.7275041714481865,0.7173874519801997,0,0.6213842200459655,Tinggi,-0.17017823947524036,0.08004911531010828
IDN.9.2_1,Bandung,0.0518579011841568,0.020546674089981176,0.6515211958019201,0.43137323008299794,2,0.5316956154474017,Sedang,-0.023848986061793642,-0.1707766824193474
IDN.9.1_1,BandungBarat,0.007758268681094325,0.026652489810384546,0.7366685555773783,0.45952105761465945,2,0.5316956154474017,Sedang,-0.07887985413185561,-0.12335031691297371
IDN.9.3_1,Banjar,0.0,1.0,0.0,0.0,3,0.27979267982873623,Rendah,1.2069494237256047,0.06066977412849206
IDN.9.4_1,Bekasi,0.0010208248264597796,0.2272053872053872,0.5958872664133545,0.6007391619455481,4,0.5239242768736089,Rendah,0.06688098294878275,0.07960687025751123
IDN.9.5_1,Bogor,0.03327888934258881,0.027303711966288655,0.6364158102816161,0.44325875730678077,2,0.5316956154474017,Sedang,-0.01507158996097857,-0.15938760094161553
IDN.9.6_1,Ciamis,0.0745202123315639,0.046191596328582635,0.748475669450047,0.5987529052620886,1,0.6237393428198579,Tinggi,-0.14450107576856763,-0.018963371535145046
IDN.9.7_1,Cianjur,0.2890975908534096,0.023782076889421522,0.7300593727609853,0.47797297237587605,1,0.6237393428198579,Tinggi,-0.10654463246500889,-0.14458284039800284
IDN.9.8_1,Cimahi,0.0004083299305839118,0.011447811447811448,0.4318986881750814,0.4364145807238166,3,0.27979267982873623,Rendah,0.09736264900608566,-0.2173568267232895
IDN.9.9_1,Cirebon,0.0014291547570436914,0.003559403559403559,0.6114404236736299,0.4870990464311454,2,0.5316956154474017,Sedang,-0.035136647076904004,-0.1476584874995135
IDN.9.10_1,Depok,0.0002041649652919559,0.3400673400673401,0.3963595661640332,0.506583445249767,3,0.27979267982873623,Rendah,0.30098117867356466,0.047197711480242655
IDN.9.11_1,Garut,0.28460596161698654,0.02316710867643436,0.8546953618291188,0.5739335941818491,1,0.6237393428198579,Tinggi,-0.22410965002875494,-0.050578354162667094
IDN.9.12_1,Indramayu,0.006124948958758677,0.26065095398428734,0.7354794721271704,0.6623124466227222,4,0.5239242768736089,Rendah,-0.020968555076238626,0.1755723678326384
IDN.9.13_1,Karawang,0.009595753368721928,0.0827136614370657,0.6934162626099364,0.5242610723519,2,0.5316956154474017,Sedang,-0.0483031450532706,-0.050545807790646546
IDN.9.14_1,KotaBandung,0.0006124948958758677,0.026262626262626265,0.4386034347813104,0.49368419639634753,3,0.27979267982873623,Rendah,0.07579138161046406,-0.1664261856120125
IDN.9.15_1,KotaBekasi,0.0002041649652919559,0.29292929292929293,0.4621972723772698,0.5907300002670378,4,0.5239242768736089,Rendah,0.1917409032954075,0.0876169113097971
IDN.9.16_1,KotaBogor,0.0014291547570436914,0.004906204906204905,0.49561606561978533,0.42312166646006993,3,0.27979267982873623,Rendah,0.06283824715568848,-0.21672990762509547
IDN.9.17_1,KotaCirebon,0.0,1.0,0.0,0.0,3,0.27979267982873623,Rendah,1.2069494237256047,0.06066977412849206
IDN.9.18_1,KotaSukabumi,0.0004083299305839118,0.08013468013468014,0.4929867035492584,0.5537575034002308,3,0.27979267982873623,Rendah,0.051364400424693535,-0.07613827692440867
IDN.9.19_1,KotaTasikmalaya,0.0012249897917517355,0.03995510662177328,0.4009066604626747,0.47495564081177266,3,0.27979267982873623,Rendah,0.11537768203145476,-0.1784867163199816
IDN.9.20_1,Kuningan,0.004083299305839118,0.05346801346801348,0.5754799442185992,0.5009672330358441,2,0.5316956154474017,Sedang,0.011562239337411073,-0.11243959180453011
IDN.9.21_1,Majalengka,0.002654144548795427,0.14229474229474232,0.5896687138943404,0.5590388941259917,4,0.5239242768736089,Rendah,0.03429326613835848,-0.00857264086533438
IDN.9.22_1,Purwakarta,0.0038791343405471623,0.02200956937799043,0.488788276793439,0.4216335426158052,3,0.27979267982873623,Rendah,0.07857506335415798,-0.20787712073587522
IDN.9.23_1,Subang,0.005920783993466721,0.1459886218506908,0.7973249023259492,0.5838568063141533,4,0.5239242768736089,Rendah,-0.09441864865001581,0.05734893683470477
IDN.9.24_1,Sukabumi,0.3301347488770927,0.02704721925501146,0.7549662623518056,0.5462336654611822,1,0.6237393428198579,Tinggi,-0.1544512304936001,-0.0943147706985078
IDN.9.25_1,Sumedang,0.009391588403429973,0.046962377397160006,0.7287070449854562,0.48205365300217345,2,0.5316956154474017,Sedang,-0.07184830112256158,-0.09597843770445902
IDN.9.26_1,Tasikmalaya,0.07166190281747653,0.038802075839112875,0.9111657584769165,0.6086682295684747,1,0.6237393428198579,Tinggi,-0.24715685330586512,0.01970592801477944
IDN.9.27_1,WadukCirata,0.002245814618211515,0.02760942760942761,0.6144194727501565,0.4569211982024452,2,0.5316956154474017,Sedang,-0.006540718516917399,-0.1513839818289619
IDN.10.1_1,Banjarnegara,0.00898325847284606,0.01900826446280992,0.559298181862997,0.428335630455391,2,0.5316956154474017,Sedang,0.0325957864040779,-0.1900155784073823
IDN.10.2_1,Banyumas,0.0036749693752552064,0.14388327721661054,0.6291775088418955,0.496583159520792,2,0.5316956154474017,Sedang,0.04260982483140596,-0.0416045177095804
IDN.10.3_1,Batang,0.0032666394446712946,0.05858585858585858,0.69213121282367,0.4820262925622351,2,0.5316956154474017,Sedang,-0.04275232600467649,-0.09562641831852248
IDN.10.4_1,Blora,0.0016333197223356473,0.10841750841750843,0.6380934805709951,0.5392429380143059,2,0.5316956154474017,Sedang,-0.006240154128469566,-0.03429167776265318
IDN.10.5_1,Boyolali,0.0018374846876276032,0.035839880284324735,0.6713312346926231,0.49876111065367884,2,0.5316956154474017,Sedang,-0.05377663578148517,-0.10418523149110803
IDN.10.6_1,Brebes,0.006533278889342589,0.11805555555555557,0.612338649698314,0.5705262613685564,2,0.5316956154474017,Sedang,-0.000498171082614185,-0.012551348395572703
IDN.10.7_1,Cilacap,0.10106165781951817,0.041257014590347925,0.7890664878896084,0.5733423160946292,1,0.6237393428198579,Tinggi,-0.1607724829919175,-0.033526383838842544
IDN.10.8_1,Demak,0.0010208248264597796,0.06936026936026937,0.477435359328822,0.489959964950002,3,0.27979267982873623,Rendah,0.08374602032477879,-0.13087219719689103
IDN.10.9_1,Grobogan,0.0002041649652919559,0.0047138047138047135,0.4594417366794351,0.5872081759275184,3,0.27979267982873623,Rendah,0.004757465989450038,-0.11217579656075127
IDN.10.10_1,Jepara,0.014904042466312781,0.42105991421059913,0.8275891840472303,0.7429811667587284,4,0.5239242768736089,Rendah,-0.007236737705942686,0.3602469383385982
IDN.10.11_1,Karanganyar,0.0006124948958758677,0.2026936026936027,0.4612884137414102,0.5152630456810635,3,0.27979267982873623,Rendah,0.16889596713846217,-0.026060810034157944
IDN.10.12_1,Kebumen,0.025112290730910578,0.043497303659905284,0.635000624426258,0.5765287022271638,2,0.5316956154474017,Sedang,-0.06694939996898186,-0.05624117204168744
IDN.10.13_1,Kendal,0.002449979583503471,0.0749719416386083,0.9990508468795772,0.5380489377844914,1,0.6237393428198579,Tinggi,-0.23464815556540342,0.023160139311273586
IDN.10.14_1,Klaten,0.0016333197223356473,0.008417508417508419,0.47815943963103746,0.42365571772472177,3,0.27979267982873623,Rendah,0.07488804734556875,-0.21791482517704952
IDN.10.15_1,KotaMagelang,0.0,1.0,0.0,0.0,3,0.27979267982873623,Rendah,1.2069494237256047,0.06066977412849206
IDN.10.16_1,KotaPekalongan,0.0002041649652919559,0.7400673400673402,0.4742574798791592,0.6061440383987826,4,0.5239242768736089,Rendah,0.4725892356792425,0.4061604301828211
IDN.10.17_1,KotaSemarang,0.0002041649652919559,0.0033670033670033673,0.7221419488896044,0.9229628540780076,0,0.6213842200459655,Tinggi,-0.30785593066371864,0.17658186983559676
IDN.10.18_1,KotaTegal,0.0,1.0,0.0,0.0,3,0.27979267982873623,Rendah,1.2069494237256047,0.06066977412849206
IDN.10.19_1,Kudus,0.0002041649652919559,0.0033670033670033673,0.5419299126820323,0.6926355402678842,2,0.5316956154474017,Sedang,-0.09401338474498822,-0.022136264922805515
IDN.10.20_1,Magelang,0.0010208248264597796,0.09252525252525254,0.5227519088183792,0.48851167857328853,3,0.27979267982873623,Rendah,0.07376442902934083,-0.10585962489262157
IDN.10.21_1,Pati,0.0030624744793793387,0.1801571268237935,0.6689281637089242,0.6244019351199918,4,0.5239242768736089,Rendah,-0.017541409805480357,0.0799481206913153
IDN.10.22_1,Pekalongan,0.0010208248264597796,0.005252525252525253,0.40137776039529505,0.43648991860569986,3,0.27979267982873623,Rendah,0.11068161334758353,-0.2284659485003543
IDN.10.23_1,Pemalang,0.0016333197223356473,0.33164983164983164,0.701509413789038,0.6538501624087888,4,0.5239242768736089,Rendah,0.04975754690280432,0.21107425465227458
IDN.10.24_1,Purbalingga,0.0006124948958758677,0.03973063973063973,0.41685665831767665,0.41174903488309433,3,0.27979267982873623,Rendah,0.13647826769172616,-0.21839433319373563
IDN.10.25_1,Purworejo,0.005308289097590854,0.08396788396788397,0.675062639621626,0.49576434752995135,2,0.5316956154474017,Sedang,-0.02296192699229349,-0.07292451797823696
IDN.10.26_1,Rembang,0.002041649652919559,0.2505050505050505,0.7335641074681454,0.6754468815993195,4,0.5239242768736089,Rendah,-0.03257340693924016,0.17767770445128628
IDN.10.27_1,Salatiga,0.0004083299305839118,0.009427609427609429,0.4357372785969772,0.5086449075645414,3,0.27979267982873623,Rendah,0.059153694141013236,-0.1682668636606905
IDN.10.28_1,Semarang,0.007145773785218457,0.020452140452140458,0.4819879424799782,0.4751128354437158,3,0.27979267982873623,Rendah,0.055529633499295517,-0.1740956254737802
IDN.10.29_1,Sragen,0.0004083299305839118,0.15218855218855218,0.6115669863066238,0.6258973830929488,4,0.5239242768736089,Rendah,-0.003656003293232013,0.04926677559658377
IDN.10.30_1,Sukoharjo,0.0010208248264597796,0.07205387205387206,0.3850769331939134,0.4136123522864801,3,0.27979267982873623,Rendah,0.1751015999780539,-0.2022413810241579
IDN.10.31_1,Surakarta,0.0002041649652919559,0.22828282828282828,0.303275368045708,0.38761340439151754,3,0.27979267982873623,Rendah,0.33764661578448774,-0.1317565773593981
IDN.10.32_1,Tegal,0.0014291547570436914,0.19076479076479075,0.5760449476435273,0.48014936777522266,2,0.5316956154474017,Sedang,0.11205844122344949,-0.03259474546258223
IDN.10.33_1,Temanggung,0.002041649652919559,0.03784511784511785,0.4831197507273431,0.4788688288308109,3,0.27979267982873623,Rendah,0.06493467699547523,-0.1588353981136646
IDN.10.34_1,WadukKedungombo,0.0,1.0,0.0,0.0,3,0.27979267982873623,Rendah,1.2069494237256047,0.06066977412849206
IDN.10.35_1,Wonogiri,0.0032666394446712946,0.08055555555555556,0.6868497908209114,0.552900025308916,2,0.5316956154474017,Sedang,-0.05924796344236194,-0.03314251358835407
IDN.10.36_1,Wonosobo,0.002245814618211515,0.032996632996632996,0.6021585292028383,0.4557864987358281,2,0.5316956154474017,Sedang,0.004586179341624863,-0.15124353857421197
IDN.11.1_1,Bangkalan,0.0028583095140873828,0.6312650312650313,0.5989103642463018,0.6505737105495074,4,0.5239242768736089,Rendah,0.3078120734644769,0.3901496164404229
IDN.11.2_1,Banyuwangi,0.268681094324214,0.02956003807067637,0.8541612906835908,0.587170596444085,1,0.6237393428198579,Tinggi,-0.22476664791223278,-0.03551941536828718
IDN.11.3_1,Batu,0.0006124948958758677,0.0047138047138047135,0.4138666569720814,0.4848104340882406,3,0.27979267982873623,Rendah,0.08000207875198762,-0.19279520853239163
IDN.11.4_1,Blitar,0.022662311147407105,0.07772014438681106,0.6286384151697976,0.5596057553665116,2,0.5316956154474017,Sedang,-0.032408357704408086,-0.04566651231222374
IDN.11.5_1,Bojonegoro,0.0120457329522254,0.025737602008788447,0.7129134553831781,0.4597516697230886,2,0.5316956154474017,Sedang,-0.06629728020312875,-0.12962404983026748
IDN.11.6_1,Bondowoso,0.01102490812576562,0.010375358523506671,0.45685826234731675,0.43943025999000496,3,0.27979267982873623,Rendah,0.08012300975815279,-0.21155294605667707
IDN.11.7_1,Gresik,0.04409963250306248,0.08113854595336077,0.7867696327951695,0.6408592261447011,1,0.6237393428198579,Tinggi,-0.16135225912544138,0.045718115524554515
IDN.11.8_1,Jember,0.1288280930992242,0.029077889299759345,0.7376541639974241,0.5729084883989147,1,0.6237393428198579,Tinggi,-0.14118523596402688,-0.05670912259846794
IDN.11.9_1,Jombang,0.0008166598611678236,0.06464646464646466,0.6855915882481527,0.5488830964584824,2,0.5316956154474017,Sedang,-0.06692000439968604,-0.04677955073369522
IDN.11.10_1,Kediri,0.004695794201714986,0.07650417215634607,0.6056545612681523,0.5375020257620285,2,0.5316956154474017,Sedang,-0.008107101986627785,-0.06490158817542291
IDN.11.11_1,KotaBlitar,0.0,1.0,0.0,0.0,3,0.27979267982873623,Rendah,1.2069494237256047,0.06066977412849206
IDN.11.12_1,KotaKediri,0.0004083299305839118,0.0033670033670033673,0.33109674923265364,0.39146875616777843,3,0.27979267982873623,Rendah,0.171369331506956,-0.27641474200332805
IDN.11.13_1,KotaMadiun,0.0,1.0,0.0,0.0,3,0.27979267982873623,Rendah,1.2069494237256047,0.06066977412849206
IDN.11.14_1,KotaMalang,0.0,1.0,0.0,0.0,3,0.27979267982873623,Rendah,1.2069494237256047,0.06066977412849206
IDN.11.15_1,KotaMojokerto,0.0,1.0,0.0,0.0,3,0.27979267982873623,Rendah,1.2069494237256047,0.06066977412849206
IDN.11.16_1,KotaPasuruan,0.0002041649652919559,0.0033670033670033673,0.39744872931505226,0.5079754944610986,3,0.27979267982873623,Rendah,0.07743034753135647,-0.18145432086720964
IDN.11.17_1,KotaProbolinggo,0.0,1.0,0.0,0.0,3,0.27979267982873623,Rendah,1.2069494237256047,0.06066977412849206
IDN.11.18_1,Lamongan,0.002449979583503471,0.1584736251402918,0.721077104162039,0.6097448167938325,4,0.5239242768736089,Rendah,-0.05465681398287714,0.06687599515227582
IDN.11.19_1,Lumajang,0.005308289097590854,0.03910903910903911,0.5958268408212609,0.4704356635632018,2,0.5316956154474017,Sedang,0.004991377160972754,-0.1387659869546054
IDN.11.20_1,Madiun,0.0057166190281747655,0.03222703222703222,0.529730339400668,0.4771780397258902,2,0.5316956154474017,Sedang,0.03505766746159611,-0.15374530746322862
IDN.11.21_1,Magetan,0.0014291547570436914,0.06974506974506975,0.41777317545552667,0.44406000592205797,3,0.27979267982873623,Rendah,0.14019414913741712,-0.17559661676482913
IDN.11.22_1,Malang,0.18966925275622704,0.03784018875515108,0.7938661878519777,0.6070355638730806,1,0.6237393428198579,Tinggi,-0.1884727169484529,-0.021232684551558245
IDN.11.23_1,Mojokerto,0.0008166598611678236,0.13265993265993264,0.5798896888856487,0.5459208022678235,2,0.5316956154474017,Sedang,0.03996985500924255,-0.026159813605341586
IDN.11.24_1,Nganjuk,0.007962433646386281,0.02063368730035397,0.5182515983379327,0.4258855960708037,3,0.27979267982873623,Rendah,0.05844142261454832,-0.1997109090759988
IDN.11.25_1,Ngawi,0.0034708044099632505,0.05034660328777976,0.6394982249012497,0.5351866532571257,2,0.5316956154474017,Sedang,-0.04356605225388632,-0.07660325681484192
IDN.11.26_1,Pacitan,0.07431604736627195,0.03704073704073704,0.7121010771175659,0.5482021473750207,1,0.6237393428198579,Tinggi,-0.10541447729610998,-0.06808694089565448
IDN.11.27_1,Pamekasan,0.0004083299305839118,0.00606060606060606,0.43584172649715436,0.5121796374329551,3,0.27979267982873623,Rendah,0.05517433338450983,-0.168114352454807
IDN.11.28_1,Pasuruan,0.0028583095140873828,0.051948051948051945,0.5638482492584472,0.45858940273372734,2,0.5316956154474017,Sedang,0.03765886469617585,-0.14506481592934894
IDN.11.29_1,Ponorogo,0.005104124132298897,0.07006060606060607,0.5812508307909906,0.5154149707829448,2,0.5316956154474017,Sedang,0.012197122775006064,-0.09000259374610609
IDN.11.30_1,Probolinggo,0.006329113924050634,0.03017269468882372,0.5896697137427224,0.473635910903837,2,0.5316956154474017,Sedang,0.001009263362724111,-0.14416414541228334
IDN.11.31_1,Sampang,0.002449979583503471,0.00505050505050505,0.8862639410191169,0.6294954357474581,1,0.6237393428198579,Tinggi,-0.2600731449792377,0.012860229486520769
IDN.11.32_1,Sidoarjo,0.0002041649652919559,0.0033670033670033673,0.505955501660318,0.646656982836854,2,0.5316956154474017,Sedang,-0.051325560986371865,-0.06180491307587932
IDN.11.33_1,Situbondo,0.01755818701510821,0.01725784981598935,0.7303608510288075,0.4756137305191509,2,0.5316956154474017,Sedang,-0.08991340121425262,-0.12119152140432887
IDN.11.34_1,Sumenep,0.06002449979583504,0.12140910236148332,0.8647866000933859,0.5703475799901168,1,0.6237393428198579,Tinggi,-0.1467973051537883,0.040608804052991165
IDN.11.35_1,Surabaya,0.0002041649652919559,0.007407407407407406,0.28201057772619376,0.36043507526266977,3,0.27979267982873623,Rendah,0.21707824483154348,-0.3059886595182639
IDN.11.36_1,Trenggalek,0.13638219681502656,0.03597653178491502,0.7510703367437568,0.5875697778896412,1,0.6237393428198579,Tinggi,-0.1519136614247737,-0.039730780794727805
IDN.11.37_1,Tuban,0.006329113924050634,0.09408059085478442,0.8745427090732283,0.5677279581856584,1,0.6237393428198579,Tinggi,-0.16521955462622617,0.028161259897919733
IDN.11.38_1,Tulungagung,0.005104124132298897,0.10615488215488215,0.6585369381543863,0.521745231552254,2,0.5316956154474017,Sedang,-0.011303880439378022,-0.04363048509842371
IDN.12.1_1,Bengkayang,0.0014291547570436914,0.18133718133718132,0.816869158966047,0.8359634637575495,0,0.6213842200459655,Tinggi,-0.20298326510340992,0.2595019605873772
IDN.12.2_1,KapuasHulu,0.006737443854634545,0.1096826854402612,0.8029859836280521,0.8833952570226483,0,0.6213842200459655,Tinggi,-0.2654885114511606,0.23946328050263077
IDN.12.3_1,KayongUtara,0.002449979583503471,0.20987654320987656,0.7652262898542597,0.8953593014726952,0,0.6213842200459655,Tinggi,-0.18314009010677068,0.30804918292042005
IDN.12.4_1,Ketapang,0.008370763576970192,0.10148640880348199,0.8085225179388554,0.8582537505300752,0,0.6213842200459655,Tinggi,-0.26212204125801386,0.21767007911673686
IDN.12.5_1,KotaPontianak,0.0,1.0,0.0,0.0,3,0.27979267982873623,Rendah,1.2069494237256047,0.06066977412849206
IDN.12.6_1,KubuRaya,0.002041649652919559,0.26976430976430976,0.7688548883251005,0.8933583775786172,0,0.6213842200459655,Tinggi,-0.14469643459807913,0.34841861161025356
IDN.12.7_1,Landak,0.0008166598611678236,0.007070707070707069,0.7947388271984954,0.6652528383796223,1,0.6237393428198579,Tinggi,-0.22333787776658698,0.01838600570197546
IDN.12.8_1,Melawi,0.0008166598611678236,0.1606060606060606,0.7770620103243182,0.9623325891462012,0,0.6213842200459655,Tinggi,-0.25447806962331176,0.32324839408001516
IDN.12.9_1,Pontianak,0.0004083299305839118,0.0033670033670033673,0.7868366856571988,1.0,0,0.6213842200459655,Tinggi,-0.3819270548890832,0.24401876605672035
IDN.12.10_1,Sambas,0.0032666394446712946,0.16422558922558922,0.8513473955276369,0.9204376277896387,0,0.6213842200459655,Tinggi,-0.2747250494702632,0.31339131383844077
IDN.12.11_1,Sanggau,0.0028583095140873828,0.07801827801827803,0.7754015238612628,0.8145519388639094,0,0.6213842200459655,Tinggi,-0.23724826301192437,0.16478282508066344
IDN.12.12_1,Sekadau,0.0002041649652919559,0.35622895622895623,0.7017893925958867,0.8969504427044306,0,0.6213842200459655,Tinggi,-0.0507784387587189,0.3950252839206566
IDN.12.13_1,Singkawang,0.0002041649652919559,0.0033670033670033673,0.7589513011394613,0.9700085420643239,0,0.6213842200459655,Tinggi,-0.3515345093223732,0.21717119990859668
IDN.12.14_1,Sintang,0.0036749693752552064,0.260231949120838,0.8045033003067775,0.8472410243784397,0,0.6213842200459655,Tinggi,-0.14939736111236734,0.31808097069990193
IDN.13.1_1,Balangan,0.0004083299305839118,0.6821548821548823,0.7365312416320593,0.869836635397465,0,0.6213842200459655,Tinggi,0.15746074215419031,0.6066946599032851
IDN.13.3_1,Banjar,0.0008166598611678236,0.02121212121212121,0.6037685326238156,0.6494970917077874,2,0.5316956154474017,Sedang,-0.09700528400180364,-0.025736838497772974
IDN.13.2_1,BanjarBaru,0.0,1.0,0.0,0.0,3,0.27979267982873623,Rendah,1.2069494237256047,0.06066977412849206
IDN.13.4_1,Banjarmasin,0.0,1.0,0.0,0.0,3,0.27979267982873623,Rendah,1.2069494237256047,0.06066977412849206
IDN.13.5_1,BaritoKuala,0.0006124948958758677,0.4118967452300786,0.7840606384513481,0.8719325157446435,0,0.6213842200459655,Tinggi,-0.04919617481146776,0.4343076415432162
IDN.13.6_1,HuluSungaiSelatan,0.0002041649652919559,0.1367003367003367,0.6600645532334816,0.8436223167271388,0,0.6213842200459655,Tinggi,-0.14617954765404206,0.19915150831148276
IDN.13.7_1,HuluSungaiTengah,0.0002041649652919559,0.01548821548821549,0.5363463858769193,0.685499287009377,2,0.5316956154474017,Sedang,-0.07938657778659486,-0.020018458427615182
IDN.13.8_1,HuluSungaiUtara,0.0004083299305839118,0.39865319865319865,0.7863903399761334,0.8848429212472513,0,0.6213842200459655,Tinggi,-0.06545625291307322,0.4346793756318045
IDN.13.9_1,KotaBaru,0.004695794201714986,0.05548235983018592,0.7756468925512826,0.8457014767103371,0,0.6213842200459655,Tinggi,-0.2673541983812451,0.17064721435999286
IDN.13.10_1,Tabalong,0.0012249897917517355,0.007856341189674524,0.5241335939950509,0.5863946451678158,2,0.5316956154474017,Sedang,-0.029923776227534726,-0.09614820043536387
IDN.13.11_1,TanahBumbu,0.0006124948958758677,0.1627384960718294,0.7286033015728051,0.8965348928957411,0,0.6213842200459655,Tinggi,-0.19369896367724626,0.26863822125199854
IDN.13.12_1,TanahLaut,0.0032666394446712946,0.0861952861952862,0.8315272209760933,0.8726069139019413,0,0.6213842200459655,Tinggi,-0.2919134884887358,0.22281588626339188
IDN.13.13_1,Tapin,0.0002041649652919559,0.0033670033670033673,0.7586239309619455,0.9695901333098613,0,0.6213842200459655,Tinggi,-0.351146046522157,0.21681021186129146
IDN.14.1_1,BaritoSelatan,0.0008166598611678236,0.2531986531986532,0.6377021829909282,0.7324348885334913,4,0.5239242768736089,Rendah,-0.0031307055172633547,0.1972240237591414
IDN.14.2_1,BaritoTimur,0.0002041649652919559,0.0033670033670033673,0.5279205947207614,0.6747303623328498,2,0.5316956154474017,Sedang,-0.07738969921061822,-0.037584209427991455
IDN.14.3_1,BaritoUtara,0.0012249897917517355,0.004938271604938271,0.7978510132812772,0.8271279344800102,0,0.6213842200459655,Tinggi,-0.3042706156576699,0.12875711589960792
IDN.14.4_1,GunungMas,0.0016333197223356473,0.16414141414141414,0.7716300376795058,0.9080965322817013,0,0.6213842200459655,Tinggi,-0.22305450191445697,0.28710387723842234
IDN.14.5_1,Kapuas,0.0014291547570436914,0.045310245310245315,0.7963439079385389,0.9222152096557629,0,0.6213842200459655,Tinggi,-0.32242086847398976,0.22125960224452512
IDN.14.6_1,Katingan,0.0016333197223356473,0.2383838383838384,0.7618682319303167,0.8121814916772856,0,0.6213842200459655,Tinggi,-0.12240651084516008,0.2697190891672966
IDN.14.7_1,KotawaringinBarat,0.0016333197223356473,0.04562289562289562,0.7364281134912513,0.8659709866734366,0,0.6213842200459655,Tinggi,-0.2608940279412024,0.1693468523836663
IDN.14.8_1,KotawaringinTimur,0.0010208248264597796,0.409023569023569,0.7053942415988904,0.8505557209981256,0,0.6213842200459655,Tinggi,0.004218660387874218,0.3999261698388038
IDN.14.9_1,Lamandau,0.0008166598611678236,0.0033670033670033673,0.7294365432738286,0.883756414849983,0,0.6213842200459655,Tinggi,-0.2932591964929614,0.15123055772241323
IDN.14.10_1,MurungRaya,0.002245814618211515,0.020508111417202324,0.7804379718743059,0.9011928349192262,0,0.6213842200459655,Tinggi,-0.31964602334463266,0.1862243155371056
IDN.14.11_1,PalangkaRaya,0.0002041649652919559,0.008754208754208756,0.5577181179596739,0.7128142974031371,2,0.5316956154474017,Sedang,-0.10919179242930865,-0.0010491092546178749
IDN.14.12_1,PulangPisau,0.0030624744793793387,0.20359147025813693,0.8100731348457122,0.8735692275929406,0,0.6213842200459655,Tinggi,-0.20257227120911692,0.2988151761550566
IDN.14.13_1,Seruyan,0.002245814618211515,0.22326293235384145,0.7498262035474383,0.8765440844530845,0,0.6213842200459655,Tinggi,-0.1564310762042822,0.3008239199457864
IDN.14.14_1,Sukamara,0.0004083299305839118,0.08686868686868687,0.7592765298874975,0.9519528490366691,0,0.6213842200459655,Tinggi,-0.2879477869016508,0.261825692658458
IDN.34.1_1,Balikpapan,0.0002041649652919559,0.0033670033670033673,0.7150732497529805,0.9139284159875617,0,0.6213842200459655,Tinggi,-0.299468096801345,0.16878728109913588
IDN.34.2_1,Berau,0.014904042466312781,0.06251556662515567,0.8274173342682111,0.6975932942997227,0,0.6213842200459655,Tinggi,-0.2220266362933243,0.08427208764002414
IDN.34.3_1,Bontang,0.0,1.0,0.0,0.0,3,0.27979267982873623,Rendah,1.2069494237256047,0.06066977412849206
IDN.34.5_1,KutaiBarat,0.0030624744793793387,0.07097643097643098,0.7931491387579379,0.8776037195936992,0,0.6213842200459655,Tinggi,-0.28235114898392155,0.2072476779783462
IDN.34.6_1,KutaiKartanegara,0.004899959167006942,0.1569584736251403,0.8154204892627624,0.8297000908432001,0,0.6213842200459655,Tinggi,-0.21549417602501486,0.2378563902560129
IDN.34.7_1,KutaiTimur,0.021437321355655372,0.046336379669713004,0.8428986253221901,0.5948411586676295,1,0.6237393428198579,Tinggi,-0.19273034271820322,0.005435018868405805
IDN.34.10_1,Paser,0.00449162923642303,0.04805632078359351,0.789533394178952,0.7664843598065595,0,0.6213842200459655,Tinggi,-0.24216880542291075,0.11431944162816521
IDN.34.11_1,PenajamPaserUtara,0.0006124948958758677,0.20448933782267117,0.6171373486733777,0.7682129172606539,4,0.5239242768736089,Rendah,-0.040660588165502554,0.18393957030944852
IDN.34.12_1,Samarinda,0.0,1.0,0.0,0.0,3,0.27979267982873623,Rendah,1.2069494237256047,0.06066977412849206
IDN.35.4,Bulungan,0.006737443854634545,0.0315273951637588,0.7397052788596524,0.6734190566727533,4,0.5239242768736089,Rendah,-0.1800133248610568,0.027669984678670323
IDN.35.8,Malinau,0.004695794201714986,0.1330112721417069,0.7752319102954771,0.87849253465714,0,0.6213842200459655,Tinggi,-0.2316810391710863,0.24599995646026596
IDN.35.9,Nunukan,0.016741527153940384,0.055645889792231264,0.8399714343481793,0.8106020515181132,0,0.6213842200459655,Tinggi,-0.2881428714309451,0.15981840706462203
IDN.35.13,TanaTidung,0.0030624744793793387,0.009562289562289562,0.7625873980302521,0.6910917557538644,0,0.6213842200459655,Tinggi,-0.21583883544010984,0.030357167761327686
IDN.35.14,Tarakan,0.0030624744793793387,0.016475869809203146,0.6122244518527584,0.567703024521974,2,0.5316956154474017,Sedang,-0.0658755269534923,-0.08348493932157564
IDN.16.1_1,Batam,0.0008166598611678236,0.0033670033670033673,0.7427474894758764,0.881541465657171,0,0.6213842200459655,Tinggi,-0.2998235831341365,0.15270350727841497
IDN.16.2_1,Bintan,0.004899959167006942,0.10735129068462403,0.769040846836698,0.8962058993294939,0,0.6213842200459655,Tinggi,-0.2535903560724232,0.23923313930608925
IDN.16.3_1,Karimun,0.0010208248264597796,0.21050505050505053,0.7033581744484828,0.8142563166751661,0,0.6213842200459655,Tinggi,-0.10823183336738484,0.2390174779777171
IDN.16.4_1,KepulauanAnambas,0.005104124132298897,0.15636363636363634,0.8312364154348671,0.9271351894615467,0,0.6213842200459655,Tinggi,-0.2717408622246362,0.30790131731063874
IDN.16.5_1,Lingga,0.005104124132298897,0.16148148148148148,0.8160541265022366,0.9001167096069644,0,0.6213842200459655,Tinggi,-0.24669164999839155,0.2894245504484383
IDN.16.6_1,Natuna,0.009595753368721928,0.10999355254674405,0.8551020830923446,0.9310810590283572,0,0.6213842200459655,Tinggi,-0.318250877832411,0.28383802933108226
IDN.16.7_1,Tanjungpinang,0.0002041649652919559,1.0,0.5212132511156089,0.6661577693591106,4,0.5239242768736089,Rendah,0.5884542448485011,0.6353846707653444
IDN.17.1_1,BandarLampung,0.0002041649652919559,0.0033670033670033673,0.34905538503459105,0.4461244148718941,3,0.27979267982873623,Rendah,0.13485468035747122,-0.2348172111186566
IDN.17.2_1,LampungBarat,0.26888525928950596,0.022750921004527684,0.8180843183253849,0.578785203372333,1,0.6237393428198579,Tinggi,-0.20457723581559484,-0.05406370340943789
IDN.17.3_1,LampungSelatan,0.04614128215598204,0.043943863412889965,0.7949731735123712,0.5804667428947945,1,0.6237393428198579,Tinggi,-0.16176320520232035,-0.019524865716280204
IDN.17.4_1,LampungTengah,0.007554103715802368,0.1302939302939303,0.7236864940681526,0.5689028158298416,4,0.5239242768736089,Rendah,-0.05552216952062439,0.019624030207885612
IDN.17.5_1,LampungTimur,0.0018374846876276032,0.18264122708567154,0.7659403028310509,0.6709163287269577,4,0.5239242768736089,Rendah,-0.09373370837695338,0.13554277271165815
IDN.17.6_1,LampungUtara,0.002654144548795427,0.2033152033152033,0.5954559643946036,0.5784228522267245,4,0.5239242768736089,Rendah,0.06195130683954936,0.047697890732283144
IDN.17.7_1,Mesuji,0.0002041649652919559,0.0033670033670033673,0.6252962342206101,0.7991852541843005,0,0.6213842200459655,Tinggi,-0.19293722366746247,0.06979100179279762
IDN.17.8_1,Metro,0.0,1.0,0.0,0.0,3,0.27979267982873623,Rendah,1.2069494237256047,0.06066977412849206
IDN.17.9_1,Pesawaran,0.00898325847284606,0.06541169268441997,0.5815539254445086,0.5207476722962366,2,0.5316956154474017,Sedang,0.0061091744967254336,-0.08986568533264849
IDN.17.10_1,Pringsewu,0.0012249897917517355,0.1468013468013468,0.6531156172293567,0.6054400688146765,4,0.5239242768736089,Rendah,-0.02126032388528276,0.04079701947860326
IDN.17.11_1,Tanggamus,0.0587995100040833,0.031925738870183316,0.7393323900815245,0.4944394948425717,1,0.6237393428198579,Tinggi,-0.09744406009224083,-0.10069619119846862
IDN.17.12_1,TulangBawangBarat,0.0004083299305839118,0.016835016835016835,0.6635951587169749,0.7055430430205096,4,0.5239242768736089,Rendah,-0.1610537982179756,0.023267135980583498
IDN.17.13_1,Tulangbawang,0.0010208248264597796,0.27515151515151515,0.7369365288639139,0.8112025355674292,0,0.6213842200459655,Tinggi,-0.08333396595863751,0.2886049964196704
IDN.17.14_1,WayKanan,0.005308289097590854,0.2493136493136493,0.6249507325057806,0.628455968740879,4,0.5239242768736089,Rendah,0.0511987507286204,0.1198077014678931
IDN.19.1_1,Ambon,0.0398121682319314,0.06327548994215662,0.81426520172555,0.5129895830338423,1,0.6237393428198579,Tinggi,-0.1271978540397971,-0.04764450029270961
IDN.19.3_1,Buru,0.09534503879134341,0.017140714785254398,0.7820534755370337,0.5533344299013403,1,0.6237393428198579,Tinggi,-0.16264727728634376,-0.06468910634507974
IDN.19.2_1,BuruSelatan,0.07268272764393631,0.20814133847841712,0.7944808434109373,0.6463004108060135,4,0.5239242768736089,Rendah,-0.08665072088937831,0.1347951780845018
IDN.19.4_1,KepulauanAru,0.030624744793793388,0.040529741863075196,0.8874703133297145,0.7517910436459245,0,0.6213842200459655,Tinggi,-0.2981279065180411,0.11829068136684395
IDN.19.5_1,MalukuBaratDaya,0.7008983258472846,0.233128645421101,0.9789324555577872,0.7298490447919282,1,0.6237393428198579,Tinggi,-0.26218408030761553,0.1827092528438221
IDN.19.6_1,MalukuTengah,1.0,0.04843315419060622,0.9116754993035662,0.5611720074143357,1,0.6237393428198579,Tinggi,-0.2865908065340995,-0.10672809958467233
IDN.19.8_1,MalukuTenggara,0.01837484687627603,0.07341563786008232,0.9107718123932695,0.7322970247157551,0,0.6213842200459655,Tinggi,-0.27951260726231986,0.1339203239587652
IDN.19.7_1,MalukuTenggaraBarat,0.21621069824418132,0.148925833722812,0.9109904983809697,0.7356471043836161,1,0.6237393428198579,Tinggi,-0.24595681209708986,0.16640004461649582
IDN.19.9_1,SeramBagianBarat,0.40118415679869335,0.017141388439098362,0.8345464426723568,0.5079202462849106,1,0.6237393428198579,Tinggi,-0.19342702724918803,-0.11718119965674312
IDN.19.10_1,SeramBagianTimur,0.24091465904450798,0.03243508531644125,0.7893233328801043,0.6098305411262319,1,0.6237393428198579,Tinggi,-0.19454951105991747,-0.029572866697166522
IDN.19.11_1,Tual,0.05369538587178441,0.11088579073369949,0.7983010052895516,0.7154187948582154,0,0.6213842200459655,Tinggi,-0.1848237611249618,0.11878573081382249
IDN.18.1_1,HalmaheraBarat,0.34748877092690894,0.07929431407692279,0.8458655144909809,0.5978098922376504,1,0.6237393428198579,Tinggi,-0.1980886313606307,-0.004658844161449016
IDN.18.2_1,HalmaheraSelatan,0.3958758677011025,0.033022332661321825,0.8993585112236384,0.5914793098319248,1,0.6237393428198579,Tinggi,-0.25980767520360915,-0.03380071666335771
IDN.18.3_1,HalmaheraTengah,0.0310330747243773,0.02040581251107567,0.7745506850311926,0.6013281734871433,1,0.6237393428198579,Tinggi,-0.17450134054119537,-0.02422451952446103
IDN.18.4_1,HalmaheraTimur,0.08411596570028583,0.03193749795691543,0.741712817998399,0.5718529066420458,1,0.6237393428198579,Tinggi,-0.13782698492325174,-0.04972831699281688
IDN.18.5_1,HalmaheraUtara,0.2449979583503471,0.03499775533108866,0.9135238714635132,0.6156230837534895,1,0.6237393428198579,Tinggi,-0.26711116082238073,0.003649823112617856
IDN.18.6_1,KepulauanSula,0.08023683135973868,0.03274303681428364,0.7492912621377259,0.6243000907365158,1,0.6237393428198579,Tinggi,-0.16653100994542647,-0.011034605167973277
IDN.18.7_1,PulauMorotai,0.33278889342588813,0.1184557228729008,0.8495087872332459,0.6648476072411809,1,0.6237393428198579,Tinggi,-0.2054270258214126,0.07052568715299257
IDN.18.8_1,Ternate,0.8562678644344631,0.023356117204471998,0.9051169546759564,0.6043006657017524,1,0.6237393428198579,Tinggi,-0.309516015332141,-0.08014220616855083
IDN.18.9_1,TidoreKepulauan,0.006737443854634545,0.07891031527395165,0.7133031665692042,0.5407377971751186,2,0.5316956154474017,Sedang,-0.06990949155728998,-0.03704375899380363
IDN.20.1_1,Bima,0.5198040016333197,0.06339540997828508,0.8502666475035261,0.5068186788029755,1,0.6237393428198579,Tinggi,-0.18010116069763482,-0.09566786568513708
IDN.20.2_1,Dompu,0.2703144140465496,0.09155909548658796,0.7805389980683193,0.5004448913062945,1,0.6237393428198579,Tinggi,-0.10013761141101152,-0.0694926905425084
IDN.20.3_1,KotaBima,0.004899959167006942,0.1371492704826038,0.5962997296232303,0.46223968943418436,2,0.5316956154474017,Sedang,0.07340218013864125,-0.07731567100278836
IDN.20.4_1,LombokBarat,0.08329930583911802,0.05744701921172509,0.8083248186434104,0.5205336800794148,1,0.6237393428198579,Tinggi,-0.1344623905308019,-0.052486567884941104
IDN.20.5_1,LombokTengah,0.10718660677827685,0.04388648388648389,0.7580690462405512,0.48148028270691573,1,0.6237393428198579,Tinggi,-0.09762421179662528,-0.10245500287079468
IDN.20.6_1,LombokTimur,0.11474071049407922,0.02558682914554801,0.6835268855210767,0.4794362367295449,2,0.5316956154474017,Sedang,-0.06656271178755424,-0.1339363433297745
IDN.20.7_1,LombokUtara,0.09983666802776645,0.035811420269497976,0.7942400919172298,0.49639157900173986,1,0.6237393428198579,Tinggi,-0.13029985327093396,-0.08879502372686066
IDN.20.8_1,Mataram,0.00551245406288281,0.04641476493328345,0.5011637194948808,0.43919702038513725,3,0.27979267982873623,Rendah,0.07904157965020953,-0.17654765377971626
IDN.20.10_1,Sumbawa,0.44997958350347084,0.047455193190220415,0.8886068657001006,0.5074106492791853,1,0.6237393428198579,Tinggi,-0.20774091150192908,-0.08995964094638764
IDN.20.9_1,SumbawaBarat,0.12474479379338506,0.028625590327717984,0.7820352418762365,0.49198402479840386,1,0.6237393428198579,Tinggi,-0.1277660246369433,-0.10216943856991845
IDN.21.1_1,Alor,0.15394038383013475,0.11580705373808824,0.8155650006991042,0.5407681432189481,1,0.6237393428198579,Tinggi,-0.11499871449080157,-0.004769094791262973
IDN.21.2_1,Belu,0.07186606778276848,0.021942913988368534,0.7828956462726074,0.5733983438750714,1,0.6237393428198579,Tinggi,-0.16786459726034952,-0.044900186037046264
IDN.21.3_1,Ende,0.08738260514495713,0.03787406778060984,0.7801411125744547,0.4980278553621839,1,0.6237393428198579,Tinggi,-0.12072822992662158,-0.08808623971939733
IDN.21.4_1,FloresTimur,0.10739077174356881,0.16515727618389214,0.8151220574890482,0.5755394967926238,1,0.6237393428198579,Tinggi,-0.09543636728078386,0.05774039318939361
IDN.21.5_1,KotaKupang,0.002041649652919559,0.020067340067340067,0.5852452192556494,0.53979022433123,2,0.5316956154474017,Sedang,-0.03456930765983801,-0.1061609391922751
IDN.21.6_1,Kupang,0.27072274397713353,0.04829796202345222,0.8967348805963548,0.5376879234337784,1,0.6237393428198579,Tinggi,-0.21318900797125417,-0.0473556507349705
IDN.21.7_1,Lembata,0.11188240097999184,0.15021504583548378,0.7912228929492964,0.566123812071181,1,0.6237393428198579,Tinggi,-0.08741489960580473,0.03521140598980954
IDN.21.10_1,Manggarai,0.0745202123315639,0.04943498916101656,0.7891795931277813,0.49243696382116464,1,0.6237393428198579,Tinggi,-0.11464584262092292,-0.0806080803831819
IDN.21.8_1,ManggaraiBarat,0.2384646794610045,0.14796480789631475,0.751989061874844,0.5202662130838073,1,0.6237393428198579,Tinggi,-0.05371584976585286,-0.02034763906424919
IDN.21.9_1,ManggaraiTimur,0.11331155573703552,0.04265477598810932,0.7926637562170683,0.5383724971099018,1,0.6237393428198579,Tinggi,-0.14602444043521723,-0.057105469693026545
IDN.21.11_1,Nagekeo,0.035320538995508376,0.10315486269243496,0.6438576867236823,0.5000813700402792,2,0.5316956154474017,Sedang,0.00330468248404181,-0.0671297914791904
IDN.21.12_1,Ngada,0.035320538995508376,0.057433681711138364,0.7853727450130662,0.515781778400469,1,0.6237393428198579,Tinggi,-0.1155074958739446,-0.0557275699849521
IDN.21.13_1,RoteNdao,0.0120457329522254,0.024641899218170407,0.6262069524656297,0.5904409353925636,2,0.5316956154474017,Sedang,-0.08007437494345093,-0.06012195165408807
IDN.21.14_1,SabuRaijua,0.030216414863209473,0.027017927017927018,0.7825796669762968,0.5928194755240487,1,0.6237393428198579,Tinggi,-0.17059270266473447,-0.023659770309045758
IDN.21.15_1,Sikka,0.13270722743977134,0.053994301994302,0.8147223498439558,0.5350020806322107,1,0.6237393428198579,Tinggi,-0.1509885821045419,-0.04881714871697829
IDN.21.17_1,SumbaBarat,0.14230298080849327,0.018661024399905315,0.7790725391375394,0.5455972655628836,1,0.6237393428198579,Tinggi,-0.15967597200475314,-0.07471921913231538
IDN.21.16_1,SumbaBaratDaya,0.34585545120457334,0.029479366669449315,0.8102371023875251,0.5371324246282823,1,0.6237393428198579,Tinggi,-0.1813055996069356,-0.08817446022994846
IDN.21.18_1,SumbaTengah,0.06288280930992242,0.03734750098386462,0.6688559063456414,0.5162206633341301,2,0.5316956154474017,Sedang,-0.06423612749747465,-0.0983310592747153
IDN.21.19_1,SumbaTimur,0.1972233564720294,0.03189242319677102,0.7280233316792737,0.5283146163945016,1,0.6237393428198579,Tinggi,-0.11743229428869861,-0.09498447359417594
IDN.21.20_1,TimorTengahSelatan,0.0587995100040833,0.024667976056864944,0.7315484478040641,0.5235169952393437,1,0.6237393428198579,Tinggi,-0.11173372802477488,-0.08743212596541738
IDN.21.21_1,TimorTengahUtara,0.0569620253164557,0.05286557329568082,0.7470776502106113,0.5353775879236118,1,0.6237393428198579,Tinggi,-0.10757790088255303,-0.05634514378152189
IDN.23.1_1,Asmat,0.0038791343405471623,0.022363990785043412,0.7332887042236237,0.736197691898276,0,0.6213842200459655,Tinggi,-0.21231314370817767,0.06339509559114487
IDN.23.2_1,BiakNumfor,0.03899550837076358,0.025571597299345987,0.7239008224075764,0.6354411227862713,1,0.6237393428198579,Tinggi,-0.15902939160612684,-0.009525278234832735
IDN.23.3_1,BovenDigoel,0.0014291547570436914,0.027994227994227995,0.7089774032185249,0.8010971121681804,0,0.6213842200459655,Tinggi,-0.22564132402434933,0.10660640339746352
IDN.23.4_1,Deiyai,0.0014291547570436914,0.025300625300625296,0.598074166785418,0.7027582569314421,4,0.5239242768736089,Rendah,-0.11665756543540995,0.012285243022046477
IDN.23.5_1,Dogiyai,0.008370763576970192,0.018313213435164656,0.6510759262771184,0.6427133390974593,2,0.5316956154474017,Sedang,-0.1233270554618755,-0.022551389834128188
IDN.23.6_1,IntanJaya,0.006737443854634545,0.12506887052341598,0.6769876329939385,0.6444033608934258,4,0.5239242768736089,Rendah,-0.06839648622034045,0.05749276456470931
IDN.23.7_1,Jayapura,0.3603511637403022,0.024168788927995725,0.7622316236041076,0.551362737143906,1,0.6237393428198579,Tinggi,-0.16520010179801237,-0.09439434824333326
IDN.23.8_1,Jayawijaya,0.00449162923642303,0.08478726660544843,0.6336211410420174,0.6575964866715461,4,0.5239242768736089,Rendah,-0.07630430025067514,0.02954308274173667
IDN.23.9_1,Keerom,0.0518579011841568,0.02489991781330364,0.7084800594488158,0.5762048762550619,2,0.5316956154474017,Sedang,-0.12314472527041564,-0.05552670812830973
IDN.23.10_1,KepulauanYapen,0.05532870559412005,0.008321840794165517,0.7249861756060281,0.5976533936847943,1,0.6237393428198579,Tinggi,-0.154098907632089,-0.04877669113175431
IDN.23.11_1,KotaJayapura,0.07901184156798693,0.005395905654303588,0.6949115344098264,0.503875006078444,2,0.5316956154474017,Sedang,-0.0955184313025147,-0.12450720475488392
IDN.23.12_1,LannyJaya,0.0016333197223356473,0.0654882154882155,0.65806164584396,0.6701769029192266,4,0.5239242768736089,Rendah,-0.10887837123613231,0.03081517847133408
IDN.23.13_1,MamberamoRaya,0.1175990200081666,0.02403198653198653,0.8780325808272864,0.6502474505046237,1,0.6237393428198579,Tinggi,-0.26126077882830734,0.025752176256917614
IDN.23.14_1,MamberamoTengah,0.007962433646386281,0.05368212034878702,0.6438970073020123,0.6520437339238245,4,0.5239242768736089,Rendah,-0.1003151747404234,0.006430921066576167
IDN.23.15_1,Mappi,0.0,1.0,0.0,0.0,3,0.27979267982873623,Rendah,1.2069494237256047,0.06066977412849206
IDN.23.16_1,Merauke,0.002449979583503471,0.1611672278338945,0.7820541292791855,0.8734981742210336,0,0.6213842200459655,Tinggi,-0.21444161166770248,0.2635687230242115
IDN.23.17_1,Mimika,0.0189873417721519,0.03807972195068969,0.6505637997851483,0.6709421529754298,4,0.5239242768736089,Rendah,-0.12431851727291632,0.009064619991306255
IDN.23.18_1,Nabire,0.09228256431196408,0.02555644945025476,0.8030776011741289,0.5963452238637321,1,0.6237393428198579,Tinggi,-0.18956262582873684,-0.024344820100152265
IDN.23.19_1,Nduga,0.01000408329930584,0.08873771730914588,0.686552528848291,0.6847432302875026,4,0.5239242768736089,Rendah,-0.11746639841560402,0.0621928696057904
IDN.23.20_1,Paniai,0.006329113924050634,0.0905615292712067,0.6316625570160534,0.6708171364424527,4,0.5239242768736089,Rendah,-0.07785236628300729,0.04192502381921881
IDN.23.21_1,PegununganBintang,0.01796651694569212,0.053688399142944605,0.7781839824477517,0.6849021197670122,0,0.6213842200459655,Tinggi,-0.19377341832788086,0.05812427542399834
IDN.23.23_1,Puncak,0.0038791343405471623,0.0917597022860181,0.6632859137494194,0.6929873338813406,4,0.5239242768736089,Rendah,-0.1056459610356063,0.06534727907662208
IDN.23.22_1,PuncakJaya,0.006124948958758677,0.0606060606060606,0.660810705622152,0.6839806345582425,4,0.5239242768736089,Rendah,-0.12063368777626815,0.03709438860939507
IDN.23.24_1,Sarmi,0.3066557778685178,0.022260779118302418,0.8274470727025746,0.6189509871236839,1,0.6237393428198579,Tinggi,-0.23232738682417986,-0.028796758988580806
IDN.23.25_1,Supiori,0.020824826459779504,0.0639334521687463,0.7818859494916769,0.71169687039275,0,0.6213842200459655,Tinggi,-0.20220565818811242,0.08404329587771642
IDN.23.26_1,Tolikara,0.008370763576970192,0.06794777038679478,0.9166528759046871,0.7199687854721745,0,0.6213842200459655,Tinggi,-0.279837606548498,0.12412687437645142
IDN.23.27_1,Waropen,0.049203756635361376,0.035533760844964166,0.9132359495503188,0.6448731924663843,1,0.6237393428198579,Tinggi,-0.2662292522971259,0.04523630440987092
IDN.23.28_1,Yahukimo,0.02307064107799102,0.03359256279610262,0.6553632590549949,0.6612729284388742,2,0.5316956154474017,Sedang,-0.12568931407754613,-1.6345626094871335e-06
IDN.23.29_1,Yalimo,0.00898325847284606,0.048209366391184574,0.6713194406324601,0.6526578330730958,4,0.5239242768736089,Rendah,-0.12001188271422902,0.009174391495172407
IDN.22.1_1,Fakfak,0.009391588403429973,0.10074659639877032,0.6114565882898702,0.5954659793724593,2,0.5316956154474017,Sedang,-0.02360163469502352,-0.007747541656302981
IDN.22.2_1,Kaimana,0.1406696610861576,0.02123704387855331,0.7623735461405382,0.6677234369895779,1,0.6237393428198579,Tinggi,-0.2069154572385139,0.007332587582524308
IDN.22.3_1,KotaSorong,0.027766435279706004,0.007397504456327987,0.6231365331159966,0.5083150380286634,2,0.5316956154474017,Sedang,-0.05142836070151369,-0.13068831439343354
IDN.22.4_1,Manokwari,0.16231114740710495,0.013621328589882053,0.9514459508142253,0.5927413932040906,1,0.6237393428198579,Tinggi,-0.28588441405137577,-0.009175603863192938
IDN.22.5_1,Maybrat,0.0036749693752552064,0.029330340441451552,0.6758570341568997,0.5656398761521653,2,0.5316956154474017,Sedang,-0.09290889224929444,-0.06187962229826394
IDN.22.6_1,RajaAmpat,0.06635361371988567,0.04647293447293447,0.7935630842136179,0.5635679468751901,1,0.6237393428198579,Tinggi,-0.15266016380773328,-0.03190937590436416
IDN.22.8_1,Sorong,0.05553287055941201,0.01396316102198455,0.6807199218542094,0.5384958879747815,2,0.5316956154474017,Sedang,-0.09662381976655854,-0.09553236345516314
IDN.22.7_1,SorongSelatan,0.0032666394446712946,0.04040404040404041,0.6338352982898057,0.5645203165504745,2,0.5316956154474017,Sedang,-0.06095136167708948,-0.06449688538304499
IDN.22.9_1,Tambrauw,0.07615353205389956,0.01587456332764644,1.0,0.6348360217763979,1,0.6237393428198579,Tinggi,-0.32609003928106883,0.04152115611950624
IDN.22.10_1,TelukBintuni,0.07207023274806043,0.017708720824868136,0.6721093986806342,0.5430262110016155,2,0.5316956154474017,Sedang,-0.09260875258735957,-0.09359131263244591
IDN.22.11_1,TelukWondama,0.04226214781543487,0.011220091413328128,0.8394691328439987,0.5753003054234743,1,0.6237393428198579,Tinggi,-0.2060967699878936,-0.034983638760109015
IDN.24.1_1,Bengkalis,0.0034708044099632505,0.1013666072489602,0.7597741495298141,0.7456959976378678,0,0.6213842200459655,Tinggi,-0.17987000276714837,0.12985219239133194
IDN.24.2_1,Dumai,0.0,1.0,0.0,0.0,3,0.27979267982873623,Rendah,1.2069494237256047,0.06066977412849206
IDN.24.3_1,IndragiriHilir,0.002041649652919559,0.13804713804713806,0.791658861644263,0.8379348550844485,0,0.6213842200459655,Tinggi,-0.21810427932947385,0.2255663059210472
IDN.24.4_1,IndragiriHulu,0.0008166598611678236,0.0952861952861953,0.6254646404008228,0.7104750399498984,4,0.5239242768736089,Rendah,-0.08981498319896086,0.07158891098416653
IDN.24.5_1,Kampar,0.002449979583503471,0.1021324354657688,0.7303086068311883,0.6647495392770326,4,0.5239242768736089,Rendah,-0.12354429575750969,0.06826602708351803
IDN.24.6_1,KepulauanMeranti,0.0004083299305839118,0.0033670033670033673,0.7201266321680766,0.897839057815337,0,0.6213842200459655,Tinggi,-0.2946548693077796,0.1588521716757858
IDN.24.7_1,KuantanSingingi,0.002041649652919559,0.1257912457912458,0.6968229289076964,0.6033307781954987,4,0.5239242768736089,Rendah,-0.05922281429354892,0.03474852514264737
IDN.24.8_1,Pekanbaru,0.0004083299305839118,0.010774410774410775,0.706595288808879,0.8052909770434835,0,0.6213842200459655,Tinggi,-0.2375814546546331,0.09730597805632735
IDN.24.9_1,Pelalawan,0.0010208248264597796,0.2439057239057239,0.684588075822421,0.7969346815265353,0,0.6213842200459655,Tinggi,-0.06711213207350086,0.24570084421423122
IDN.24.10_1,RokanHilir,0.00551245406288281,0.07813941888015963,0.7685611076623127,0.789960232084996,0,0.6213842200459655,Tinggi,-0.2216379491311965,0.14615066844937608
IDN.24.11_1,RokanHulu,0.005920783993466721,0.22712179263903404,0.6176317371894148,0.5927716361569472,4,0.5239242768736089,Rendah,0.057829800021188704,0.07843857397395582
IDN.24.12_1,Siak,0.0002041649652919559,0.10303030303030304,0.631226601481982,0.8067648009779784,0,0.6213842200459655,Tinggi,-0.13418580427475502,0.14436686312188918
IDN.25.1_1,Majene,0.02552062066149449,0.021101683501683503,0.8178923216204518,0.5214914308039821,1,0.6237393428198579,Tinggi,-0.1601456071394033,-0.06823309076470907
IDN.25.2_1,Mamasa,0.10146998775010209,0.004193511235764755,0.7558414352971659,0.4458505793278729,1,0.6237393428198579,Tinggi,-0.10502392483694001,-0.15390354319821997
IDN.25.4_1,Mamuju,0.08595345038791344,0.017599590521205723,0.7713419342978164,0.5116555124369467,1,0.6237393428198579,Tinggi,-0.13550637650924635,-0.0943923433590077
IDN.25.3_1,MamujuUtara,0.033687219273172725,0.02098153249668401,0.7328452652021564,0.5385320916331601,1,0.6237393428198579,Tinggi,-0.12027103272344397,-0.07662637641379777
IDN.25.5_1,PolewaliMandar,0.008370763576970192,0.029087624209575426,0.641230852937021,0.41240092410468904,2,0.5316956154474017,Sedang,-6.687062988008918e-06,-0.1755823331445852
IDN.26.1_1,Bantaeng,0.0014291547570436914,0.0068302068302068305,0.5991243852028981,0.4816287472233897,2,0.5316956154474017,Sedang,-0.023293831814450106,-0.15195278881937901
IDN.26.2_1,Barru,0.00551245406288281,0.013792243421873051,0.468882264859683,0.40883172247019595,3,0.27979267982873623,Rendah,0.0905833329053975,-0.22693310588322618
IDN.26.3_1,Bone,0.013883217639853002,0.04139433551198257,0.7486924606485025,0.46742063647746707,2,0.5316956154474017,Sedang,-0.08028184216047995,-0.10581989521574708
IDN.26.4_1,Bulukumba,0.005104124132298897,0.010424242424242424,0.4832748235288613,0.4167445351296097,3,0.27979267982873623,Rendah,0.07634388570696532,-0.22051642110652359
IDN.26.5_1,Enrekang,0.008574928542262147,0.004136604136604136,0.500559887506622,0.4182213676586132,3,0.27979267982873623,Rendah,0.061323969926359245,-0.22028224370606242
IDN.26.6_1,Gowa,0.0006124948958758677,0.011896745230078562,0.4736211102353992,0.49614266138608737,3,0.27979267982873623,Rendah,0.04506154474949864,-0.16666811237194606
IDN.26.7_1,Jeneponto,0.004083299305839118,0.02121212121212121,0.6924570831653394,0.5094250510844176,2,0.5316956154474017,Sedang,-0.08082319918604719,-0.1023385659727224
IDN.26.8_1,KepulauanSelayar,0.15863617803184973,0.18415905082571749,0.9401865689695903,0.587410739488921,1,0.6237393428198579,Tinggi,-0.1640296213124829,0.1014485681123184
IDN.26.11_1,Luwu,0.0036749693752552064,0.018555929667040783,0.692302384057312,0.5139337185540973,2,0.5316956154474017,Sedang,-0.08462236345050822,-0.10104602257393214
IDN.26.9_1,LuwuTimur,0.44630461412821565,0.004104478761386357,0.6523154012758746,0.4321101960742934,1,0.6237393428198579,Tinggi,-0.06453229629617407,-0.22402030156822167
IDN.26.10_1,LuwuUtara,0.03429971416904859,0.007928491261824598,0.6957399668160889,0.4775348128908966,2,0.5316956154474017,Sedang,-0.07838657476686328,-0.13584095946834646
IDN.26.12_1,Makassar,0.0002041649652919559,0.06531986531986533,0.4102750701017732,0.5243687203609262,3,0.27979267982873623,Rendah,0.10310594990964589,-0.1250178744758368
IDN.26.13_1,Maros,0.004287464271131074,0.0033670033670033673,0.5173273239913795,0.2957316587947943,3,0.27979267982873623,Rendah,0.11032680095340225,-0.30069414492806373
IDN.26.14_1,Palopo,0.0004083299305839118,0.0,0.262531259346624,0.307844547186116,3,0.27979267982873623,Rendah,0.24858321401206068,-0.35156674317489334
IDN.26.15_1,PangkajeneDanKepulauan,0.0898325847284606,0.13214263850627486,0.8184010944885807,0.5682123286335287,1,0.6237393428198579,Tinggi,-0.11429921876054261,0.03280889417392918
IDN.26.16_1,Parepare,0.0006124948958758677,0.0033670033670033673,0.38991837635167687,0.41821318297968607,3,0.27979267982873623,Rendah,0.12480785104292141,-0.2448384659763917
IDN.26.17_1,Pinrang,0.019191506737443857,0.006289848843040331,0.7464611255514617,0.43063192340559386,2,0.5316956154474017,Sedang,-0.08490525940050797,-0.15612644199445652
IDN.26.18_1,SidenrengRappang,0.004695794201714986,0.007173181086224565,0.6110587001385173,0.4242218620030691,2,0.5316956154474017,Sedang,-0.002587204835699297,-0.1888131958605263
IDN.26.19_1,Sinjai,0.002245814618211515,0.09715335169880626,0.5606283556761184,0.4962050851566367,2,0.5316956154474017,Sedang,0.05133119295307542,-0.08902943171998856
IDN.26.20_1,Soppeng,0.005104124132298897,0.007084175084175083,0.5314037307540469,0.36015979955904825,3,0.27979267982873623,Rendah,0.07372396262810005,-0.2508313562870449
IDN.26.21_1,Takalar,0.0018374846876276032,0.011747100635989523,0.6901922257500637,0.6175031198427253,2,0.5316956154474017,Sedang,-0.13749326043982357,-0.03484149106953849
IDN.26.22_1,TanaToraja,0.011229073091057576,0.004224058769513315,0.5842509934864812,0.46435398739455436,2,0.5316956154474017,Sedang,-0.00891899340024338,-0.17000223097507072
IDN.26.23_1,TorajaUtara,0.01000408329930584,0.008836665979523125,0.6120060809672567,0.4898961261143366,2,0.5316956154474017,Sedang,-0.03395091695994956,-0.14293605063377562
IDN.26.24_1,Wajo,0.009391588403429973,0.012501829893134244,0.6769174942816633,0.45097136361149803,2,0.5316956154474017,Sedang,-0.04999669188915579,-0.15249912455885173
IDN.27.2_1,Banggai,0.6588403429971417,0.05277879507814432,0.7885445743739691,0.5315299608157227,1,0.6237393428198579,Tinggi,-0.17383253743870275,-0.11488044545571974
IDN.27.1_1,BanggaiKepulauan,0.13005308289097592,0.014215414215414215,0.8578422585071013,0.5641236222104745,1,0.6237393428198579,Tinggi,-0.21574156196072547,-0.04598637008674311
IDN.27.3_1,Buol,0.17394855042874643,0.07112438943424859,0.7711689090230853,0.5403157273809811,1,0.6237393428198579,Tinggi,-0.12030816136355316,-0.04773544519305273
IDN.27.4_1,Donggala,0.14271131073907717,0.012476698313608184,0.7566303603416262,0.5167682825726182,1,0.6237393428198579,Tinggi,-0.13708806230782156,-0.1038321834355711
IDN.27.5_1,Morowali,0.21845651286239282,0.01700116429088392,0.8555958945537527,0.5525854408925946,1,0.6237393428198579,Tinggi,-0.21358039506650872,-0.06208481102714514
IDN.27.6_1,Palu,0.010820743160473663,0.010075598754844038,0.6148298902001359,0.47653895332563656,2,0.5316956154474017,Sedang,-0.02839893144356398,-0.1507168236850185
IDN.27.7_1,ParigiMoutong,0.2004899959167007,0.039433026805735565,0.7690296647581545,0.5111958849877549,1,0.6237393428198579,Tinggi,-0.1279751247634191,-0.0927232702491555
IDN.27.8_1,Poso,0.4936708860759494,0.0035936982173541306,0.829393446581617,0.45907481660210275,1,0.6237393428198579,Tinggi,-0.1827723355747548,-0.1711472709228925
IDN.27.9_1,Sigi,0.22294814209881586,0.008033941367274701,0.7849074298000048,0.4939842298821496,1,0.6237393428198579,Tinggi,-0.15119000418583795,-0.124838635533219
IDN.27.10_1,TojoUna-Una,0.23376888525928952,0.04842427183038537,0.7445662324115794,0.4915372317222036,1,0.6237393428198579,Tinggi,-0.10103225965008589,-0.10919182662025406
IDN.27.11_1,Toli-Toli,0.1190281747652103,0.028757558431657913,0.8292709324424131,0.5482263925162563,1,0.6237393428198579,Tinggi,-0.18132668624365134,-0.05220985614600293
IDN.28.1_1,Bau-Bau,0.0006124948958758677,0.010101010101010102,0.48658291611477994,0.5347301787632892,3,0.27979267982873623,Rendah,0.017923743343128407,-0.1384776571994772
IDN.28.2_1,Bombana,0.011229073091057576,0.061965105601469235,0.8563424626495406,0.523671518367208,1,0.6237393428198579,Tinggi,-0.1551999930923692,-0.02864383956960026
IDN.28.4_1,Buton,0.03389138423846468,0.06178248346923045,0.920363371208599,0.6095404604018471,1,0.6237393428198579,Tinggi,-0.23489775346860542,0.04215085266246066
IDN.28.3_1,ButonUtara,0.007962433646386281,0.018285418285418284,0.7622666882780037,0.5885388600463508,1,0.6237393428198579,Tinggi,-0.16102461945811042,-0.03472077705939258
IDN.28.5_1,Kendari,0.004695794201714986,0.0058849363197189305,0.5624967932656677,0.5255669969862433,2,0.5316956154474017,Sedang,-0.02426253837418768,-0.1310151242826152
IDN.28.7_1,Kolaka,0.05430788076766027,0.006511227563859143,0.833847899441857,0.45738586161655287,1,0.6237393428198579,Tinggi,-0.15026278900946144,-0.12174687031735065
IDN.28.6_1,KolakaUtara,0.011637403021641487,0.030657451710083286,0.6024799833049389,0.4237609569077716,2,0.5316956154474017,Sedang,0.017541446165625585,-0.17577905673994187
IDN.28.10_1,Konawe,0.03144140465496121,0.01542699724517906,0.6824417456809811,0.5312655975862185,2,0.5316956154474017,Sedang,-0.09140065795365959,-0.09650309504310794
IDN.28.8_1,KonaweSelatan,0.028787260106165783,0.017322157747689658,0.717306163651238,0.5149000945210076,2,0.5316956154474017,Sedang,-0.10207650847116845,-0.09831907213840652
IDN.28.9_1,KonaweUtara,0.011229073091057576,0.019332721150902968,0.5800806520806798,0.5094397400874385,2,0.5316956154474017,Sedang,-0.018200267402459613,-0.12966260149103442
IDN.28.11_1,Muna,0.009187423438138016,0.03317620650953984,0.5920397568275799,0.5366270674327039,2,0.5316956154474017,Sedang,-0.02881679382058122,-0.0986296417132454
IDN.28.12_1,Wakatobi,0.03715802368313598,0.4307026307026307,0.8243539292959939,0.7286118927846992,4,0.5239242768736089,Rendah,0.006243406358740211,0.353824275039229
IDN.29.1_1,Bitung,0.03246222948142099,0.06167757236939627,0.7337226103279337,0.6029291899291305,1,0.6237393428198579,Tinggi,-0.12473512315567425,-0.004288691269276668
IDN.29.5_1,BolaangMongondow,0.033687219273172725,0.2282583409856137,0.7666952407498967,0.596712184042722,4,0.5239242768736089,Rendah,-0.030774105977777633,0.11244438073938445
IDN.29.2_1,BolaangMongondowSelatan,0.32584728460596163,0.09174198121566543,0.7927980121524961,0.6062251782916778,1,0.6237393428198579,Tinggi,-0.16190966898142156,2.4269387965070166e-05
IDN.29.3_1,BolaangMongondowTimur,0.16659861167823603,0.02170231729055258,0.7881030229285636,0.6040399019128339,1,0.6237393428198579,Tinggi,-0.19268739765542875,-0.033105403786773624
IDN.29.4_1,BolaangMongondowUtara,0.034708044099632504,0.06016240839770252,0.7025407637856292,0.5920537322989645,2,0.5316956154474017,Sedang,-0.10281104356952708,-0.020049037698041783
IDN.29.6_1,KepulauanSangihe,0.24479379338505514,0.18146491324139363,0.9146233807231466,0.6998870297127223,1,0.6237393428198579,Tinggi,-0.2114948701175693,0.16177701024816327
IDN.29.7_1,KepulauanTalaud,0.6590445079624336,0.06078671890319969,0.8913509958372701,0.689110267262136,1,0.6237393428198579,Tinggi,-0.30312362772185697,0.02191050957237839
IDN.29.8_1,Kotamobagu,0.0004083299305839118,0.24781144781144782,0.4277531074747355,0.5198397430797149,3,0.27979267982873623,Rendah,0.21571358593301326,0.0003614435968596341
IDN.29.9_1,Manado,0.01000408329930584,0.29171992029134886,0.7192422783595015,0.6565797798244265,4,0.5239242768736089,Rendah,0.011311573480412118,0.18877269762390436
IDN.29.13_1,Minahasa,0.015108207431604737,0.14845754845754844,0.7224800321622309,0.6355222923128906,4,0.5239242768736089,Rendah,-0.07537878137861898,0.07668674363020167
IDN.29.10_1,MinahasaSelatan,0.022253981216823194,0.23137182219751026,0.6995933751403304,0.6167538768284799,4,0.5239242768736089,Rendah,0.000952995182151195,0.11447804997324351
IDN.29.11_1,MinahasaTenggara,0.0606369946917109,0.028720425353421987,0.7027162592591218,0.6053656476950144,2,0.5316956154474017,Sedang,-0.13196505254586688,-0.03513877013834665
IDN.29.12_1,MinahasaUtara,0.027766435279706004,0.2923747276688453,0.7343645057759521,0.6572903835941439,4,0.5239242768736089,Rendah,0.0014301795747655444,0.19118626368729874
IDN.29.14_1,SiauTagulandangBiaro,0.10739077174356881,0.14938228930624367,0.8436035394382664,0.6455754868663666,1,0.6237393428198579,Tinggi,-0.1557929125684887,0.10147653412103119
IDN.29.15_1,Tomohon,0.0006124948958758677,0.12637485970819304,0.47048873900948907,0.5930849841324551,3,0.27979267982873623,Rendah,0.07588511980313734,-0.022645551655210427
IDN.30.1_1,Agam,0.05634953042057983,0.018796662274923145,0.7953515965734109,0.47941293444161126,1,0.6237393428198579,Tinggi,-0.1308178975916391,-0.1071127511434895
IDN.30.2_1,Bukittinggi,0.0010208248264597796,0.0039057239057239054,0.4823151316951872,0.5034560979449986,3,0.27979267982873623,Rendah,0.03126356305781841,-0.16518924871756846
IDN.30.3_1,Danau,0.0038791343405471623,0.0022328548644338104,0.6364990978669611,0.505615170309902,2,0.5316956154474017,Sedang,-0.059441285200865335,-0.13047639359821767
IDN.30.4_1,Dharmasraya,0.0038791343405471623,0.16115541378699275,0.577435232579279,0.5727978611934452,4,0.5239242768736089,Rendah,0.04705820876263744,0.010867730854315583
IDN.30.5_1,KepulauanMentawai,0.3050224581461821,0.031169346296521662,0.9019636861000209,0.663603853626352,1,0.6237393428198579,Tinggi,-0.2904642742827829,0.024889354296698474
IDN.30.6_1,KotaSolok,0.0002041649652919559,0.1164983164983165,0.45230560503957884,0.5780875529869379,3,0.27979267982873623,Rendah,0.08701510926378553,-0.04373353240895417
IDN.30.7_1,LimaPuluhKota,0.0036749693752552064,0.12570145903479235,0.607464642057071,0.576059524614915,4,0.5239242768736089,Rendah,0.00489588697563792,-0.004318579132237321
IDN.30.10_1,Padang,0.04899959167006942,0.0439337822671156,0.9989215212179072,0.5873010629457491,1,0.6237393428198579,Tinggi,-0.2821319311823448,0.03072773597710754
IDN.30.8_1,PadangPanjang,0.0,1.0,0.0,0.0,3,0.27979267982873623,Rendah,1.2069494237256047,0.06066977412849206
IDN.30.9_1,PadangPariaman,0.00898325847284606,0.04181205999387818,0.5364964303307023,0.4888077486783427,2,0.5316956154474017,Sedang,0.031684135360905974,-0.1380467377918066
IDN.30.11_1,Pariaman,0.008166598611678236,0.0626936026936027,0.5566966982380324,0.5354718341994574,2,0.5316956154474017,Sedang,0.011550590451509635,-0.08711198019304778
IDN.30.13_1,Pasaman,0.06839526337280523,0.046802351876978746,0.6365969349483214,0.5063987811939166,2,0.5316956154474017,Sedang,-0.03519955155033594,-0.10647495186373046
IDN.30.12_1,PasamanBarat,0.04267047774601879,0.03659884329740789,0.7830069942781982,0.5130594034555599,1,0.6237393428198579,Tinggi,-0.12713888081578228,-0.07314826814609698
IDN.30.14_1,Payakumbuh,0.0,1.0,0.0,0.0,3,0.27979267982873623,Rendah,1.2069494237256047,0.06066977412849206
IDN.30.15_1,PesisirSelatan,0.10391996733360556,0.030938064336885555,0.82053938851158,0.5830342247716755,1,0.6237393428198579,Tinggi,-0.19048247537266216,-0.02714470016421866
IDN.30.16_1,Sawahlunto,0.0002041649652919559,0.19865319865319866,0.6297018914173728,0.8048160833400723,0,0.6213842200459655,Tinggi,-0.06925516929698305,0.20796384357287168
IDN.30.17_1,Sijunjung,0.002654144548795427,0.13918673918673918,0.5708481910705869,0.5886916875326205,4,0.5239242768736089,Rendah,0.028791119477825977,0.005436883953716887
IDN.30.19_1,Solok,0.01653736218864843,0.009186515359354866,0.6062344191675287,0.44259278629860216,2,0.5316956154474017,Sedang,-0.0081842606509962,-0.17718931622167367
IDN.30.18_1,SolokSelatan,0.0057166190281747655,0.07931697931697933,0.7133821401650113,0.5573015532025035,2,0.5316956154474017,Sedang,-0.07756298921210647,-0.025262367016635756
IDN.30.20_1,TanahDatar,0.010412413229889752,0.027820690565788606,0.598671821631661,0.50560658618166,2,0.5316956154474017,Sedang,-0.021350528909633515,-0.12223043351477314
IDN.31.1_1,BanyuAsin,0.002654144548795427,0.05641025641025641,0.7409573004939832,0.7392298005105505,0,0.6213842200459655,Tinggi,-0.19559887358483496,0.09057716598860777
IDN.31.2_1,EmpatLawang,0.0036749693752552064,0.061354283576505804,0.5385748680968656,0.5092331988027635,2,0.5316956154474017,Sedang,0.03397794174358415,-0.10963617588733943
IDN.31.3_1,Lahat,0.01245406288280931,0.04728155875696859,0.7431767080237045,0.5020694540632954,2,0.5316956154474017,Sedang,-0.08976365639039541,-0.07909109028904215
IDN.31.4_1,Lubuklinggau,0.002654144548795427,0.22600362600362603,0.5761546053599348,0.6385679818571076,4,0.5239242768736089,Rendah,0.0591146060522158,0.10015076872063922
IDN.31.5_1,MuaraEnim,0.01796651694569212,0.07000306091215183,0.6915454914924586,0.5418203923269658,2,0.5316956154474017,Sedang,-0.06466707623856194,-0.04849069763778324
IDN.31.6_1,MusiBanyuasin,0.004695794201714986,0.14226321182842921,0.7342546667175966,0.6929924664976916,4,0.5239242768736089,Rendah,-0.11303878644967358,0.11570272147424288
IDN.31.7_1,MusiRawas,0.018170681910984077,0.19114742934967655,0.6975486302778491,0.6087441852766009,4,0.5239242768736089,Rendah,-0.020282056265236492,0.08149963802559612
IDN.31.8_1,OganIlir,0.0004083299305839118,0.0033670033670033673,0.6628566655895773,0.8414137718176223,0,0.6213842200459655,Tinggi,-0.23474863571194193,0.10721888353293685
IDN.31.9_1,OganKomeringIlir,0.004083299305839118,0.1057912457912458,0.7626299637815864,0.7449730346205489,0,0.6213842200459655,Tinggi,-0.17828375433017352,0.13295228725240704
IDN.31.12_1,OganKomeringUlu,0.0032666394446712946,0.061026936026936034,0.6306677733008637,0.5228516582849755,2,0.5316956154474017,Sedang,-0.025518969037344075,-0.07974767439134467
IDN.31.10_1,OganKomeringUluSelatan,0.013679052674561046,0.062304638424041416,0.6417156376695428,0.5010511379171133,2,0.5316956154474017,Sedang,-0.021306694276272187,-0.09248959836528181
IDN.31.11_1,OganKomeringUluTimur,0.0010208248264597796,0.12835016835016835,0.5313298348593315,0.5527457006187576,2,0.5316956154474017,Sedang,0.0616602844097362,-0.0353597574438288
IDN.31.13_1,PagarAlam,0.002449979583503471,0.10606060606060608,0.613120976452117,0.553036826000952,2,0.5316956154474017,Sedang,-0.00016782781655111378,-0.03213304518995885
IDN.31.14_1,Palembang,0.0,1.0,0.0,0.0,3,0.27979267982873623,Rendah,1.2069494237256047,0.06066977412849206
IDN.31.15_1,Prabumulih,0.0006124948958758677,0.15151515151515152,0.4881125730308126,0.5695281866202118,3,0.27979267982873623,Rendah,0.09369018221968112,-0.01769706574193286
IDN.32.1_1,Asahan,0.0018374846876276032,0.15361017583239805,0.7409413211426501,0.5938442843819013,4,0.5239242768736089,Rendah,-0.061571770115872115,0.057170369818385636
IDN.32.2_1,BatuBara,0.0006124948958758677,0.42671156004489336,0.688416141704337,0.7305406315643916,4,0.5239242768736089,Rendah,0.08326967384757489,0.32580353698166276
IDN.32.3_1,Dairi,0.010616578195181707,0.02639212639212639,0.5967455308988104,0.4621367673552573,2,0.5316956154474017,Sedang,-0.0003360832842707051,-0.15351483885267725
IDN.32.4_1,DeliSerdang,0.02041649652919559,0.009198653198653197,0.6110250011605758,0.48020523502681856,2,0.5316956154474017,Sedang,-0.02926352163874446,-0.15069230858565036
IDN.32.5_1,Gunungsitoli,0.008166598611678236,0.03323232323232323,0.7499691997091914,0.5509773802904747,1,0.6237393428198579,Tinggi,-0.1260939063393952,-0.05310143055923788
IDN.32.6_1,HumbangHasundutan,0.007962433646386281,0.07502374169040836,0.6334968809329204,0.505974158003732,2,0.5316956154474017,Sedang,-0.010143843928199892,-0.08165554336499525
IDN.32.7_1,Karo,0.027766435279706004,0.02222222222222222,0.6854111056812688,0.4475281608882695,2,0.5316956154474017,Sedang,-0.048146293530132,-0.14830684993946824
IDN.32.8_1,KotaBinjai,0.0,1.0,0.0,0.0,3,0.27979267982873623,Rendah,1.2069494237256047,0.06066977412849206
IDN.32.9_1,KotaMedan,0.0002041649652919559,0.057239057239057235,0.3153038766460611,0.4029869284544174,3,0.27979267982873623,Rendah,0.21046611751746996,-0.2352581984443609
IDN.32.10_1,KotaTanjungbalai,0.0,1.0,0.0,0.0,3,0.27979267982873623,Rendah,1.2069494237256047,0.06066977412849206
IDN.32.13_1,Labuhanbatu,0.0002041649652919559,0.0033670033670033673,0.7340931819027049,0.9382376129373753,0,0.6213842200459655,Tinggi,-0.32203745897987224,0.1897603832268493
IDN.32.11_1,LabuhanbatuSelatan,0.0004083299305839118,0.00606060606060606,0.4678624924012219,0.5795453258998422,3,0.27979267982873623,Rendah,0.004484755527836115,-0.114646974719401
IDN.32.12_1,LabuhanbatuUtara,0.0006124948958758677,0.07384960718294052,0.6176462735245349,0.6830860173432947,4,0.5239242768736089,Rendah,-0.08632147386900824,0.03640843767418833
IDN.32.14_1,LakeToba,0.0240914659044508,0.11950008560178053,0.6464938956233074,0.5019011255710795,2,0.5316956154474017,Sedang,0.01253617805518592,-0.05291308062822875
IDN.32.15_1,Langkat,0.02552062066149449,0.04415892255892256,0.7140886349805102,0.4934408700550802,2,0.5316956154474017,Sedang,-0.07197527901893341,-0.09510623217041159
IDN.32.16_1,MandailingNatal,0.10310330747243773,0.05838317165049838,0.7876979701884255,0.5576441490061801,1,0.6237393428198579,Tinggi,-0.14129712723773113,-0.03314487961310897
IDN.32.20_1,Nias,0.02388730093915884,0.020104175659731216,0.6403223767264,0.5383677950700735,2,0.5316956154474017,Sedang,-0.06703086516152046,-0.09708891121084295
IDN.32.17_1,NiasBarat,0.10126582278481014,0.023006951232757686,0.8710195974539903,0.6370915411809094,1,0.6237393428198579,Tinggi,-0.2504012154586247,0.016208139276816413
IDN.32.18_1,NiasSelatan,0.21763985300122501,0.022992905919735192,0.8476142619656892,0.5999015810816466,1,0.6237393428198579,Tinggi,-0.2277064511164223,-0.027206089671206968
IDN.32.19_1,NiasUtara,0.08677011024908127,0.021759556347791642,0.7674729324642511,0.6373585519171712,1,0.6237393428198579,Tinggi,-0.19094980719221732,-0.00618206226808482
IDN.32.22_1,PadangLawas,0.023274806043282973,0.1510662177328844,0.6856985512713005,0.5617886412225185,4,0.5239242768736089,Rendah,-0.017782881373412884,0.018671886655097447
IDN.32.21_1,PadangLawasUtara,0.01857901184156799,0.1663151663151663,0.6647588782118558,0.5777836732426885,4,0.5239242768736089,Rendah,-0.003050916478985477,0.03586499460615966
IDN.32.23_1,Padangsidimpuan,0.0032666394446712946,0.01228956228956229,0.6264125109667145,0.5232950124418029,2,0.5316956154474017,Sedang,-0.05546527522891975,-0.1136715814679854
IDN.32.24_1,PakpakBarat,0.002041649652919559,0.06020202020202021,0.4611744917684623,0.4442859871067663,3,0.27979267982873623,Rendah,0.10887041646074402,-0.1722599037532141
IDN.32.25_1,Pematangsiantar,0.0004083299305839118,0.21885521885521886,0.5176731322032069,0.6175548011186967,4,0.5239242768736089,Rendah,0.0981612494234873,0.06792813302025613
IDN.32.26_1,Samosir,0.03001224989791752,0.03689960832817976,0.6889779942338261,0.4208407705798394,2,0.5316956154474017,Sedang,-0.02785498742901138,-0.1560560575833655
IDN.32.27_1,SerdangBedagai,0.002245814618211515,0.22424242424242424,0.7417872161584262,0.7639492968224807,0,0.6213842200459655,Tinggi,-0.09712426703647192,0.22235756819263108
IDN.32.28_1,Sibolga,0.0002041649652919559,0.01818181818181818,0.35348727771633615,0.4517887753550381,3,0.27979267982873623,Rendah,0.139375094250216,-0.21981667044807235
IDN.32.29_1,Simalungun,0.01694569211923234,0.13069652346760782,0.6759655874970473,0.5301343499582657,2,0.5316956154474017,Sedang,-0.009989696505092183,-0.018477074685929296
IDN.32.30_1,TapanuliSelatan,0.0398121682319314,0.07864283864283866,0.6899378527299884,0.5352182160495471,2,0.5316956154474017,Sedang,-0.05648039198836852,-0.04985350218380158
IDN.32.31_1,TapanuliTengah,0.025724785626786446,0.05910961466517022,0.6807954913338952,0.5298111902003176,2,0.5316956154474017,Sedang,-0.06050325275118307,-0.06743281349181773
IDN.32.32_1,TapanuliUtara,0.12474479379338506,0.054446262956901255,0.7593882283019187,0.5138538566366735,1,0.6237393428198579,Tinggi,-0.10824301957206761,-0.07461718413091989
IDN.32.33_1,Tebingtinggi,0.0,1.0,0.0,0.0,3,0.27979267982873623,Rendah,1.2069494237256047,0.06066977412849206
IDN.32.34_1,TobaSamosir,0.008370763576970192,0.1595959595959596,0.7028604019373083,0.6059455912414367,4,0.5239242768736089,Rendah,-0.04208874276398411,0.06029438400346088
IDN.33.1_1,Bantul,0.008574928542262147,0.021420554753888085,0.7293894578939711,0.38299938393458605,2,0.5316956154474017,Sedang,-0.04148646709977144,-0.18120052692524952
IDN.33.2_1,GunungKidul,0.23968966925275623,0.019748880055524005,0.7300022371395579,0.5543741319851653,1,0.6237393428198579,Tinggi,-0.1422171585994575,-0.08952992067605048
IDN.33.3_1,KotaYogyakarta,0.0,1.0,0.0,0.0,3,0.27979267982873623,Rendah,1.2069494237256047,0.06066977412849206
IDN.33.4_1,KulonProgo,0.020212331563903636,0.03597592082440567,0.7026691507211511,0.5627116523383787,2,0.5316956154474017,Sedang,-0.10369749582328724,-0.05511331506349104
IDN.33.5_1,Sleman,0.002041649652919559,0.015757575757575755,0.6660436535175323,0.4036402477240569,2,0.5316956154474017,Sedang,-0.018353302639663505,-0.18443234410408982
