id_kabupaten,nama_kabupaten,frekuensi_gempa,depth_mean,mag_max,mag_mean,korban_total,rumah_rusak_total,fasum_rusak_total,cluster_label,risk_score,risk_level,PC1,PC2
IDN.1.2_1,AcehBarat,0.14500683994528044,0.016955676830139012,0.6954937932867185,0.5284007946444117,0.0,5.3843047516489434e-05,0.0,0,0.32713905858471043,Tinggi,-0.19975743741490093,-0.09494086602175233
IDN.1.1_1,AcehBaratDaya,0.022343821249430004,0.0744001450530854,0.5758907864870849,0.524422533718211,0.0,0.00011441647597254005,0.0,1,0.29140905136714823,Sedang,-0.0902911971979119,-0.07966675109402777
IDN.1.3_1,AcehBesar,0.05471956224350205,0.03591641987495886,0.6409452801170444,0.5478916620412031,0.0,0.0,0.0,0,0.32713905858471043,Tinggi,-0.1638242972563444,-0.07463672294364376
IDN.1.4_1,AcehJaya,0.04240766073871409,0.07838953815452875,0.7433944549056153,0.555719101906122,0.0,0.0,0.0001937984496124031,0,0.32713905858471043,Tinggi,-0.19058147005343862,-0.012662055618181789
IDN.1.5_1,AcehSelatan,0.06292749658002736,0.05111807373707025,0.6406680933181503,0.5001701734450483,0.00015647819737116627,0.018286445012787724,0.06279069767441861,0,0.32713905858471043,Tinggi,-0.1314457783775741,-0.11035079296827555
IDN.1.6_1,AcehSingkil,0.013679890560875513,0.08884501480750245,0.6098998892778456,0.5282858484858323,0.0011996661798456083,0.023879391573563065,0.03798449612403101,0,0.32713905858471043,Tinggi,-0.1002043253849687,-0.06783773372237445
IDN.1.7_1,AcehTamiang,0.0013679890560875513,0.010858835143139189,0.42907712059695974,0.5433500536116259,0.0,0.0,0.0,1,0.29140905136714823,Sedang,-0.06682069190269707,-0.1459496654388564
IDN.1.8_1,AcehTengah,0.0506155950752394,0.0666204210133134,0.636272116972067,0.5323756166752989,0.1281556436469852,0.09794050343249427,0.2936046511627907,0,0.32713905858471043,Tinggi,-0.13853414468438463,-0.14231587629916742
IDN.1.9_1,AcehTenggara,0.0506155950752394,0.06882598294246862,0.6085829243211042,0.5188197167977072,0.0,0.0,0.0,1,0.29140905136714823,Sedang,-0.10965658946590717,-0.08113543590415373
IDN.1.10_1,AcehTimur,0.04103967168262654,0.017988373368432595,0.6246813388549571,0.4459349613059772,0.0,0.00038363171355498723,0.0,1,0.29140905136714823,Sedang,-0.11832730302228078,-0.15617300601778833
IDN.1.11_1,AcehUtara,0.006839945280437756,0.029680816057913787,0.5416232287740329,0.5065487309272559,0.0,0.0,0.0,1,0.29140905136714823,Sedang,-0.09468189796698201,-0.12770915087214219
IDN.1.12_1,BandaAceh,0.00045599635202918376,0.00493583415597236,0.4036187531849018,0.5315833392673237,0.0,0.0,0.0,1,0.29140905136714823,Sedang,-0.05202678739293659,-0.16439666979779372
IDN.1.13_1,BenerMeriah,0.041951664386684906,0.005493798017082278,0.6166185064550715,0.4655477371196999,0.006363446693094096,0.034782608695652174,0.08313953488372093,1,0.29140905136714823,Sedang,-0.13405774457955477,-0.17336455229503583
IDN.1.14_1,Bireuen,0.012311901504787962,0.051734854301488054,0.5951363178908181,0.5350543856556,0.01418735656165241,0.005626598465473146,0.03217054263565891,1,0.29140905136714823,Sedang,-0.12161461336195467,-0.08814963564335332
IDN.1.15_1,GayoLues,0.10077519379844961,0.027466465362057945,0.6343311857558597,0.5299947745083364,0.0,0.00017498990442859066,0.0003875968992248062,1,0.29140905136714823,Sedang,-0.159536090210335,-0.0990244795163201
IDN.1.16_1,Langsa,0.00045599635202918376,0.00493583415597236,0.46384792499424093,0.6109077611854664,0.0,0.0001278772378516624,0.0,1,0.29140905136714823,Sedang,-0.12159610116448016,-0.09563424245956276
IDN.1.17_1,Lhokseumawe,0.00045599635202918376,0.024679170779861797,0.4268915498549366,0.5622346181544547,0.0,0.0,0.0,1,0.29140905136714823,Sedang,-0.06501901108436714,-0.12517350441973862
IDN.1.18_1,NaganRaya,0.084359325125399,0.028425068701475407,0.6550223651719946,0.5370277087589698,0.0,0.0010970520931484723,0.0015503875968992248,0,0.32713905858471043,Tinggi,-0.17240211393994886,-0.08654377203633445
IDN.1.20_1,Pidie,0.20884632922936616,0.012716777956435336,0.6801644847548644,0.5217725765478038,0.004642186522011266,0.008473549602907525,0.031395348837209305,0,0.32713905858471043,Tinggi,-0.19467696677801882,-0.12042528988006629
IDN.1.19_1,PidieJaya,0.04696762425900593,0.0133123760051371,0.6850196386546784,0.5533028108664086,0.036511579386605465,0.055377574370709386,0.15833333333333333,0,0.32713905858471043,Tinggi,-0.2081950590204663,-0.11079575477682546
IDN.1.21_1,Sabang,0.007751937984496124,0.02340166076302189,0.45810518400827194,0.4535002641328481,0.0,2.019114281868354e-05,0.0011627906976744186,1,0.29140905136714823,Sedang,-0.03011096425969284,-0.18993800685042295
IDN.1.22_1,Simeulue,0.03556771545827633,0.0269825600526489,0.7213520486734403,0.6308778261934476,0.012048821197579804,0.12492260061919505,0.3812015503875969,0,0.32713905858471043,Tinggi,-0.25823947088350196,-0.08424430013049855
IDN.1.23_1,Subulussalam,0.008207934336525308,0.09301305253921245,0.8407993070367612,0.48860499403247265,5.2159399123722096e-05,0.02267465338538161,0.047286821705426356,0,0.32713905858471043,Tinggi,-0.19829403137467794,-0.028087080392960706
IDN.2.1_1,Badung,0.005015959872321021,0.14188279637440546,0.42633637002578034,0.42631078719461907,0.00015647819737116627,0.0001951810472472742,0.004457364341085271,1,0.29140905136714823,Sedang,0.08293484494164532,-0.14094533568664247
IDN.2.2_1,Bangli,0.0196078431372549,0.07693014072866686,0.5884558576916348,0.46777548328201823,0.00020863759649488838,0.0016825952348902948,0.045542635658914726,1,0.29140905136714823,Sedang,-0.06832736706542919,-0.11885186333346431
IDN.2.3_1,Buleleng,0.060191518467852256,0.032172664453019834,0.7097616743680234,0.477880697135837,0.00015647819737116627,0.0006124646655000673,0.0027131782945736434,0,0.32713905858471043,Tinggi,-0.16884079008834962,-0.10529511151207027
IDN.2.4_1,Denpasar,0.00364797081623347,0.14091806515301086,0.42022389571281665,0.43789706569802384,0.005007302315877321,0.0005115089514066496,0.006395348837209302,1,0.29140905136714823,Sedang,0.0798443479661407,-0.13632310336663506
IDN.2.5_1,Gianyar,0.005927952576379389,0.13402688131217252,0.6308712919897641,0.5586615388217157,0.0,1.3460761879122358e-05,0.0032945736434108527,0,0.32713905858471043,Tinggi,-0.09286134290328818,-0.002404505766227971
IDN.2.6_1,Jembrana,0.010031919744642043,0.0768195279547698,0.5455935765860518,0.4900712678930811,0.00010431879824744419,0.00026248485664288597,0.0031007751937984496,1,0.29140905136714823,Sedang,-0.05582695418821876,-0.10816835781818113
IDN.2.7_1,Karangasem,0.21203830369357046,0.016463395217017483,0.648215259198394,0.47283619739285765,0.007928228666805759,0.037461300309597524,0.15290697674418605,1,0.29140905136714823,Sedang,-0.15406672391496967,-0.18375252959972926
IDN.2.8_1,Klungkung,0.005927952576379389,0.1323562912901511,0.4848129398632759,0.49145228171815386,0.0,0.0001278772378516624,0.010271317829457364,1,0.29140905136714823,Sedang,0.014292875614443479,-0.0890447090392914
IDN.2.9_1,Tabanan,0.020063839489284085,0.09494750067306829,0.5781613249798709,0.4544484336847293,0.00015647819737116627,0.00020191142818683537,0.03255813953488372,1,0.29140905136714823,Sedang,-0.04368932099061895,-0.11669495499002591
IDN.3.4_1,Bangka,0.00045599635202918376,0.06219151036525172,0.7061881917008622,0.9300803645353013,0.007302315877321094,0.002389285233544219,0.001937984496124031,0,0.32713905858471043,Tinggi,-0.3613460025880407,0.21634013492291015
IDN.3.1_1,BangkaBarat,0.001823985408116735,0.00246791707798618,0.7247297308839074,0.8681747780523322,0.0,0.0,0.0,0,0.32713905858471043,Tinggi,-0.3831414391334841,0.1438080087917899
IDN.3.2_1,BangkaSelatan,0.00045599635202918376,0.00493583415597236,0.6683239118374946,0.8802114717499836,0.0,0.0,0.0,0,0.32713905858471043,Tinggi,-0.3577743872572975,0.13791506380687857
IDN.3.3_1,BangkaTengah,0.00045599635202918376,0.00493583415597236,0.7055019684601388,0.9291765788739361,0.0,0.0,0.0,0,0.32713905858471043,Tinggi,-0.4007168884078448,0.18037499472343144
IDN.3.6_1,Belitung,0.0009119927040583675,0.6732477788746298,0.7279185479231789,0.8976924344576478,0.0,0.0,0.0,0,0.32713905858471043,Tinggi,0.07289742536397742,0.5937900336980323
IDN.3.5_1,BelitungTimur,0.0009119927040583675,0.20138203356367226,0.7256426919226079,0.8687558324243058,0.0,0.0,0.0,0,0.32713905858471043,Tinggi,-0.24392880811915463,0.27193503059086355
IDN.3.7_1,Pangkalpinang,0.0,1.0,0.0,0.0,0.0,0.0,0.0,2,0.0017032857344437438,Rendah,1.1141971613309207,0.011953058692627305
IDN.4.1_1,Cilegon,0.00045599635202918376,0.32477788746298125,0.4832430174419586,0.6364519360470171,0.0,2.019114281868354e-05,0.0001937984496124031,0,0.32713905858471043,Tinggi,0.08100224255024002,0.13133921901077494
IDN.4.2_1,KotaSerang,0.0009119927040583675,0.15695952615992104,0.4876894432951471,0.5967772624914935,0.0,0.0,0.0,1,0.29140905136714823,Sedang,-0.020277449021817606,-0.0010277777884560857
IDN.4.3_1,KotaTangerang,0.0,1.0,0.0,0.0,0.0,0.0,0.0,2,0.0017032857344437438,Rendah,1.1141971613309207,0.011953058692627305
IDN.4.4_1,Lebak,0.06292749658002736,0.12255175472480935,0.6765729209161225,0.551885749603382,0.00041727519298977677,0.009604253600753803,0.008914728682170543,0,0.32713905858471043,Tinggi,-0.12393115199110816,-0.010826060264964243
IDN.4.5_1,Pandeglang,0.030551755585955312,0.115203842583725,0.6457109851078808,0.5734818924471283,0.0007823909868558314,0.024962982904832412,0.03701550387596899,0,0.32713905858471043,Tinggi,-0.12274177723030999,-0.013297565715435833
IDN.4.6_1,Serang,0.005471956224350205,0.23659098387627508,0.6242393328524846,0.6015772290011455,0.0,0.00030959752321981426,0.0003875968992248062,0,0.32713905858471043,Tinggi,-0.037869263274593445,0.09012856235245503
IDN.4.8_1,Tangerang,0.001823985408116735,0.4318854886475814,0.5011602460309665,0.5834364324506962,0.0,2.019114281868354e-05,0.0,0,0.32713905858471043,Tinggi,0.1725006703820575,0.16986879916945563
IDN.4.7_1,TangerangSelatan,0.0,1.0,0.0,0.0,0.0,0.0,0.0,2,0.0017032857344437438,Rendah,1.1141971613309207,0.011953058692627305
IDN.5.4_1,Bengkulu,0.00045599635202918376,0.10365251727541953,0.4361167323838835,0.5743845821870764,0.0007823909868558314,0.10245658904293983,0.016472868217054265,1,0.29140905136714823,Sedang,-0.021662488676569558,-0.0854919664761018
IDN.5.1_1,BengkuluSelatan,0.011855905152758778,0.16106006530488268,0.7049185710392787,0.5963809836360978,0.0,0.0007739938080495357,0.0005813953488372093,0,0.32713905858471043,Tinggi,-0.13077670993557045,0.05973070470996089
IDN.5.2_1,BengkuluTengah,0.010487916096671226,0.08785784797630798,0.5796236568311317,0.5810193164050613,0.0,8.749495221429533e-05,0.0,0,0.32713905858471043,Tinggi,-0.10955544134340212,-0.031421096579856034
IDN.5.3_1,BengkuluUtara,0.044231646146830825,0.11258790364437567,0.6573081170267131,0.6107674412266312,0.001669100771959107,0.22169201776820568,0.15368217054263567,0,0.32713905858471043,Tinggi,-0.1532760317666404,-0.042990946836533483
IDN.5.5_1,Kaur,0.01459188326493388,0.10241855873642644,0.625658121376313,0.566788978042789,5.2159399123722096e-05,9.422533315385651e-05,0.0001937984496124031,0,0.32713905858471043,Tinggi,-0.11659733705275,-0.019275273175994312
IDN.5.6_1,Kepahiang,0.005471956224350205,0.05215531424810792,0.6368966029603401,0.5664899451572933,0.0,0.0029479068515277963,0.06802325581395349,0,0.32713905858471043,Tinggi,-0.15829420602780486,-0.05847379558975474
IDN.5.7_1,Lebong,0.0168718650250798,0.04186120967957098,0.5659187570791601,0.5315186441269869,0.00010431879824744419,0.0018710459011980077,0.003682170542635659,1,0.29140905136714823,Sedang,-0.11126453934982083,-0.0988577472605926
IDN.5.8_1,Mukomuko,0.03511171910624715,0.09029371418315149,0.8596301054824124,0.5888802011137629,0.00036511579386605466,0.07239870776685961,0.10891472868217054,0,0.32713905858471043,Tinggi,-0.2608747260913957,0.019591291849487158
IDN.5.9_1,RejangLebong,0.018695850433196534,0.0541015577974141,0.5692486123439531,0.542056991314213,0.0,0.0,0.004651162790697674,1,0.29140905136714823,Sedang,-0.10952424986881404,-0.0831725345762171
IDN.5.10_1,Seluma,0.01823985408116735,0.09170779861796644,0.6737208656184495,0.5606566396169529,0.0,0.0028267599946156952,0.023449612403100777,0,0.32713905858471043,Tinggi,-0.14671379568969867,-0.02141408750110585
IDN.6.1_1,Boalemo,0.17054263565891473,0.12531739789158056,0.7307240737622631,0.4780946142013203,0.0,4.038228563736708e-05,0.0,0,0.32713905858471043,Tinggi,-0.11865679812111507,-0.05185546676164199
IDN.6.2_1,BoneBolango,0.021431828545371637,0.16074016508789984,0.6624008564656948,0.5197590790639433,0.0,0.0,0.0,0,0.32713905858471043,Tinggi,-0.07232001968445162,-0.0034677537890368537
IDN.6.3_1,DanauLimboto,0.0,1.0,0.0,0.0,0.0,0.0,0.0,2,0.0017032857344437438,Rendah,1.1141971613309207,0.011953058692627305
IDN.6.5_1,Gorontalo,0.05699954400364797,0.06925172754195458,0.7167213339706655,0.4450509724698262,0.0,0.0,0.0,0,0.32713905858471043,Tinggi,-0.13039626045771813,-0.10031479062343351
IDN.6.4_1,GorontaloUtara,0.052895576835385316,0.059995915171732986,0.6269108224418503,0.49554073374543595,0.0,0.0,0.0,1,0.29140905136714823,Sedang,-0.11429173139383142,-0.0973138619874041
IDN.6.6_1,KotaGorontalo,0.002279981760145919,0.12418558736426456,0.6810259636623871,0.561877606124753,0.0,0.0,0.0,0,0.32713905858471043,Tinggi,-0.1272607711450907,0.00816255018512857
IDN.6.7_1,Pohuwato,0.2384860921112631,0.12776354806256712,0.755048750539324,0.4740929938294209,0.0,0.0,0.0,0,0.32713905858471043,Tinggi,-0.1303653103740019,-0.05400949116276377
IDN.7.1_1,JakartaBarat,0.0,1.0,0.0,0.0,0.0,0.0,0.0,2,0.0017032857344437438,Rendah,1.1141971613309207,0.011953058692627305
IDN.7.2_1,JakartaPusat,0.0,1.0,0.0,0.0,0.0,0.0,0.0,2,0.0017032857344437438,Rendah,1.1141971613309207,0.011953058692627305
IDN.7.3_1,JakartaSelatan,0.0,1.0,0.0,0.0,0.0,0.0,0.0,2,0.0017032857344437438,Rendah,1.1141971613309207,0.011953058692627305
IDN.7.4_1,JakartaTimur,0.00045599635202918376,0.5281342546890424,0.5915805478901766,0.7791371451687455,5.2159399123722096e-05,0.0,0.0005813953488372093,0,0.32713905858471043,Tinggi,0.09891823617484202,0.38524023815491193
IDN.7.5_1,JakartaUtara,0.0,1.0,0.0,0.0,0.0,0.0,0.0,2,0.0017032857344437438,Rendah,1.1141971613309207,0.011953058692627305
IDN.7.6_1,KepulauanSeribu,0.0,1.0,0.0,0.0,0.0,0.0,0.0,2,0.0017032857344437438,Rendah,1.1141971613309207,0.011953058692627305
IDN.8.1_1,BatangHari,0.002279981760145919,0.13168805528134256,0.6208711698920912,0.7191901246854383,0.0,0.0,0.0,0,0.32713905858471043,Tinggi,-0.16641929674623313,0.09987230393555824
IDN.8.2_1,Bungo,0.005015959872321021,0.2312662658171049,0.5439615796643488,0.609676377564469,0.0,0.0,0.0,0,0.32713905858471043,Tinggi,-0.003683068231134623,0.07008604261279971
IDN.8.3_1,Jambi,0.00045599635202918376,0.00493583415597236,0.6530995977626031,0.8601603922346622,0.0,0.0,0.0,0,0.32713905858471043,Tinggi,-0.3401895486705725,0.12052783643152198
IDN.8.4_1,Kerinci,0.012311901504787962,0.12558955796863003,0.6591748145940814,0.5902866045173871,0.0015126225745879407,0.010701305693902275,0.014147286821705426,0,0.32713905858471043,Tinggi,-0.1293202790467668,0.016277554498272617
IDN.8.5_1,Merangin,0.08527131782945736,0.2570698565704663,0.6239467624858521,0.6132014934632718,0.0,0.0,0.0,0,0.32713905858471043,Tinggi,-0.03205852211321991,0.10176433550351094
IDN.8.6_1,MuaroJambi,0.0013679890560875513,0.0016452780519907867,0.6720463919080006,0.7694364460918018,0.0,0.0,0.0,0,0.32713905858471043,Tinggi,-0.3087141352591092,0.06385635426114622
IDN.8.7_1,Sarolangun,0.03146374829001368,0.27290155514542824,0.7373737587269572,0.6114434064348683,0.0,0.0,0.0,0,0.32713905858471043,Tinggi,-0.07701220641796214,0.14819179623244438
IDN.8.8_1,SungaiPenuh,0.00045599635202918376,0.18657453109575517,0.5017304106780509,0.6608006318230232,0.0,0.0,0.0,0,0.32713905858471043,Tinggi,-0.03757171347268462,0.06397857183590572
IDN.8.9_1,TanjungJabungB,0.0013679890560875513,0.17143797301743993,0.6896155799949069,0.789271820048817,0.0,0.0,0.0,0,0.32713905858471043,Tinggi,-0.20797069512518662,0.19048655430577843
IDN.8.10_1,TanjungJabungT,0.001823985408116735,0.508390918065153,0.6712786080697651,0.7540895577754507,0.0,0.0,0.0,0,0.32713905858471043,Tinggi,0.055543401682746296,0.37802607154590373
IDN.8.11_1,Tebo,0.004103967168262654,0.09860699791598113,0.7275041714481865,0.7392513930722073,0.0,0.0,0.0,0,0.32713905858471043,Tinggi,-0.25495471701401684,0.12106873037671673
IDN.9.2_1,Bandung,0.11582307341541268,0.030120247802193526,0.6515211958019201,0.44452026640928155,0.0,0.0,0.0,1,0.29140905136714823,Sedang,-0.12604419696437918,-0.15045126827886957
IDN.9.1_1,BandungBarat,0.017327861377108983,0.039071024055697,0.7366685555773783,0.47352596013489656,0.0008345503859795535,0.052557544757033246,0.08662790697674419,0,0.32713905858471043,Tinggi,-0.17605382199429076,-0.11392629463825132
IDN.9.3_1,Banjar,0.0,1.0,0.0,0.0,0.00041727519298977677,0.007914927984923947,0.005232558139534884,2,0.0017032857344437438,Rendah,1.1140193898223796,0.009651497564084788
IDN.9.4_1,Bekasi,0.001823985408116735,0.2620927936821323,0.5783470489997521,0.577607671339971,0.0,0.0,0.0,0,0.32713905858471043,Tinggi,0.01566706298983661,0.07857686058095303
IDN.9.5_1,Bogor,0.07432740538075695,0.040025678450087504,0.6364158102816161,0.45676803089599805,0.0,0.0,0.0,1,0.29140905136714823,Sedang,-0.11546551873354938,-0.13545015501488045
IDN.9.6_1,Ciamis,0.0168718650250798,0.17515541207545154,0.6953012763467901,0.5248859904072813,0.007197997079073649,0.2926100417283618,0.31317829457364343,0,0.32713905858471043,Tinggi,-0.08979352887809411,-0.0839399999076178
IDN.9.7_1,Cianjur,0.29958960328317374,0.03726442097481597,0.6819024854729421,0.40155688802106626,0.44434592113498855,0.5047179970386324,0.4325581395348837,0,0.32713905858471043,Tinggi,-0.13940600317184215,-0.39170602789180486
IDN.9.8_1,Cimahi,0.0009119927040583675,0.01678183613030602,0.4318986881750814,0.4497152631629933,0.0,2.6921523758244717e-05,0.0001937984496124031,1,0.29140905136714823,Sedang,-0.01901346392763159,-0.2029582670274419
IDN.9.9_1,Cirebon,0.001823985408116735,0.005429417571569596,0.38078683308476036,0.4585464133435417,0.0,0.0,0.0,1,0.29140905136714823,Sedang,-0.0046689751735059515,-0.21857844537404636
IDN.9.10_1,Depok,0.00045599635202918376,0.49851924975320827,0.3963595661640332,0.522022676274166,0.0,0.0,0.0,0,0.32713905858471043,Tinggi,0.303583230750861,0.14341308608153402
IDN.9.11_1,Garut,0.0870953032375741,0.053591271584583655,0.7702794487872342,0.5099228085760279,0.011005633215105361,0.32270157490913987,0.4007751937984496,0,0.32713905858471043,Tinggi,-0.21157612127209235,-0.1784270599801206
IDN.9.12_1,Indramayu,0.005927952576379389,0.28954362518034776,0.626483411112696,0.6122791792480459,0.0,0.0,0.0,0,0.32713905858471043,Tinggi,-0.006949593675080801,0.13176342039181732
IDN.9.13_1,Karawang,0.017327861377108983,0.06359432638852808,0.591486199964567,0.492539579638513,0.0,0.00044420514201103784,0.0,1,0.29140905136714823,Sedang,-0.09046493732837246,-0.10274668377927665
IDN.9.14_1,KotaBandung,0.0013679890560875513,0.038499506416584395,0.4386034347813104,0.5087302947888837,0.04892551637805133,0.3538161259927312,0.4046511627906977,1,0.29140905136714823,Sedang,-0.04624895500144066,-0.2806642329138941
IDN.9.15_1,KotaBekasi,0.00045599635202918376,0.42941757156959526,0.4621972723772698,0.6087337803603041,0.0,6.730380939561179e-06,0.0,0,0.32713905858471043,Tinggi,0.17892578413588728,0.17434906218885848
IDN.9.16_1,KotaBogor,0.0031919744642042863,0.007192215484416866,0.49561606561978533,0.4360172184587832,0.001616941372835385,0.031255889083322115,0.005813953488372093,1,0.29140905136714823,Sedang,-0.05292379298321792,-0.2075739566199778
IDN.9.17_1,KotaCirebon,0.0,1.0,0.0,0.0,0.0,0.0,0.0,2,0.0017032857344437438,Rendah,1.1141971613309207,0.011953058692627305
IDN.9.18_1,KotaSukabumi,0.0009119927040583675,0.11747285291214214,0.4929867035492584,0.5706344663303464,0.0,0.0,0.0,1,0.29140905136714823,Sedang,-0.038223579033990096,-0.04205346760742956
IDN.9.19_1,KotaTasikmalaya,0.0027359781121751026,0.05857189865087199,0.4009066604626747,0.4894309457858998,0.0,0.0,0.0,1,0.29140905136714823,Sedang,0.0073278676661250874,-0.1587862400209596
IDN.9.20_1,Kuningan,0.009119927040583675,0.07838104639684107,0.5754799442185992,0.516235297792048,0.0,0.011199353883429802,0.004457364341085271,1,0.29140905136714823,Sedang,-0.0830142693991277,-0.0838197844157268
IDN.9.21_1,Majalengka,0.005927952576379389,0.2085959450224011,0.5896687138943404,0.5760768189120655,0.0,0.054973751514335714,0.030426356589147288,0,0.32713905858471043,Tinggi,-0.028416747999294223,0.0311813630366371
IDN.9.22_1,Purwakarta,0.008663930688554491,0.03226476853535616,0.488788276793439,0.4344837408074805,0.0,0.0006932292367748014,0.010077519379844961,1,0.29140905136714823,Sedang,-0.03086605245791396,-0.18991399135831538
IDN.9.23_1,Subang,0.009575923392612859,0.061439383255770225,0.6989424597969672,0.5372402053254735,0.0,0.0009489837124781262,0.009689922480620155,0,0.32713905858471043,Tinggi,-0.16930330187133824,-0.045793245757692946
IDN.9.24_1,Sukabumi,0.22024623803009574,0.05013703837687698,0.7549662623518056,0.4866935904451423,0.0029730857500521596,0.25137972809261006,0.24031007751937983,0,0.32713905858471043,Tinggi,-0.19688617879798098,-0.1768128904669949
IDN.9.25_1,Sumedang,0.020975832193342453,0.06884415640156229,0.7287070449854562,0.4967452853179245,0.0009388691842269978,0.009106205411226276,0.012015503875968992,0,0.32713905858471043,Tinggi,-0.16068711839945515,-0.06274665469435126
IDN.9.26_1,Tasikmalaya,0.008663930688554491,0.17348158154517587,0.6391564324075217,0.5761042010045515,0.007771750469434592,0.3666442320635348,0.7624031007751938,0,0.32713905858471043,Tinggi,-0.0933439184495467,-0.14864088157679395
IDN.9.27_1,WadukCirata,0.005015959872321021,0.04047384007897334,0.6144194727501565,0.4708468643590141,0.0,0.0,0.0,1,0.29140905136714823,Sedang,-0.10773197223696762,-0.12400700453542168
IDN.10.1_1,Banjarnegara,0.020063839489284085,0.027865027371443956,0.559298181862997,0.4413900893339708,0.0022950135614437724,0.005855431417418226,0.003682170542635659,1,0.29140905136714823,Sedang,-0.07445080160774153,-0.17025974284797452
IDN.10.2_1,Banyumas,0.008207934336525308,0.2109246462652188,0.6291775088418955,0.5117176101124165,5.2159399123722096e-05,0.0016960559967694171,0.0027131782945736434,0,0.32713905858471043,Tinggi,-0.015378927497422423,0.015006914749760458
IDN.10.3_1,Batang,0.005927952576379389,0.049130533829447945,0.44771036856651747,0.4166201692854403,0.0007302315877321093,0.001837393996500202,0.00562015503875969,1,0.29140905136714823,Sedang,0.01114415141070596,-0.20147273644109165
IDN.10.4_1,Blora,0.0031919744642042863,0.17924129177831055,0.6380934805709951,0.5744334659939758,0.0,0.0,0.0,0,0.32713905858471043,Tinggi,-0.07225596379520255,0.039741636470816966
IDN.10.5_1,Boyolali,0.004103967168262654,0.05253921246023911,0.6713312346926231,0.5139619390375817,0.015856457333611518,0.005155471799703863,0.0005813953488372093,0,0.32713905858471043,Tinggi,-0.14980715121724875,-0.07478713734344644
IDN.10.6_1,Brebes,0.012311901504787962,0.16566121896822786,0.6121745265036076,0.5653798325642186,5.2159399123722096e-05,0.0005586216179835779,0.0,0,0.32713905858471043,Tinggi,-0.0643201021012259,0.016788975512153637
IDN.10.7_1,Cilacap,0.01595987232102143,0.11521647158369765,0.7000093606612887,0.5386170341939095,0.000521593991237221,0.03639790012114686,0.017054263565891473,0,0.32713905858471043,Tinggi,-0.1335032755298705,-0.018583122341333635
IDN.10.8_1,Demak,0.001823985408116735,0.12586377097729518,0.477435359328822,0.5120178767603543,0.0,0.0,0.0,1,0.29140905136714823,Sedang,0.003971592342037034,-0.07963197884967188
IDN.10.9_1,Grobogan,0.00045599635202918376,0.006910167818361304,0.4594417366794351,0.6051046207730284,0.0,0.0,0.0,1,0.29140905136714823,Sedang,-0.11511620354439389,-0.0993785323593922
IDN.10.10_1,Jepara,0.0027359781121751026,0.4735110233629483,0.6078418782331627,0.6237806261739707,0.0,3.3651904697805894e-05,0.0001937984496124031,0,0.32713905858471043,Tinggi,0.1267592713064143,0.2523375954905396
IDN.10.11_1,Karanganyar,0.0013679890560875513,0.29713721618953604,0.4612884137414102,0.5309668063846591,0.0,0.0009557140934176874,0.0,1,0.29140905136714823,Sedang,0.12374738304707039,0.03794606160253444
IDN.10.12_1,Kebumen,0.0031919744642042863,0.05570441404597376,0.5346538080898704,0.5477582896411325,5.2159399123722096e-05,0.0004778570467088437,0.0003875968992248062,1,0.29140905136714823,Sedang,-0.0924597088137823,-0.08558873783236165
IDN.10.13_1,Kendal,0.00364797081623347,0.010858835143139189,0.3843484056480975,0.4451483774433425,0.0,0.0,0.0,1,0.29140905136714823,Sedang,0.0036761298721292857,-0.22314281292127497
IDN.10.14_1,Klaten,0.00364797081623347,0.012339585389930897,0.47815943963103746,0.43656754609592835,1.0,0.645430071342038,0.2624031007751938,1,0.29140905136714823,Sedang,-0.05971441339126016,-0.4634843147346267
IDN.10.15_1,KotaMagelang,0.0,1.0,0.0,0.0,0.0,0.0,0.0,2,0.0017032857344437438,Rendah,1.1141971613309207,0.011953058692627305
IDN.10.16_1,KotaPekalongan,0.0,1.0,0.0,0.0,0.0,0.0,0.0,2,0.0017032857344437438,Rendah,1.1141971613309207,0.011953058692627305
IDN.10.17_1,KotaSemarang,0.00045599635202918376,0.00493583415597236,0.7221419488896044,0.9510921521525295,0.0,0.0,0.0,0,0.32713905858471043,Tinggi,-0.4199368919166401,0.1993790117074059
IDN.10.18_1,KotaTegal,0.0,1.0,0.0,0.0,0.0,0.0,0.0,2,0.0017032857344437438,Rendah,1.1141971613309207,0.011953058692627305
IDN.10.19_1,Kudus,0.00045599635202918376,0.00493583415597236,0.5419299126820323,0.7137451130780118,0.0,0.0,0.0,0,0.32713905858471043,Tinggi,-0.21178304324363928,-0.006435689296742542
IDN.10.20_1,Magelang,0.002279981760145919,0.13563672260612045,0.5227519088183792,0.5034001332480978,0.0017734195702065513,0.005216045228159914,0.044186046511627906,1,0.29140905136714823,Sedang,-0.00932193745764226,-0.07454261140805263
IDN.10.21_1,Pati,0.001823985408116735,0.26999012833168806,0.5827656007099785,0.5678159208083498,0.0,0.0,0.0,0,0.32713905858471043,Tinggi,0.023637425274486756,0.07841102511595177
IDN.10.22_1,Pekalongan,0.002279981760145919,0.007699901283316882,0.40137776039529505,0.4497928971304952,5.2159399123722096e-05,4.7112666576928256e-05,0.0,1,0.29140905136714823,Sedang,-0.00959792574149515,-0.21727311819107054
IDN.10.23_1,Pemalang,0.002279981760145919,0.3089832181638697,0.6040658490116753,0.5926409331790622,0.0,0.0,0.0,0,0.32713905858471043,Tinggi,0.02800210618893101,0.1255332135920686
IDN.10.24_1,Purbalingga,0.0013679890560875513,0.058242843040473835,0.41685665831767665,0.4242979812279538,0.0,5.3843047516489434e-05,0.0,1,0.29140905136714823,Sedang,0.030212089648917473,-0.19730042839847473
IDN.10.25_1,Purworejo,0.005471956224350205,0.14001316222441593,0.675062639621626,0.540134605878982,0.00031295639474233255,0.002665230852066227,0.022286821705426355,0,0.32713905858471043,Tinggi,-0.10302580890644542,-0.001966414797663907
IDN.10.26_1,Rembang,0.002279981760145919,0.01006910167818361,0.6664426095995896,0.5812222712062309,0.0,0.0,0.0001937984496124031,0,0.32713905858471043,Tinggi,-0.20926408065643853,-0.05624389872373359
IDN.10.27_1,Salatiga,0.0009119927040583675,0.013820335636722605,0.4357372785969772,0.5241469661314199,0.0,0.0,0.0,1,0.29140905136714823,Sedang,-0.05893932321542489,-0.15479743018048253
IDN.10.28_1,Semarang,0.01595987232102143,0.02998166690170639,0.4819879424799782,0.4895929312657499,0.0,0.00026248485664288597,0.0,1,0.29140905136714823,Sedang,-0.05561321505060168,-0.15620509199483057
IDN.10.29_1,Sragen,0.0009119927040583675,0.22309970384995065,0.6115669863066238,0.6449729655774383,0.0,0.0,0.0,0,0.32713905858471043,Tinggi,-0.06147052006043008,0.10718296058488574
IDN.10.30_1,Sukoharjo,0.002279981760145919,0.10562685093780848,0.3850769331939134,0.42621808727718347,0.003651157938660547,0.010290752456589043,0.019186046511627905,1,0.29140905136714823,Sedang,0.0787054834440084,-0.17976389141477006
IDN.10.31_1,Surakarta,0.00045599635202918376,0.33464955577492594,0.303275368045708,0.399426764963543,0.0,0.0,0.0,1,0.29140905136714823,Sedang,0.29582130234089793,-0.06784083755936021
IDN.10.32_1,Tegal,0.0031919744642042863,0.27965026089409106,0.5760449476435273,0.4947829628617059,5.2159399123722096e-05,6.730380939561179e-06,0.0,0,0.32713905858471043,Tinggi,0.06905125951178859,0.03453692684025067
IDN.10.33_1,Temanggung,0.004559963520291838,0.055478775913129316,0.4831197507273431,0.4934633967110483,0.0,0.0005720823798627002,0.0,1,0.29140905136714823,Sedang,-0.0396826130665871,-0.13576607757367615
IDN.10.34_1,WadukKedungombo,0.0,1.0,0.0,0.0,0.0,0.0,0.0,2,0.0017032857344437438,Rendah,1.1141971613309207,0.011953058692627305
IDN.10.35_1,Wonogiri,0.006383948928408573,0.1215625440699478,0.6868497908209114,0.5810213890991563,0.00020863759649488838,0.002725804280522278,0.009883720930232558,0,0.32713905858471043,Tinggi,-0.1416964501814285,0.018167515232741294
IDN.10.36_1,Wonosobo,0.005015959872321021,0.048371174728529115,0.6021585292028383,0.4696775824610668,0.0,0.00011441647597254005,0.0005813953488372093,1,0.29140905136714823,Sedang,-0.09523791111110369,-0.12320893568494484
IDN.11.1_1,Bangkalan,0.00045599635202918376,0.00493583415597236,0.4445180366824405,0.5854494629885438,0.0,0.0,0.0,1,0.29140905136714823,Sedang,-0.09926749032897675,-0.11768683852640094
IDN.11.2_1,Banyuwangi,0.03556771545827633,0.06570987419950894,0.5867298874236425,0.4478312705073599,0.00020863759649488838,0.0004105532373132319,0.0027131782945736434,1,0.29140905136714823,Sedang,-0.06572958023357278,-0.13464107574911782
IDN.11.3_1,Batu,0.0013679890560875513,0.006910167818361304,0.4138666569720814,0.49958608529657605,0.0,1.3460761879122358e-05,0.0013565891472868217,1,0.29140905136714823,Sedang,-0.040619904323308476,-0.18167252819607704
IDN.11.4_1,Blitar,0.006839945280437756,0.2447515630141494,0.5672728694214378,0.5639341925858056,0.0,0.0,0.0,0,0.32713905858471043,Tinggi,0.015621456067727413,0.05484757010349184
IDN.11.5_1,Bojonegoro,0.026903784769721842,0.03772985092107685,0.7129134553831781,0.4737636006483249,0.0,0.0,0.0,0,0.32713905858471043,Tinggi,-0.16322490309168258,-0.09920779704781946
IDN.11.6_1,Bondowoso,0.024623803009575923,0.015209681547292603,0.45685826234731675,0.45282285180625026,0.0,3.3651904697805894e-05,0.0,1,0.29140905136714823,Sedang,-0.035550008533628996,-0.19773431942050157
IDN.11.7_1,Gresik,0.002279981760145919,0.044027640671273446,0.6230116987363064,0.5612494760634451,0.00036511579386605466,0.043599407726477316,0.06298449612403101,0,0.32713905858471043,Tinggi,-0.15458117596477627,-0.07731452820937335
IDN.11.8_1,Jember,0.028271773825809393,0.07317772187370632,0.5842462811267741,0.4693218325633716,0.0006259127894846651,0.0010364786646924215,0.003682170542635659,1,0.29140905136714823,Sedang,-0.0692687233926354,-0.11587489310923038
IDN.11.9_1,Jombang,0.001823985408116735,0.09476801579466929,0.6855915882481527,0.565611501247612,0.0,0.0,0.0,0,0.32713905858471043,Tinggi,-0.1521131832934921,-0.006909788622919133
IDN.11.10_1,Kediri,0.010487916096671226,0.11215073608309369,0.6056545612681523,0.5538835676968046,0.0,0.0,0.0,0,0.32713905858471043,Tinggi,-0.09295187577829889,-0.026522855368532716
IDN.11.11_1,KotaBlitar,0.0,1.0,0.0,0.0,0.0007302315877321093,0.01398573159240813,0.036821705426356585,2,0.0017032857344437438,Rendah,1.1134951107704403,0.003643125728717833
IDN.11.12_1,KotaKediri,0.0009119927040583675,0.00493583415597236,0.33109674923265364,0.4033996169607688,0.0,3.3651904697805894e-05,0.0005813953488372093,1,0.29140905136714823,Sedang,0.047446640380875094,-0.2688610713800098
IDN.11.13_1,KotaMadiun,0.0,1.0,0.0,0.0,0.0,0.0,0.0,2,0.0017032857344437438,Rendah,1.1141971613309207,0.011953058692627305
IDN.11.14_1,KotaMalang,0.0,1.0,0.0,0.0,0.0,0.0,0.0,2,0.0017032857344437438,Rendah,1.1141971613309207,0.011953058692627305
IDN.11.15_1,KotaMojokerto,0.0,1.0,0.0,0.0,0.0,0.0,0.0,2,0.0017032857344437438,Rendah,1.1141971613309207,0.011953058692627305
IDN.11.16_1,KotaPasuruan,0.0,1.0,0.0,0.0,0.0,0.0,0.0,2,0.0017032857344437438,Rendah,1.1141971613309207,0.011953058692627305
IDN.11.17_1,KotaProbolinggo,0.0,1.0,0.0,0.0,0.0,0.0,0.0,2,0.0017032857344437438,Rendah,1.1141971613309207,0.011953058692627305
IDN.11.18_1,Lamongan,0.0027359781121751026,0.41822968081605794,0.721077104162039,0.6777772354328396,0.0,4.7112666576928256e-05,0.0003875968992248062,0,0.32713905858471043,Tinggi,0.0028941934319869356,0.283637818295543
IDN.11.19_1,Lumajang,0.010487916096671226,0.035838448002060166,0.5958268408212609,0.4774761173468309,0.0011475067807218862,0.023428456050612466,0.015310077519379845,1,0.29140905136714823,Sedang,-0.10524295900682046,-0.13514430949554535
IDN.11.20_1,Madiun,0.012767897856817145,0.04724298406430687,0.529730339400668,0.49172107713498964,0.0,0.0003903620944945484,0.0,1,0.29140905136714823,Sedang,-0.06923259352869049,-0.13024698617559122
IDN.11.21_1,Magetan,0.0031919744642042863,0.10224227894514172,0.41777317545552667,0.45759369930350347,0.0,0.00011441647597254005,0.0001937984496124031,1,0.29140905136714823,Sedang,0.04457640253962175,-0.14721664713496518
IDN.11.22_1,Malang,0.011855905152758778,0.10798086415065684,0.5111535797642865,0.49103035072192003,0.004590027122887545,0.08190873603445956,0.12306201550387597,1,0.29140905136714823,Sedang,-0.019268485056206652,-0.13119933407098966
IDN.11.23_1,Mojokerto,0.001823985408116735,0.19447186574531095,0.5798896888856487,0.562558924706038,0.0,0.0,0.0,0,0.32713905858471043,Tinggi,-0.02545860535938632,0.02579662564640528
IDN.11.24_1,Nganjuk,0.017783857729138167,0.03024780418659984,0.5182515983379327,0.43886538482892046,0.0,6.730380939561179e-06,0.0,1,0.29140905136714823,Sedang,-0.049948881277860846,-0.17957155568039201
IDN.11.25_1,Ngawi,0.007751937984496124,0.07380523779106904,0.6394982249012497,0.5514976291847691,0.0,0.0,0.0,0,0.32713905858471043,Tinggi,-0.13629401816354336,-0.04300617224121328
IDN.11.26_1,Pacitan,0.009119927040583675,0.11589338598223099,0.46648949746478363,0.44250123975626154,0.00015647819737116627,0.0012585812356979405,0.0003875968992248062,1,0.29140905136714823,Sedang,0.03582570445725486,-0.1359102130454452
IDN.11.27_1,Pamekasan,0.0009119927040583675,0.008884501480750245,0.43584172649715436,0.5277894245716199,0.0,6.730380939561179e-06,0.0,1,0.29140905136714823,Sedang,-0.06422027650148976,-0.15553470341370623
IDN.11.28_1,Pasuruan,0.005471956224350205,0.0677854557420204,0.41084841981200465,0.4553479498673444,0.0,0.0008547583793242698,0.0015503875968992248,1,0.29140905136714823,Sedang,0.02490565563146757,-0.1732761865270882
IDN.11.29_1,Ponorogo,0.011399908800729594,0.10270483711747284,0.5812508307909906,0.5311233617340709,0.0,8.749495221429533e-05,0.0003875968992248062,1,0.29140905136714823,Sedang,-0.0759697316037824,-0.05445242080997181
IDN.11.30_1,Probolinggo,0.012767897856817145,0.03617261317162601,0.5248815366450881,0.47603169017387986,0.0,0.00018845066630771302,0.0005813953488372093,1,0.29140905136714823,Sedang,-0.06694485041619258,-0.14904686197311096
IDN.11.31_1,Sampang,0.001823985408116735,0.00740375123395854,0.6626497335466197,0.6043853118310567,0.0,0.0,0.0,0,0.32713905858471043,Tinggi,-0.22029856728631858,-0.04367651075171586
IDN.11.32_1,Sidoarjo,0.00045599635202918376,0.00493583415597236,0.505955501660318,0.6663652592228628,0.0,1.3460761879122358e-05,0.0,1,0.29140905136714823,Sedang,-0.17023098411642934,-0.047523444985458574
IDN.11.33_1,Situbondo,0.031007751937984496,0.027814877184832474,0.7303608510288075,0.48816422017346445,0.0013039849780930523,0.003338268946022345,0.007945736434108527,0,0.32713905858471043,Tinggi,-0.18654809456904053,-0.0937154484189
IDN.11.34_1,Sumenep,0.004103967168262654,0.12712515081715475,0.5969946841054371,0.5528623483971129,0.0025036511579386604,0.008493740745726208,0.0050387596899224806,0,0.32713905858471043,Tinggi,-0.07736213580716783,-0.02185104892666545
IDN.11.35_1,Surabaya,0.0,1.0,0.0,0.0,5.2159399123722096e-05,1.3460761879122358e-05,0.0003875968992248062,2,0.0017032857344437438,Rendah,1.1141911299235931,0.01188558592351363
IDN.11.36_1,Trenggalek,0.01459188326493388,0.11161154985192497,0.5379195895371551,0.4890839915329968,0.0,0.0010499394265715439,0.003682170542635659,1,0.29140905136714823,Sedang,-0.027077692450211355,-0.08939869004325629
IDN.11.37_1,Tuban,0.010487916096671226,0.07687025194214342,0.6707733175238453,0.5457542076288034,0.0,8.076457127473416e-05,0.0005813953488372093,0,0.32713905858471043,Tinggi,-0.14777601886763148,-0.03661872400715771
IDN.11.38_1,Tulungagung,0.006839945280437756,0.16748930569266204,0.5375926524037049,0.5084257548097251,0.00010431879824744419,0.0005115089514066496,0.002325581395348837,1,0.29140905136714823,Sedang,0.0034183170433746413,-0.039792767470729684
IDN.12.1_1,Bengkayang,0.0009119927040583675,0.5429417571569595,0.7883263418044125,0.8670286998074507,0.0,0.0,0.0,0,0.32713905858471043,Tinggi,-0.0354600172307189,0.506819552995084
IDN.12.2_1,KapuasHulu,0.001823985408116735,0.1786771964461994,0.7416281971131486,0.8470432923837208,0.0,0.0,0.0,0,0.32713905858471043,Tinggi,-0.2578049833595454,0.24741277601831357
IDN.12.3_1,KayongUtara,0.0009119927040583675,0.00493583415597236,0.7652262898542597,0.9815696636948172,0.0,0.0,0.0,0,0.32713905858471043,Tinggi,-0.4570694802410502,0.2312527370625631
IDN.12.4_1,Ketapang,0.004559963520291838,0.20276406712734452,0.8085225179388554,0.9552481778173975,0.0,0.0,0.0,0,0.32713905858471043,Tinggi,-0.327916252732261,0.3521464296210668
IDN.12.5_1,KotaPontianak,0.0,1.0,0.0,0.0,0.0,0.0,0.0,2,0.0017032857344437438,Rendah,1.1141971613309207,0.011953058692627305
IDN.12.6_1,KubuRaya,0.0013679890560875513,0.4919381375452452,0.7548266460091368,0.9337405898074491,0.0,0.0,0.0,0,0.32713905858471043,Tinggi,-0.08604155192771429,0.5087550875239294
IDN.12.7_1,Landak,0.001823985408116735,0.010365251727541953,0.7947388271984954,0.6855278638619811,0.0,0.0,0.0,0,0.32713905858471043,Tinggi,-0.32608002818047166,0.04801090687462928
IDN.12.8_1,Melawi,0.001823985408116735,0.23543928923988156,0.7770620103243182,0.9916617654259565,0.0,0.0,0.0,0,0.32713905858471043,Tinggi,-0.30597529472942275,0.38866851133327296
IDN.12.9_1,Pontianak,0.0,1.0,0.0,0.0,0.0,0.0,0.0,2,0.0017032857344437438,Rendah,1.1141971613309207,0.011953058692627305
IDN.12.10_1,Sambas,0.0013679890560875513,0.5097071405067457,0.7969460131920592,0.93449176989886,0.0,0.0,0.0,0,0.32713905858471043,Tinggi,-0.09583714034099355,0.5322394531894875
IDN.12.11_1,Sanggau,0.005015959872321021,0.09934488019384366,0.7754015238612628,0.8415847879264141,0.0,0.0,0.0,0,0.32713905858471043,Tinggi,-0.32869876168769274,0.20195944262090804
IDN.12.12_1,Sekadau,0.00045599635202918376,0.5222112537018756,0.7017893925958867,0.924286956031515,0.0,0.0,0.0,0,0.32713905858471043,Tinggi,-0.03253656798223731,0.5074080397959476
IDN.12.13_1,Singkawang,0.0,1.0,0.0,0.0,0.0,0.0,0.0,2,0.0017032857344437438,Rendah,1.1141971613309207,0.011953058692627305
IDN.12.14_1,Sintang,0.004103967168262654,0.395415158495119,0.8045033003067775,0.9154257948409237,0.0,0.0,0.0,0,0.32713905858471043,Tinggi,-0.1711006562985815,0.4482713336527612
IDN.13.1_1,Balangan,0.0009119927040583675,1.0,0.7365312416320593,0.8963467965433074,0.0,0.0,0.0,0,0.32713905858471043,Tinggi,0.2989235215271252,0.8045373494606828
IDN.13.3_1,Banjar,0.001823985408116735,0.031095755182625865,0.6037685326238156,0.6692919265816504,0.00041727519298977677,0.007914927984923947,0.005232558139534884,0,0.32713905858471043,Tinggi,-0.20440605184322558,-0.004337917483453579
IDN.13.2_1,BanjarBaru,0.0,1.0,0.0,0.0,0.0,0.0,0.0,2,0.0017032857344437438,Rendah,1.1141971613309207,0.011953058692627305
IDN.13.4_1,Banjarmasin,0.0,1.0,0.0,0.0,0.0,0.0,0.0,2,0.0017032857344437438,Rendah,1.1141971613309207,0.011953058692627305
IDN.13.5_1,BaritoKuala,0.0009119927040583675,0.7729516288252715,0.7840606384513481,0.9509469016117207,0.0,0.0,0.0,0,0.32713905858471043,Tinggi,0.0881530201381559,0.7081515628235265
IDN.13.6_1,HuluSungaiSelatan,0.00045599635202918376,0.20039486673247778,0.6600645532334816,0.8693335395620405,0.0,0.0,0.0,0,0.32713905858471043,Tinggi,-0.21073320051309785,0.2536580011122085
IDN.13.7_1,HuluSungaiTengah,0.00045599635202918376,0.022704837117472853,0.5363463858769193,0.706391366998253,0.0,0.0,0.0,0,0.32713905858471043,Tinggi,-0.19283368189976502,-0.001432856805468452
IDN.13.8_1,HuluSungaiUtara,0.0009119927040583675,0.5844027640671273,0.7863903399761334,0.9118104315548666,0.0,0.0,0.0,0,0.32713905858471043,Tinggi,-0.02685196891946906,0.5622977373758485
IDN.13.9_1,KotaBaru,0.0031919744642042863,0.0054999294880834874,0.7658578650092656,0.8833865152512752,0.0,0.0,0.0,0,0.32713905858471043,Tinggi,-0.4098064115073441,0.16693702247181763
IDN.13.10_1,Tabalong,0.0027359781121751026,0.011516946363935507,0.5241335939950509,0.6042662958960637,0.0,0.0,0.0,1,0.29140905136714823,Sedang,-0.14525065070899856,-0.0794086117528614
IDN.13.11_1,TanahBumbu,0.0009119927040583675,0.2063178677196446,0.7286033015728051,0.9191134142417505,0.0,0.0,0.0,0,0.32713905858471043,Tinggi,-0.26625072505423864,0.3090396381707272
IDN.13.12_1,TanahLaut,0.004103967168262654,0.10123944279916638,0.736615810633012,0.8556240625524208,0.0,0.0,0.0,0,0.32713905858471043,Tinggi,-0.31389333766642136,0.20182149003609462
IDN.13.13_1,Tapin,0.00045599635202918376,0.00493583415597236,0.7586239309619455,0.999140499014702,0.0,0.0,0.0,0,0.32713905858471043,Tinggi,-0.4620753924040907,0.2410439769909074
IDN.14.1_1,BaritoSelatan,0.001823985408116735,0.3711747285291214,0.6377021829909282,0.7547574329443594,0.0,0.0,0.0,0,0.32713905858471043,Tinggi,-0.02382174574178786,0.2813339047447977
IDN.14.2_1,BaritoTimur,0.00045599635202918376,0.00493583415597236,0.5279205947207614,0.69529423594719,0.0,0.0,0.0,0,0.32713905858471043,Tinggi,-0.19560158548815654,-0.02243530645966041
IDN.14.3_1,BaritoUtara,0.0027359781121751026,0.007239223428759458,0.7978510132812772,0.8523364551826055,0.0,0.0,0.0,0,0.32713905858471043,Tinggi,-0.41027160466256174,0.15649633622209413
IDN.14.4_1,GunungMas,0.00364797081623347,0.2406219151036525,0.7716300376795058,0.9357727469030459,0.0,0.0,0.0,0,0.32713905858471043,Tinggi,-0.27265652871766977,0.353514456905063
IDN.14.5_1,Kapuas,0.002279981760145919,0.0910167818361303,0.7963439079385389,0.9678050642993278,0.0,0.0,0.0,0,0.32713905858471043,Tinggi,-0.4061431564298441,0.2857464447996553
IDN.14.6_1,Katingan,0.002279981760145919,0.5561697926949654,0.6745289779824093,0.7954663285790723,0.0,0.0,0.0,0,0.32713905858471043,Tinggi,0.06751688826051955,0.4366877193561093
IDN.14.7_1,KotawaringinBarat,0.00045599635202918376,0.5103652517275419,0.646965310278485,0.8520812705409798,0.0,0.0,0.0,0,0.32713905858471043,Tinggi,0.022454561783062765,0.43720871203251976
IDN.14.8_1,KotawaringinTimur,0.002279981760145919,0.5996051332675222,0.7053942415988904,0.8764782543907035,0.0,0.0,0.0,0,0.32713905858471043,Tinggi,0.04298376366189305,0.526306132971356
IDN.14.9_1,Lamandau,0.001823985408116735,0.00493583415597236,0.7294365432738286,0.9106908115147538,0.0,0.0,0.0,0,0.32713905858471043,Tinggi,-0.4043323075308458,0.17465494849491292
IDN.14.10_1,MurungRaya,0.005015959872321021,0.030063717131831643,0.7804379718743059,0.9286586443654684,0.0,0.0,0.0,0,0.32713905858471043,Tinggi,-0.42199444818945087,0.2162599099949375
IDN.14.11_1,PalangkaRaya,0.00045599635202918376,0.012833168805528133,0.5577181179596739,0.7345388616744302,0.0,0.0,0.0,0,0.32713905858471043,Tinggi,-0.22446359941673721,0.016653145170796302
IDN.14.12_1,PulangPisau,0.004559963520291838,0.2519249753208292,0.7515394921541347,0.8880411893301113,0.0,0.0,0.0,0,0.32713905858471043,Tinggi,-0.23129118532991022,0.3237103282754623
IDN.14.13_1,Seruyan,0.002279981760145919,0.4219151036525172,0.7453462906826468,0.8922519080349336,0.0,0.0,0.0,0,0.32713905858471043,Tinggi,-0.11041928120119626,0.4338998166147251
IDN.14.14_1,Sukamara,0.00045599635202918376,0.00493583415597236,0.7592765298874975,1.0,0.0,0.0,0.0,0,0.32713905858471043,Tinggi,-0.4628291765621978,0.24178929043147812
IDN.34.1_1,Balikpapan,0.00045599635202918376,0.00493583415597236,0.7150732497529805,0.941782369934355,0.0,0.0,0.0,0,0.32713905858471043,Tinggi,-0.4117721934793781,0.1913060648060303
IDN.34.2_1,Berau,0.013679890560875513,0.051398486344192154,0.8274173342682111,0.6784055197286746,0.0,0.0,0.0,0,0.32713905858471043,Tinggi,-0.31127078464356517,0.07725088385902035
IDN.34.3_1,Bontang,0.0,1.0,0.0,0.0,0.0,0.0,0.0,2,0.0017032857344437438,Rendah,1.1141971613309207,0.011953058692627305
IDN.34.5_1,KutaiBarat,0.006839945280437756,0.10404738400789733,0.7931491387579379,0.904350599504073,0.0,0.0,0.0,0,0.32713905858471043,Tinggi,-0.3649333111945029,0.25094406973054173
IDN.34.6_1,KutaiKartanegara,0.00729594163246694,0.1549851924975321,0.8154204892627624,0.888058040373027,0.0,0.0,0.0,0,0.32713905858471043,Tinggi,-0.3328690981702809,0.27893458728180087
IDN.34.7_1,KutaiTimur,0.018695850433196534,0.08029759468374545,0.8428986253221901,0.6470513295142155,0.0,0.0,0.0,0,0.32713905858471043,Tinggi,-0.28410113770364687,0.07882388514095884
IDN.34.10_1,Paser,0.008663930688554491,0.08079181171091597,0.789533394178952,0.7596247297433778,0.0,0.0009489837124781262,0.003682170542635659,0,0.32713905858471043,Tinggi,-0.30984573742434907,0.13889648835874724
IDN.34.11_1,PenajamPaserUtara,0.0009119927040583675,0.00493583415597236,0.6005383548143884,0.7810405341497072,0.0,0.0,0.0,0,0.32713905858471043,Tinggi,-0.27473155885616085,0.053937878488981905
IDN.34.12_1,Samarinda,0.0,1.0,0.0,0.0,0.0,0.0,0.0,2,0.0017032857344437438,Rendah,1.1141971613309207,0.011953058692627305
IDN.35.4,Bulungan,0.006383948928408573,0.08884501480750245,0.7082722053839228,0.702855471561351,0.0,0.0,0.0,0,0.32713905858471043,Tinggi,-0.23436873343430575,0.08531084808517453
IDN.35.8,Malinau,0.004559963520291838,0.12991115498519248,0.7283413335773674,0.8657882994409121,0.0,0.0,0.0,0,0.32713905858471043,Tinggi,-0.2943276092537286,0.22453660365661898
IDN.35.9,Nunukan,0.0013679890560875513,0.08127673576834483,0.6663019961925744,0.7945258479337126,0.0,0.0,0.0,0,0.32713905858471043,Tinggi,-0.26178684688160625,0.1297753040537527
IDN.35.13,TanaTidung,0.004103967168262654,0.011078205550071295,0.7625873980302521,0.772077268585563,0.0,0.0,0.0,0,0.32713905858471043,Tinggi,-0.3506082226575883,0.09627897683133568
IDN.35.14,Tarakan,0.001823985408116735,0.033070088845014806,0.47824088747511223,0.5892425230943004,0.00036511579386605466,0.00020864180912639655,0.0003875968992248062,1,0.29140905136714823,Sedang,-0.09892890534722332,-0.08817034831920767
IDN.16.1_1,Batam,0.0,1.0,0.0,0.0,0.0,0.0,0.0,2,0.0017032857344437438,Rendah,1.1141971613309207,0.011953058692627305
IDN.16.2_1,Bintan,0.0,1.0,0.0,0.0,0.0,0.0,0.0,2,0.0017032857344437438,Rendah,1.1141971613309207,0.011953058692627305
IDN.16.3_1,Karimun,0.0,1.0,0.0,0.0,0.0,0.0,0.0,2,0.0017032857344437438,Rendah,1.1141971613309207,0.011953058692627305
IDN.16.4_1,KepulauanAnambas,0.0,1.0,0.0,0.0,0.0005737533903609431,0.004691075514874142,0.014147286821705426,2,0.0017032857344437438,Rendah,1.1139338406133772,0.008855527343886949
IDN.16.5_1,Lingga,0.0009119927040583675,0.14807502467917077,0.6942442451413731,0.8954100620436067,0.0,0.0,0.0,0,0.32713905858471043,Tinggi,-0.27791498378163937,0.2466752812306029
IDN.16.6_1,Natuna,0.0,1.0,0.0,0.0,0.0,0.0,0.0,2,0.0017032857344437438,Rendah,1.1141971613309207,0.011953058692627305
IDN.16.7_1,Tanjungpinang,0.0,1.0,0.0,0.0,0.0,0.0,0.0,2,0.0017032857344437438,Rendah,1.1141971613309207,0.011953058692627305
IDN.17.1_1,BandarLampung,0.00045599635202918376,0.00493583415597236,0.34905538503459105,0.4597210256009241,0.0,0.0,0.0,1,0.29140905136714823,Sedang,0.010996611687728142,-0.2267118377408528
IDN.17.2_1,LampungBarat,0.061103511171910624,0.06338495086266593,0.7097953928342133,0.5003935190953267,0.0,0.0,0.0,0,0.32713905858471043,Tinggi,-0.15773234794338176,-0.07004556112703597
IDN.17.3_1,LampungSelatan,0.006839945280437756,0.12931885488647582,0.7949731735123712,0.6432724202996849,0.0,0.0,0.0,0,0.32713905858471043,Tinggi,-0.22236895407997526,0.0958822298757237
IDN.17.4_1,LampungTengah,0.0168718650250798,0.19100344174381687,0.7236864940681526,0.5862413650587794,0.0,0.0,0.0,0,0.32713905858471043,Tinggi,-0.11478295331658162,0.07706597566515017
IDN.17.5_1,LampungTimur,0.002279981760145919,0.14550839091806517,0.7659403028310509,0.68186528424939,0.0,0.0,0.0,0,0.32713905858471043,Tinggi,-0.21426686696410446,0.12415880960705894
IDN.17.6_1,LampungUtara,0.005927952576379389,0.2980484471106386,0.5954559643946036,0.5960515452467207,0.0,0.0,0.0,0,0.32713905858471043,Tinggi,0.023006398766012737,0.11798179727255742
IDN.17.7_1,Mesuji,0.00045599635202918376,0.00493583415597236,0.6252962342206101,0.8235421610006314,0.0,0.0,0.0,0,0.32713905858471043,Tinggi,-0.3080752834466093,0.08877445816263763
IDN.17.8_1,Metro,0.0,1.0,0.0,0.0,0.0,0.0,0.0,2,0.0017032857344437438,Rendah,1.1141971613309207,0.011953058692627305
IDN.17.9_1,Pesawaran,0.01094391244870041,0.10134912800263243,0.5815539254445086,0.5313274468910539,0.0,0.0,0.0,1,0.29140905136714823,Sedang,-0.07715494928974603,-0.05497476377920962
IDN.17.10_1,Pringsewu,0.0027359781121751026,0.21520236920039487,0.6531156172293567,0.6238921702039137,0.0,0.0,0.0,0,0.32713905858471043,Tinggi,-0.07858245191460267,0.09950130797428092
IDN.17.11_1,Tanggamus,0.05699954400364797,0.07607502467917077,0.7259902145941086,0.49349004795197776,0.0,9.422533315385651e-05,0.0,0,0.32713905858471043,Tinggi,-0.1537527008277948,-0.06154186517130311
IDN.17.12_1,TulangBawangBarat,0.0009119927040583675,0.024679170779861797,0.6635951587169749,0.7270460000180096,0.0,0.0,0.0,0,0.32713905858471043,Tinggi,-0.26767579329319646,0.04844404838827143
IDN.17.13_1,Tulangbawang,0.0013679890560875513,0.2563343205001645,0.7369365288639139,0.8731547931359956,0.0,0.0,0.0,0,0.32713905858471043,Tinggi,-0.21328900521737415,0.3130822565368805
IDN.17.14_1,WayKanan,0.011855905152758778,0.3654795352722302,0.6249507325057806,0.6476095296814046,0.0,0.0,0.0,0,0.32713905858471043,Tinggi,0.030017915000026818,0.20253301354903774
IDN.19.1_1,Ambon,0.029639762881896944,0.022036601108664285,0.5459627948664809,0.4724971120177771,0.004850824118506155,0.012693498452012383,0.036821705426356585,1,0.29140905136714823,Sedang,-0.08754020435697618,-0.1649222322446196
IDN.19.3_1,Buru,0.04149566803465572,0.04520356247898202,0.6102990242974566,0.5729991325726785,0.0012518255789693302,0.006407322654462242,0.0003875968992248062,0,0.32713905858471043,Tinggi,-0.15299698780183013,-0.06046657958655055
IDN.19.2_1,BuruSelatan,0.01595987232102143,0.07928359892821886,0.6583569834153219,0.6057978934337347,0.0,0.0,0.0,0,0.32713905858471043,Tinggi,-0.16873709586375252,0.00047963898275293904
IDN.19.4_1,KepulauanAru,0.0,1.0,0.0,0.0,0.0,0.0,0.0015503875968992248,2,0.0017032857344437438,Rendah,1.1141753478420016,0.011714460757442868
IDN.19.5_1,MalukuBaratDaya,0.011399908800729594,0.33504442250740374,0.7622764423994353,0.7133196334584165,0.00036511579386605466,0.001689325615829856,0.006007751937984496,0,0.32713905858471043,Tinggi,-0.0946428711978744,0.2629040680889212
IDN.19.6_1,MalukuTengah,0.42818057455540354,0.027177049790424162,0.773602898366007,0.5224531358441877,0.06102649697475485,0.062013729977116704,0.08333333333333333,0,0.32713905858471043,Tinggi,-0.24402672930445612,-0.13375237182491578
IDN.19.8_1,MalukuTenggara,0.0009119927040583675,0.02073050345508391,0.5548343778071889,0.6524961946355491,5.2159399123722096e-05,0.0003567101897967425,0.0001937984496124031,0,0.32713905858471043,Tinggi,-0.1779199236194754,-0.0332085787427816
IDN.19.7_1,MalukuTenggaraBarat,0.004103967168262654,0.09224525611495009,0.7173146272456731,0.7793430505771308,0.0,0.0,0.0,0,0.32713905858471043,Tinggi,-0.2734320987399833,0.14055980442786553
IDN.19.9_1,SeramBagianBarat,0.2663018695850433,0.023925272823161908,0.8345464426723568,0.4921908400851394,0.021228875443354892,0.010135953694979136,0.031395348837209305,0,0.32713905858471043,Tinggi,-0.25536577519058723,-0.09875426271448018
IDN.19.10_1,SeramBagianTimur,0.046511627906976744,0.046900102587925596,0.6436017972900947,0.5717562922903092,0.0,0.0,0.0,0,0.32713905858471043,Tinggi,-0.16864926989395224,-0.05022865212968097
IDN.19.11_1,Tual,0.0,1.0,0.0,0.0,0.0,0.0,0.0,2,0.0017032857344437438,Rendah,1.1141971613309207,0.011953058692627305
IDN.18.1_1,HalmaheraBarat,0.07934336525307797,0.05828823002121841,0.8458655144909809,0.5550397221230549,0.00036511579386605466,0.008729304078610849,0.0029069767441860465,0,0.32713905858471043,Tinggi,-0.25937211391910686,-0.004033925813862971
IDN.18.2_1,HalmaheraSelatan,0.06976744186046512,0.06340449967417042,0.8993585112236384,0.6452002995988345,0.007876069267682036,0.02899448108762956,0.0748062015503876,0,0.32713905858471043,Tinggi,-0.32800080973005863,0.0588425805264321
IDN.18.3_1,HalmaheraTengah,0.008663930688554491,0.021769626435288614,0.554369749491611,0.5519972728189636,0.0,0.0,0.0,1,0.29140905136714823,Sedang,-0.128845490839265,-0.0995732523398628
IDN.18.4_1,HalmaheraTimur,0.07250341997264022,0.03939354430143978,0.6823123159976213,0.568639682931885,0.0,0.0,0.0,0,0.32713905858471043,Tinggi,-0.19361673538957702,-0.04939955499089166
IDN.18.5_1,HalmaheraUtara,0.084359325125399,0.040281742749659816,0.6940677709528588,0.556402553474018,0.0029730857500521596,0.0053170009422533315,0.005232558139534884,0,0.32713905858471043,Tinggi,-0.19385411497128424,-0.05708829739907928
IDN.18.6_1,KepulauanSula,0.00729594163246694,0.05022211253701875,0.6582454932973741,0.6743267254643039,0.0,0.0,0.0,0,0.32713905858471043,Tinggi,-0.22178393122770523,0.027913469552531156
IDN.18.7_1,PulauMorotai,0.12448700410396717,0.26856361802067624,0.6594913455090602,0.6702283301228983,0.003338201543918214,0.004993942657154395,0.005232558139534884,0,0.32713905858471043,Tinggi,-0.07166313103800903,0.14987082234849136
IDN.18.8_1,Ternate,0.009575923392612859,0.030696187655713813,0.6594109668611603,0.6497178395813459,0.00010431879824744419,0.005976578274330327,0.005426356589147287,0,0.32713905858471043,Tinggi,-0.2245187995989798,-0.002663963067167985
IDN.18.9_1,TidoreKepulauan,0.00729594163246694,0.06897828232971372,0.6301125875239952,0.5100205469169361,0.0,0.0,0.0,0,0.32713905858471043,Tinggi,-0.11480846529832756,-0.07591782318068163
IDN.20.1_1,Bima,0.24760601915184677,0.10755755291705071,0.6597518175916105,0.5022750964806582,0.0,0.0,0.0,0,0.32713905858471043,Tinggi,-0.10888697178308926,-0.07572692663141478
IDN.20.2_1,Dompu,0.32968536251709984,0.16570339391506544,0.7805389980683193,0.5109396391984787,0.006311287293970374,0.06272715035671018,0.015116279069767442,0,0.32713905858471043,Tinggi,-0.13936713296812564,-0.02340999958690637
IDN.20.3_1,KotaBima,0.010031919744642043,0.20497173113165215,0.5533859577812691,0.4633483483179231,0.0058418527018568745,0.057120743034055725,0.04263565891472868,1,0.29140905136714823,Sedang,0.0418115116240364,-0.05864297452209488
IDN.20.4_1,LombokBarat,0.04879160966712266,0.10957551826258637,0.5641925130898604,0.48882120800385176,0.02613185896098477,0.5363777089783281,0.013953488372093023,1,0.29140905136714823,Sedang,-0.05059165758858286,-0.19012802351614444
IDN.20.5_1,LombokTengah,0.14956680346557227,0.06910769749355933,0.5676892449604588,0.4697895079404236,0.00031295639474233255,0.17050747072284292,0.004263565891472868,1,0.29140905136714823,Sedang,-0.07070304624748869,-0.16784295166349011
IDN.20.6_1,LombokTimur,0.13087095303237573,0.031448314765195315,0.6835268855210767,0.4855535118773205,0.028218234925933654,0.20745053170009423,0.23468992248062015,0,0.32713905858471043,Tinggi,-0.16830107992506604,-0.19262094865519702
IDN.20.7_1,LombokUtara,0.05791153670770634,0.03554577889017574,0.663752565805704,0.5052307699852971,0.07354475276444815,0.3436128684883564,0.009302325581395349,0,0.32713905858471043,Tinggi,-0.16062711749569591,-0.16909522034998375
IDN.20.8_1,Mataram,0.00364797081623347,0.037018756169792694,0.4711037186554891,0.4593039477063526,0.0039641143334028794,0.09458204334365325,0.0,1,0.29140905136714823,Sedang,-0.031153309600655488,-0.1909379848761255
IDN.20.10_1,Sumbawa,0.24259005927952576,0.08684099191710766,0.7122702562472683,0.4911698721071254,0.0031295639474233257,0.08490375555256427,0.001937984496124031,0,0.32713905858471043,Tinggi,-0.14639704517183227,-0.09745751530980962
IDN.20.9_1,SumbawaBarat,0.11673506611947104,0.04091343780848963,0.6088653697833967,0.43554077497427424,0.00010431879824744419,0.12461300309597523,0.0,1,0.29140905136714823,Sedang,-0.0935390531161081,-0.18420379698193362
IDN.21.1_1,Alor,0.06064751481988144,0.04607025955807584,0.8155650006991042,0.554754900567179,0.018047152096807847,0.11476645578139723,0.2125968992248062,0,0.32713905858471043,Tinggi,-0.25575050641490893,-0.07180892981834919
IDN.21.2_1,Belu,0.03283173734610123,0.024404957771196664,0.624722201029666,0.5414170674617871,0.0,0.0,0.0,1,0.29140905136714823,Sedang,-0.15948938544268776,-0.08822717132514002
IDN.21.3_1,Ende,0.049247606019151846,0.07683448502796972,0.6990536669556716,0.4613842954627215,0.0,0.0,0.0,0,0.32713905858471043,Tinggi,-0.12342070739461808,-0.08869407629393755
IDN.21.4_1,FloresTimur,0.021431828545371637,0.15095251097435466,0.5947345384171333,0.5476827650895508,0.01773419570206551,5.3843047516489434e-05,0.0,0,0.32713905858471043,Tinggi,-0.05755479332757374,-0.011848703808634897
IDN.21.5_1,KotaKupang,0.0027359781121751026,0.021388614675880224,0.5852452192556494,0.584983829912632,0.0,0.0,0.0,1,0.29140905136714823,Sedang,-0.16084389838298352,-0.06892549172596851
IDN.21.6_1,Kupang,0.12539899680802552,0.03745131472673427,0.7914845730501551,0.5527427747248236,0.0,0.0012922331403957465,0.009883720930232558,0,0.32713905858471043,Tinggi,-0.2464287956664707,-0.03883828000235434
IDN.21.7_1,Lembata,0.027359781121751026,0.1433037183283975,0.6019150025319361,0.5338619628801291,0.00010431879824744419,0.0009153318077803204,0.0011627906976744186,0,0.32713905858471043,Tinggi,-0.06014332029465935,-0.023068719857720188
IDN.21.10_1,Manggarai,0.061103511171910624,0.12288016973375963,0.7891795931277813,0.49878734260240243,0.001095347381598164,6.730380939561179e-06,0.0,0,0.32713905858471043,Tinggi,-0.15645364952139407,-0.011230920632035457
IDN.21.8_1,ManggaraiBarat,0.026903784769721842,0.19922365184800978,0.742535217905944,0.5200630746505287,0.0,0.004704536276753264,0.021899224806201552,0,0.32713905858471043,Tinggi,-0.08770931651580666,0.03860518635115828
IDN.21.9_1,ManggaraiTimur,0.06885544915640675,0.15383458744925244,0.7627804762064258,0.535952843649496,0.0,0.0,0.0,0,0.32713905858471043,Tinggi,-0.13912770040628508,0.02498843941779938
IDN.21.11_1,Nagekeo,0.013679890560875513,0.2315893385982231,0.6438576867236823,0.5588014303505366,0.0,0.0,0.0,0,0.32713905858471043,Tinggi,-0.03131874188821332,0.06336766368747204
IDN.21.12_1,Ngada,0.016415868673050615,0.22096084238236263,0.6213174400245574,0.5393237035985092,0.0,0.0,0.0,0,0.32713905858471043,Tinggi,-0.01778544641199825,0.03722008702150481
IDN.21.13_1,RoteNdao,0.0027359781121751026,0.02237578150707469,0.5099817216478404,0.54417922530664,0.0,0.0,0.0,1,0.29140905136714823,Sedang,-0.10130384234342238,-0.11588348310616226
IDN.21.14_1,SabuRaijua,0.00045599635202918376,0.07798617966436328,0.44444685041353876,0.585355707596273,0.0,0.0,0.0,1,0.29140905136714823,Sedang,-0.04779592273626654,-0.07098530072916276
IDN.21.15_1,Sikka,0.02051983584131327,0.13045958100252278,0.6291909378901733,0.546973150011236,0.0,0.0,0.0,0,0.32713905858471043,Tinggi,-0.08939778329169856,-0.01400729107018428
IDN.21.17_1,SumbaBarat,0.050159598723210214,0.042860988961679974,0.6042376367826311,0.5315440655542805,0.0,6.730380939561179e-05,0.001937984496124031,1,0.29140905136714823,Sedang,-0.13179773706833997,-0.09084933572117526
IDN.21.16_1,SumbaBaratDaya,0.1121751025991792,0.05103572259809469,0.7449345629643286,0.523475229059994,0.0,0.0,0.0,0,0.32713905858471043,Tinggi,-0.19785682278806593,-0.05894736278786439
IDN.21.18_1,SumbaTengah,0.08572731418148655,0.054861271554892774,0.6370020627308707,0.5362194512904704,0.0,0.0,0.0,0,0.32713905858471043,Tinggi,-0.1440497265002204,-0.07482970130461042
IDN.21.19_1,SumbaTimur,0.15321477428180574,0.055105062755605685,0.7280233316792737,0.5148768245861092,0.0,0.0,0.0007751937984496124,0,0.32713905858471043,Tinggi,-0.18368209530233903,-0.07149067549315091
IDN.21.20_1,TimorTengahSelatan,0.07478340173278614,0.0334553246815785,0.6293862197569838,0.5171539582917053,0.0,0.00018172028536815184,0.0001937984496124031,1,0.29140905136714823,Sedang,-0.14553211795120924,-0.10198667497641933
IDN.21.21_1,TimorTengahUtara,0.041951664386684906,0.023799304691188464,0.628035486601055,0.51643702574423,0.0,7.403419033517297e-05,0.0005813953488372093,1,0.29140905136714823,Sedang,-0.1499805472592134,-0.10528486920689062
IDN.23.1_1,Asmat,0.008663930688554491,0.03278433002545851,0.7332887042236237,0.7586349159162119,0.0,0.0,0.0,0,0.32713905858471043,Tinggi,-0.3137875840744049,0.09273700159878306
IDN.23.2_1,BiakNumfor,0.00364797081623347,0.038499506416584395,0.5560848503788639,0.6438299420645316,0.0064156060922178175,0.03382689460223449,0.04244186046511628,0,0.32713905858471043,Tinggi,-0.16307629758911624,-0.040800507552359866
IDN.23.3_1,BovenDigoel,0.0031919744642042863,0.04103793541108447,0.7089774032185249,0.825512287009998,0.0,5.3843047516489434e-05,0.0005813953488372093,0,0.32713905858471043,Tinggi,-0.32732173441007806,0.1358449750294124
IDN.23.4_1,Deiyai,0.0031919744642042863,0.03708926808630658,0.598074166785418,0.7241763415230515,0.0,0.0,0.0,0,0.32713905858471043,Tinggi,-0.22353330786566805,0.03618067421122473
IDN.23.5_1,Dogiyai,0.018695850433196534,0.026846122360532586,0.6510759262771184,0.6623014243731163,0.0,0.0,0.0,0,0.32713905858471043,Tinggi,-0.22915471577436797,0.0017470235828459524
IDN.23.6_1,IntanJaya,0.015047879616963064,0.18334380328457325,0.6769876329939385,0.6640429532548133,0.0,0.0,0.0,0,0.32713905858471043,Tinggi,-0.13324996339000073,0.11067842854732168
IDN.23.7_1,Jayapura,0.5490196078431373,0.0470511260589086,0.7622316236041076,0.5683708721179763,0.0,0.0,0.0,0,0.32713905858471043,Tinggi,-0.24858357605561487,-0.07735269204541562
IDN.23.8_1,Jayawijaya,0.010031919744642043,0.12429327829130395,0.6336211410420174,0.6776381682025115,0.0,0.0,0.0,0,0.32713905858471043,Tinggi,-0.158556293085219,0.07042641423611984
IDN.23.9_1,Keerom,0.11582307341541268,0.03650185385267117,0.7084800594488158,0.5937659716388657,0.0,0.0,0.0,0,0.32713905858471043,Tinggi,-0.22309389533452462,-0.03248257691982226
IDN.23.10_1,KepulauanYapen,0.046511627906976744,0.006716605694597682,0.6554192987788159,0.5818527782016211,0.0,0.0,0.0,0,0.32713905858471043,Tinggi,-0.20793404110806635,-0.0660634038796577
IDN.23.11_1,KotaJayapura,0.057455540355677154,0.009730644478916937,0.6949115344098264,0.5312268384421074,0.0008345503859795535,0.0011508951406649615,0.016860465116279068,0,0.32713905858471043,Tinggi,-0.2026895600927081,-0.09069901624501542
IDN.23.12_1,LannyJaya,0.00364797081623347,0.09600197433366238,0.65806164584396,0.690601999965745,0.0,0.0,0.0,0,0.32713905858471043,Tinggi,-0.1971768635866713,0.06830653652610486
IDN.23.13_1,MamberamoRaya,0.2448700410396717,0.035422193054536824,0.8780325808272864,0.6696601090055473,5.2159399123722096e-05,2.019114281868354e-05,0.0003875968992248062,0,0.32713905858471043,Tinggi,-0.3538148327219133,0.048606159457891596
IDN.23.14_1,MamberamoTengah,0.017783857729138167,0.07869491482522084,0.6438970073020123,0.6719161832516903,0.0,6.730380939561179e-06,0.0001937984496124031,0,0.32713905858471043,Tinggi,-0.19353895411481625,0.03937171580876353
IDN.23.15_1,Mappi,0.0,1.0,0.0,0.0,0.0,0.0,0.0,2,0.0017032857344437438,Rendah,1.1141971613309207,0.011953058692627305
IDN.23.16_1,Merauke,0.001823985408116735,0.45162882527147086,0.7820541292791855,0.8894673674677793,0.0,0.0,0.0,0,0.32713905858471043,Tinggi,-0.10727305991192071,0.4612684686748477
IDN.23.17_1,Mimika,0.03875968992248062,0.05380639916381161,0.6505637997851483,0.6865735514705923,0.0,0.0,0.0,0,0.32713905858471043,Tinggi,-0.22240590837919982,0.03253541070425181
IDN.23.18_1,Nabire,0.15595075239398085,0.03517431287992934,0.7715898024189703,0.6058366902043523,0.09148758606300855,0.06482702920985328,0.08565891472868217,0,0.32713905858471043,Tinggi,-0.2670390098722789,-0.047076100234957674
IDN.23.19_1,Nduga,0.022343821249430004,0.13008441283719804,0.686552528848291,0.7056122678052793,0.0,0.0,0.0,0,0.32713905858471043,Tinggi,-0.19600656434101216,0.10571523875370414
IDN.23.20_1,Paniai,0.014135886912904697,0.13275801674999202,0.6316625570160534,0.6912617459964707,0.0,0.0,0.0,0,0.32713905858471043,Tinggi,-0.158305228303399,0.08379850158497681
IDN.23.21_1,PegununganBintang,0.04012767897856817,0.07870411917795926,0.7781839824477517,0.7057759997868575,0.0,0.0,0.0,0,0.32713905858471043,Tinggi,-0.28065205228281753,0.09613525094120212
IDN.23.23_1,Puncak,0.008663930688554491,0.13451446978749937,0.6632859137494194,0.7141076283660945,0.0,0.0,0.0,0,0.32713905858471043,Tinggi,-0.18432370503573414,0.10929795007171972
IDN.23.22_1,PuncakJaya,0.013679890560875513,0.08884501480750245,0.660810705622152,0.7048264303144641,0.0,0.0,0.0,0,0.32713905858471043,Tinggi,-0.2108909162995427,0.07268655006929492
IDN.23.24_1,Sarmi,0.37118103055175555,0.04343291510122704,0.8274470727025746,0.647639145987491,0.00031295639474233255,0.0022344864719343114,0.008527131782945736,0,0.32713905858471043,Tinggi,-0.3163766494752852,0.00911729956603946
IDN.23.25_1,Supiori,0.0031919744642042863,0.008884501480750245,0.5936147559376124,0.6812480934298872,0.0,0.0,0.0,0,0.32713905858471043,Tinggi,-0.2203780702142054,-0.011351610645212284
IDN.23.26_1,Tolikara,0.018695850433196534,0.09960754099150072,0.9166528759046871,0.7419113983101844,0.0,0.0,0.0,0,0.32713905858471043,Tinggi,-0.3546099907029855,0.17392461664873393
IDN.23.27_1,Waropen,0.08025535795713634,0.06375078524634299,0.8340482487594468,0.6698683435323167,0.0006259127894846651,0.006730380939561179,0.021705426356589147,0,0.32713905858471043,Tinggi,-0.30495447640324713,0.06908891011494844
IDN.23.28_1,Yahukimo,0.051527587779297765,0.049244773694187935,0.6553632590549949,0.6814266575196082,0.0,0.0,0.0,0,0.32713905858471043,Tinggi,-0.22614096487971735,0.026085278564481285
IDN.23.29_1,Yalimo,0.020063839489284085,0.07067217086960423,0.6713194406324601,0.6725489984066392,0.0,0.0,0.0,0,0.32713905858471043,Tinggi,-0.21385540362083055,0.041978627314720685
IDN.22.1_1,Fakfak,0.005927952576379389,0.11397980104791554,0.5866639994273715,0.5705368743955627,0.0,0.0,0.0,0,0.32713905858471043,Tinggi,-0.08961548778223316,-0.019107568571976485
IDN.22.2_1,Kaimana,0.06703146374829001,0.022503374498861733,0.662116185799764,0.64059415411296,0.0,0.0,0.0,0,0.32713905858471043,Tinggi,-0.2294182764067666,-0.017820443580381262
IDN.22.3_1,KotaSorong,0.009119927040583675,0.008588351431391906,0.5568756399678197,0.5328446111370604,0.0,0.0,0.0,1,0.29140905136714823,Sedang,-0.13021724574865823,-0.11997585907036556
IDN.22.4_1,Manokwari,0.16415868673050615,0.019233300427772295,0.9514459508142253,0.6034652568997968,0.026757771750469436,0.014652039305424688,0.09651162790697675,0,0.32713905858471043,Tinggi,-0.37010592568296774,0.003976483486436533
IDN.22.5_1,Maybrat,0.008207934336525308,0.04299659975869255,0.6758570341568997,0.582878980205832,0.0,0.0,0.0,0,0.32713905858471043,Tinggi,-0.19203274886015165,-0.03212225676199887
IDN.22.6_1,RajaAmpat,0.022343821249430004,0.06779217116264077,0.6798336619937003,0.5558105498037954,0.0,0.0,0.0,0,0.32713905858471043,Tinggi,-0.16418381249085245,-0.0345763387693947
IDN.22.8_1,Sorong,0.02188782489740082,0.018879565646594276,0.6731421336083344,0.5720274769446533,0.0052680993114959315,0.03213756898640463,0.01627906976744186,0,0.32713905858471043,Tinggi,-0.2035799868949657,-0.0659723569299071
IDN.22.7_1,SorongSelatan,0.006383948928408573,0.06698632068819631,0.6338352982898057,0.5835806198701822,0.00010431879824744419,0.00026248485664288597,0.004263565891472868,0,0.32713905858471043,Tinggi,-0.153603260520899,-0.028386523967273147
IDN.22.9_1,Tambrauw,0.04696762425900593,0.020308801119428014,1.0,0.6685176857452868,0.0,0.0,0.0,0,0.32713905858471043,Tinggi,-0.41957103128932915,0.09458790699519837
IDN.22.10_1,TelukBintuni,0.14728682170542634,0.0262195177858123,0.6721093986806342,0.5532091497300747,0.0,0.0,0.0,0,0.32713905858471043,Tinggi,-0.1931003320897261,-0.07938608523748292
IDN.22.11_1,TelukWondama,0.03875968992248062,0.021218280006968234,0.6459706296991554,0.588107921455397,0.0,0.0,0.0,0,0.32713905858471043,Tinggi,-0.1955175826476877,-0.05437592007038172
IDN.24.1_1,Bengkalis,0.0013679890560875513,0.00493583415597236,0.6401297777839717,0.7260605872249047,0.0,0.0,0.0,0,0.32713905858471043,Tinggi,-0.26888853277388625,0.028630983307835978
IDN.24.2_1,Dumai,0.0,1.0,0.0,0.0,0.0,0.0,0.0,2,0.0017032857344437438,Rendah,1.1141971613309207,0.011953058692627305
IDN.24.3_1,IndragiriHilir,0.0027359781121751026,0.15465613688713392,0.791658861644263,0.8402748463060162,0.0,0.0,0.0,0,0.32713905858471043,Tinggi,-0.2975334611675635,0.2412633512601794
IDN.24.4_1,IndragiriHulu,0.001823985408116735,0.13968410661401778,0.6254646404008228,0.7321283102683693,0.0,0.0,0.0,0,0.32713905858471043,Tinggi,-0.16939935559259423,0.11482303712755282
IDN.24.5_1,Kampar,0.005471956224350205,0.14972030273116155,0.7303086068311883,0.6850092256258445,0.0,0.0,0.0,0,0.32713905858471043,Tinggi,-0.19438894755111313,0.11873573103095203
IDN.24.6_1,KepulauanMeranti,0.0,1.0,0.0,0.0,0.0,0.0,0.0,2,0.0017032857344437438,Rendah,1.1141971613309207,0.011953058692627305
IDN.24.7_1,KuantanSingingi,0.004559963520291838,0.18440276406712736,0.6968229289076964,0.6217185943707747,0.0,6.730380939561179e-05,0.0003875968992248062,0,0.32713905858471043,Tinggi,-0.1220418884630835,0.09011367565393213
IDN.24.8_1,Pekanbaru,0.0009119927040583675,0.01579466929911155,0.706595288808879,0.8298339690283643,0.0,0.0,0.0,0,0.32713905858471043,Tinggi,-0.34582153792785375,0.12222618629062942
IDN.24.9_1,Pelalawan,0.001823985408116735,0.3311944718657453,0.684588075822421,0.8172645168325172,0.0,0.0,0.0,0,0.32713905858471043,Tinggi,-0.10646678363381412,0.3097742929907642
IDN.24.10_1,RokanHilir,0.0027359781121751026,0.18163869693978282,0.7685611076623127,0.7489468821829035,0.0,0.0,0.0,0,0.32713905858471043,Tinggi,-0.22253959535450896,0.1920967389631396
IDN.24.11_1,RokanHulu,0.013223894208846329,0.33294754399700444,0.6176317371894148,0.6108376395393234,0.0,0.0,0.0,0,0.32713905858471043,Tinggi,0.028599106187887913,0.1553340850263426
IDN.24.12_1,Siak,0.00045599635202918376,0.1510365251727542,0.631226601481982,0.8313527109490809,0.0,0.0,0.0,0,0.32713905858471043,Tinggi,-0.2121464642180434,0.1891130257050747
IDN.25.1_1,Majene,0.01459188326493388,0.01184600197433366,0.8178923216204518,0.5803003402367248,0.5809513874400167,0.027587831471261273,0.03527131782945736,0,0.32713905858471043,Tinggi,-0.2922979961955513,-0.0854455734129016
IDN.25.2_1,Mamasa,0.22663018695850434,0.006147447369309635,0.7558414352971659,0.45943884432380316,0.0,0.005619868084533584,0.0017441860465116279,0,0.32713905858471043,Tinggi,-0.2089017347323494,-0.1412556322207249
IDN.25.4_1,Mamuju,0.09803921568627451,0.021602883445441808,0.7151122912950264,0.5173513373490238,0.006363446693094096,0.07756764032844259,0.05872093023255814,0,0.32713905858471043,Tinggi,-0.20138774177856478,-0.11235720930585147
IDN.25.3_1,MamujuUtara,0.03875968992248062,0.015829510481389,0.7103259900096385,0.5427960093694446,0.0,0.0,0.0,0,0.32713905858471043,Tinggi,-0.21099952933079946,-0.06989505227337689
IDN.25.5_1,PolewaliMandar,0.009119927040583675,0.07374136229022704,0.641230852937021,0.43318988033421385,0.0,0.0,0.0,1,0.29140905136714823,Sedang,-0.08031790047689225,-0.12055469461027801
IDN.26.1_1,Bantaeng,0.0013679890560875513,0.013491280026324451,0.5991243852028981,0.5688669964290854,0.0,0.0,0.0,1,0.29140905136714823,Sedang,-0.16581107794276329,-0.0806024884871388
IDN.26.2_1,Barru,0.006839945280437756,0.011253701875616976,0.4033694343281636,0.38007551658667027,0.0,0.0,0.0,1,0.29140905136714823,Sedang,0.025261573038094287,-0.26082095169819963
IDN.26.3_1,Bone,0.02553579571363429,0.04921731772669581,0.7486924606485025,0.466213067955123,0.0,0.0,0.0,0,0.32713905858471043,Tinggi,-0.17008533770966217,-0.08679820298688967
IDN.26.4_1,Bulukumba,0.0013679890560875513,0.014149391247120762,0.4832748235288613,0.485178896627874,0.0,0.0,0.0,1,0.29140905136714823,Sedang,-0.0647141915092097,-0.16716983509050676
IDN.26.5_1,Enrekang,0.019151846785225718,0.006064024820194611,0.500559887506622,0.4309675724056669,0.0,0.0,0.0,1,0.29140905136714823,Sedang,-0.05399903146590029,-0.20528756078461674
IDN.26.6_1,Gowa,0.0013679890560875513,0.017439947351102335,0.4736211102353992,0.5112636868400937,0.0,0.0,0.0,1,0.29140905136714823,Sedang,-0.06993466346090849,-0.15056388635038476
IDN.26.7_1,Jeneponto,0.00045599635202918376,0.00493583415597236,0.34895893997097555,0.45959400328452277,0.0,0.0,0.0,1,0.29140905136714823,Sedang,0.011108010524340572,-0.22682198472298043
IDN.26.8_1,KepulauanSelayar,0.008207934336525308,0.19721399583196225,0.5526040563521604,0.5481476015377449,0.005059461715001043,0.004004576659038902,0.0003875968992248062,0,0.32713905858471043,Tinggi,-0.0027285202554185872,0.008503687275127292
IDN.26.11_1,Luwu,0.005015959872321021,0.03544826348380148,0.692302384057312,0.5781459618885568,0.0,0.0,0.0,0,0.32713905858471043,Tinggi,-0.20350105366305193,-0.03517014983509348
IDN.26.9_1,LuwuTimur,0.9767441860465116,0.005689804714251612,0.6523154012758746,0.4472510173696962,0.0,0.0,0.0,1,0.29140905136714823,Sedang,-0.1790421469421032,-0.26292769209023953
IDN.26.10_1,LuwuUtara,0.07250341997264022,0.00918251410903537,0.6588324293538884,0.4893474976405909,0.0,0.0,0.0,1,0.29140905136714823,Sedang,-0.16445480927326273,-0.12738169665905885
IDN.26.12_1,Makassar,0.0,1.0,0.0,0.0,0.0,0.0,0.0,2,0.0017032857344437438,Rendah,1.1141971613309207,0.011953058692627305
IDN.26.13_1,Maros,0.009575923392612859,0.00493583415597236,0.5173273239913795,0.3047447235606798,0.0,0.0,0.0,1,0.29140905136714823,Sedang,-0.002355906922988482,-0.2833235975124861
IDN.26.14_1,Palopo,0.0009119927040583675,0.0,0.262531259346624,0.31722677854044806,0.0,0.0,0.0,1,0.29140905136714823,Sedang,0.12119009548984866,-0.3475155110436154
IDN.26.15_1,PangkajeneDanKepulauan,0.009575923392612859,0.006346072486250173,0.3635786470833655,0.31167132386636104,0.0,0.0,0.0,1,0.29140905136714823,Sedang,0.07536588600793204,-0.32024608123909504
IDN.26.16_1,Parepare,0.00045599635202918376,0.00493583415597236,0.33194333962456685,0.43718372234388847,0.0,0.0,0.0,1,0.29140905136714823,Sedang,0.030761873685328456,-0.24625498582213262
IDN.26.17_1,Pinrang,0.01595987232102143,0.006740939218727964,0.7464611255514617,0.4593116842852762,0.0,0.0,0.0,0,0.32713905858471043,Tinggi,-0.1951017382682526,-0.1180565641784741
IDN.26.18_1,SidenrengRappang,0.010487916096671226,0.010515472767071547,0.6110587001385173,0.437150944851082,0.0,0.0,0.0005813953488372093,1,0.29140905136714823,Sedang,-0.11105361311200312,-0.1670037703322505
IDN.26.19_1,Sinjai,0.00045599635202918376,0.00493583415597236,0.4829062483606302,0.6360083966143175,0.0,0.0,0.0,1,0.29140905136714823,Sedang,-0.14360778064834934,-0.07384482622301514
IDN.26.20_1,Soppeng,0.011399908800729594,0.010384995064165844,0.5314037307540469,0.3711364518820466,0.0,0.0,0.0,1,0.29140905136714823,Sedang,-0.03789965038605375,-0.23248750835390236
IDN.26.21_1,Takalar,0.0,1.0,0.0,0.0,0.0,0.0,0.0,2,0.0017032857344437438,Rendah,1.1141971613309207,0.011953058692627305
IDN.26.22_1,TanaToraja,0.025079799361605107,0.006192228304765325,0.5842509934864812,0.47850618394916267,0.0,0.0,0.0,1,0.29140905136714823,Sedang,-0.12062098505124219,-0.15154279665668796
IDN.26.23_1,TorajaUtara,0.022343821249430004,0.012954046376694804,0.6120060809672567,0.5048267748356112,0.0,0.0,0.0,1,0.29140905136714823,Sedang,-0.14288561755761153,-0.12193245084825766
IDN.26.24_1,Wajo,0.017783857729138167,0.020173640114410103,0.5797219364475878,0.4392162274758326,0.0,2.019114281868354e-05,0.0001937984496124031,1,0.29140905136714823,Sedang,-0.08921877278550439,-0.1688798673604578
IDN.27.2_1,Banggai,0.11171910624715002,0.038064347160384385,0.7282769573123671,0.5745240750510119,0.00031295639474233255,0.0018710459011980077,0.0013565891472868217,0,0.32713905858471043,Tinggi,-0.22292000639676668,-0.038796195645898535
IDN.27.1_1,BanggaiKepulauan,0.012311901504787962,0.03506270337464809,0.7009073057514824,0.6078390612444167,0.0,0.0005788127608022614,0.0017441860465116279,0,0.32713905858471043,Tinggi,-0.22287442764902443,-0.014723977917069142
IDN.27.3_1,Buol,0.12676698586411309,0.03755495110328322,0.6677041475734118,0.5067980712198533,0.0,0.00011441647597254005,0.0005813953488372093,0,0.32713905858471043,Tinggi,-0.15967755538007844,-0.10162681856489864
IDN.27.4_1,Donggala,0.13953488372093023,0.020246598145674848,0.6752934843781383,0.5217633346722635,0.0,0.0,0.0001937984496124031,0,0.32713905858471043,Tinggi,-0.1835116902450904,-0.10215979917159212
IDN.27.5_1,Morowali,0.253077975376197,0.020111523171740347,0.80640619894071,0.5409787524214978,0.00010431879824744419,2.6921523758244717e-05,0.0003875968992248062,0,0.32713905858471043,Tinggi,-0.2656376434783755,-0.0665449339683577
IDN.27.6_1,Palu,0.015047879616963064,0.006371713183164318,0.6148298902001359,0.49575395265357575,0.00015647819737116627,0.00033651904697805894,0.0,1,0.29140905136714823,Sedang,-0.14433382694948127,-0.13057817805598687
IDN.27.7_1,ParigiMoutong,0.24304605563155496,0.05219389956827657,0.7375509682804818,0.5156956954817239,0.03645941998748174,0.010950329788666039,0.0013565891472868217,0,0.32713905858471043,Tinggi,-0.1950741819776045,-0.0863448665082841
IDN.27.8_1,Poso,1.0,0.005006956982843643,0.829393446581617,0.4708756127421217,0.004902983517629877,0.00901198007807242,0.04244186046511628,0,0.32713905858471043,Tinggi,-0.28478563791338984,-0.21037015317103275
IDN.27.9_1,Sigi,0.49794801641586867,0.011777298055679102,0.7849074298000048,0.5090394724469752,0.0004694345921134989,0.0015816395207968771,0.002325581395348837,0,0.32713905858471043,Tinggi,-0.25466695565278463,-0.12755555538129082
IDN.27.10_1,TojoUna-Una,0.09621523027815777,0.01912109402413179,0.7445662324115794,0.508752738095018,0.0018255789693302734,0.0005788127608022614,0.0005813953488372093,0,0.32713905858471043,Tinggi,-0.21242380508347936,-0.08772339545335339
IDN.27.11_1,Toli-Toli,0.08025535795713634,0.031118190792425737,0.6380823621456265,0.5193748696275515,0.0041205925307740456,0.0,0.0,1,0.29140905136714823,Sedang,-0.15301810652805437,-0.10061305394045317
IDN.28.1_1,Bau-Bau,0.0009119927040583675,0.013820335636722605,0.3932573442708153,0.5061155004965635,0.0,0.0,0.0,1,0.29140905136714823,Sedang,-0.028133601576058487,-0.17836933054613047
IDN.28.2_1,Bombana,0.011399908800729594,0.06527147087857847,0.5340551549138104,0.5262053803988407,0.0,0.0,0.0,1,0.29140905136714823,Sedang,-0.07535076207570468,-0.09459494504652932
IDN.28.4_1,Buton,0.005471956224350205,0.07239223428759459,0.920363371208599,0.6460457259909999,0.0,0.0006797684748956791,0.0013565891472868217,0,0.32713905858471043,Tinggi,-0.32902257658721523,0.09563817715297773
IDN.28.3_1,ButonUtara,0.005471956224350205,0.02566633761105627,0.7622666882780037,0.5801472709114454,5.2159399123722096e-05,0.00018845066630771302,0.0,0,0.32713905858471043,Tinggi,-0.24780148280651337,-0.020924130817119524
IDN.28.5_1,Kendari,0.009575923392612859,0.008508437926009495,0.5624967932656677,0.5461644357264007,0.0009910285833507199,0.004946829990577467,0.0005813953488372093,1,0.29140905136714823,Sedang,-0.1397126123894863,-0.11086706492280274
IDN.28.7_1,Kolaka,0.11080711354309165,0.005805190953814404,0.833847899441857,0.4646282454156109,0.0,0.00108359133126935,0.0,0,0.32713905858471043,Tinggi,-0.2475964241119032,-0.10215818935226773
IDN.28.6_1,KolakaUtara,0.014135886912904697,0.011368340604400853,0.4617880032153828,0.3957271067069986,0.0,0.0,0.0,1,0.29140905136714823,Sedang,-0.012906328616632212,-0.2351852688323382
IDN.28.10_1,Konawe,0.04149566803465572,0.007105431587169,0.6002487121141674,0.4998579563658785,0.0,1.3460761879122358e-05,0.0,1,0.29140905136714823,Sedang,-0.13924263706525652,-0.13438913403072644
IDN.28.8_1,KonaweSelatan,0.04833561331509348,0.030918810184581574,0.717306163651238,0.5298053860307359,0.0,0.0,0.0,0,0.32713905858471043,Tinggi,-0.1981422658990084,-0.06795269628497236
IDN.28.9_1,KonaweUtara,0.021431828545371637,0.031610342147822976,0.5800806520806798,0.521930075695797,0.0,0.0,0.0,1,0.29140905136714823,Sedang,-0.1213368593947578,-0.10742911331703642
IDN.28.11_1,Muna,0.011399908800729594,0.039368213228035534,0.5920397568275799,0.5418909332545628,0.0,4.7112666576928256e-05,0.0011627906976744186,1,0.29140905136714823,Sedang,-0.13134018101925793,-0.08506882693612383
IDN.28.12_1,Wakatobi,0.00045599635202918376,0.00493583415597236,0.6176530746701416,0.8134757895936275,0.0,0.0,0.0,0,0.32713905858471043,Tinggi,-0.29924705471154667,0.08004543744509363
IDN.29.1_1,Bitung,0.0027359781121751026,0.1625534715366897,0.624348153206945,0.6310310602874971,0.0,0.0,0.0,0,0.32713905858471043,Tinggi,-0.1040770955884569,0.06255021125710136
IDN.29.5_1,BolaangMongondow,0.04879160966712266,0.3775682482862968,0.6384171173569195,0.6084287016611922,0.0,0.0,0.0,0,0.32713905858471043,Tinggi,0.04891675845021448,0.1839713311560489
IDN.29.2_1,BolaangMongondowSelatan,0.045599635202918376,0.3845804540967423,0.6468398467067742,0.6212829630226119,0.0,0.0,0.0,0,0.32713905858471043,Tinggi,0.04339920728111829,0.1996064820289447
IDN.29.3_1,BolaangMongondowTimur,0.00729594163246694,0.11759624876604145,0.6736650107798943,0.5620764614095937,0.0,7.403419033517297e-05,0.0003875968992248062,0,0.32713905858471043,Tinggi,-0.12836370899662997,0.0013951636151128266
IDN.29.4_1,BolaangMongondowUtara,0.008207934336525308,0.169463639355051,0.6432500331405258,0.5530883292293871,0.0,0.0,0.0,0,0.32713905858471043,Tinggi,-0.07173831186613167,0.020283596616741284
IDN.29.6_1,KepulauanSangihe,0.0027359781121751026,0.15761763738071732,0.5793404990353952,0.6884509811516268,0.0,0.0,0.0,0,0.32713905858471043,Tinggi,-0.1117649915169856,0.08475583910902962
IDN.29.7_1,KepulauanTalaud,0.06931144550843593,0.04273393256091858,0.7727055067926875,0.6972581176254917,0.004016273732526602,0.010593619598869296,0.012403100775193798,0,0.32713905858471043,Tinggi,-0.30049731087081455,0.05836867185061123
IDN.29.8_1,Kotamobagu,0.0009119927040583675,0.36327739387956565,0.4277531074747355,0.5356829885792096,0.0,0.0,0.0,1,0.29140905136714823,Sedang,0.1854981999181907,0.07438955298892047
IDN.29.9_1,Manado,0.002279981760145919,0.3133267522211253,0.5523752257187777,0.6085862590185873,0.0007302315877321093,4.038228563736708e-05,0.007558139534883721,0,0.32713905858471043,Tinggi,0.0501840302701807,0.12330994690354102
IDN.29.13_1,Minahasa,0.009119927040583675,0.33287265547877587,0.7224800321622309,0.686104941686512,0.0,1.3460761879122358e-05,0.0,0,0.32713905858471043,Tinggi,-0.06214072622220301,0.23417147899642454
IDN.29.10_1,MinahasaSelatan,0.015047879616963064,0.2848724161656047,0.6053185872820505,0.6238503293220123,0.0,0.0,0.0,0,0.32713905858471043,Tinggi,-0.005147732586596343,0.12950253351172736
IDN.29.11_1,MinahasaTenggara,0.0013679890560875513,0.20368542283645938,0.6674342991124269,0.6578108381284576,0.0,0.0,0.0001937984496124031,0,0.32713905858471043,Tinggi,-0.11042485613671926,0.11851318099672326
IDN.29.12_1,MinahasaUtara,0.009119927040583675,0.27926949654491606,0.5986851214753828,0.6672028857805341,0.0,0.0,0.0,0,0.32713905858471043,Tinggi,-0.02627893048114399,0.15328561780945182
IDN.29.14_1,SiauTagulandangBiaro,0.0013679890560875513,0.17077986179664364,0.5850962312167878,0.6132354672003592,0.0,0.0,0.0,0,0.32713905858471043,Tinggi,-0.06922473354446906,0.045448712427495264
IDN.29.15_1,Tomohon,0.0013679890560875513,0.18525830865416254,0.47048873900948907,0.6111605374751197,0.0,0.0,0.0,1,0.29140905136714823,Sedang,0.001642415173903844,0.021763380010671907
IDN.30.1_1,Agam,0.08618331053351573,0.01006492319424205,0.7953515965734109,0.45746289297986226,0.019872731066138117,0.1989635213353076,0.20503875968992247,0,0.32713905858471043,Tinggi,-0.22568916759216706,-0.18186030715252038
IDN.30.2_1,Bukittinggi,0.002279981760145919,0.005725567620927938,0.4823151316951872,0.5188000162662592,0.005581055706238265,0.0006663077130165567,0.0032945736434108527,1,0.29140905136714823,Sedang,-0.08646691188309619,-0.1520183611917446
IDN.30.3_1,Danau,0.008663930688554491,0.0032732373876448277,0.6364990978669611,0.5210248910519735,0.0,0.0,0.0,1,0.29140905136714823,Sedang,-0.16971025786922167,-0.10915400012145116
IDN.30.4_1,Dharmasraya,0.008663930688554491,0.23624460954954019,0.577435232579279,0.5902551203916547,0.0,0.0,0.0,0,0.32713905858471043,Tinggi,-0.008403591621016337,0.0693065769114416
IDN.30.5_1,KepulauanMentawai,0.040583675330597355,0.05036769191521456,0.7931222394070384,0.6476560394896453,0.002138535364072606,0.034849912505047785,0.06821705426356589,0,0.32713905858471043,Tinggi,-0.28181328051832244,0.02670216255341895
IDN.30.6_1,KotaSolok,0.00045599635202918376,0.17077986179664364,0.45230560503957884,0.5957060270341785,0.0,0.0,0.0,1,0.29140905136714823,Sedang,0.008405181300622844,-0.002583207809842225
IDN.30.7_1,LimaPuluhKota,0.008207934336525308,0.18427114182296808,0.607464642057071,0.5936161900917153,0.0004694345921134989,0.0015614483779781937,0.008527131782945736,0,0.32713905858471043,Tinggi,-0.06234800148215314,0.04491588717031003
IDN.30.10_1,Padang,0.005927952576379389,0.09438833624420988,0.5270421266163051,0.5473171322158791,0.08507197997079073,0.8288396823260197,1.0,0,0.32713905858471043,Tinggi,-0.08646511750780267,-0.3781949164857533
IDN.30.8_1,PadangPanjang,0.0,1.0,0.0,0.0,0.0038597955351554352,0.0314847220352672,0.05775193798449613,2,0.0017032857344437438,Rendah,1.112953165337795,-0.0031125098089407333
IDN.30.9_1,PadangPariaman,0.013679890560875513,0.04179006252056598,0.5364964303307023,0.4888785960944147,0.0368245357813478,0.7407726477318616,0.523062015503876,1,0.29140905136714823,Sedang,-0.09234390798729142,-0.3540860499697075
IDN.30.11_1,Pariaman,0.0,1.0,0.0,0.0,0.020863759649488837,0.09164086687306501,0.09244186046511628,2,0.0017032857344437438,Rendah,1.1115657195484099,-0.02124264571451895
IDN.30.13_1,Pasaman,0.15275877792977655,0.06860956815134593,0.6365969349483214,0.5218323841800389,0.004642186522011266,0.023778435859469645,0.04457364341085271,0,0.32713905858471043,Tinggi,-0.13085839494590812,-0.09499992617878805
IDN.30.12_1,PasamanBarat,0.07706338349293206,0.051198327073488425,0.7830069942781982,0.5309394052551042,0.022532860421447944,0.08171355498721228,0.06492248062015504,0,0.32713905858471043,Tinggi,-0.2219043416717088,-0.06671541147721338
IDN.30.14_1,Payakumbuh,0.0,1.0,0.0,0.0,0.0007823909868558314,0.0013999192354287252,0.016085271317829455,2,0.0017032857344437438,Rendah,1.1139469036559926,0.009140255996509028
IDN.30.15_1,PesisirSelatan,0.03511171910624715,0.07439648209638337,0.7054855997234784,0.5564488911863089,0.003755476736907991,0.24071880468434514,0.13003875968992248,0,0.32713905858471043,Tinggi,-0.17863667907122738,-0.08892446036906221
IDN.30.16_1,Sawahlunto,0.00045599635202918376,0.2912142152023692,0.6297018914173728,0.8293446019076557,0.0,0.0,0.0,0,0.32713905858471043,Tinggi,-0.1117733641221954,0.277144172495723
IDN.30.17_1,Sijunjung,0.005927952576379389,0.20403979041688813,0.5708481910705869,0.6066333456171601,0.0,0.0,0.004069767441860465,0,0.32713905858471043,Tinggi,-0.0354655092899831,0.05732835977789941
IDN.30.19_1,Solok,0.036935704514363885,0.013466905536665325,0.6062344191675287,0.4560817629745523,0.016065094930106407,0.03330192488894872,0.0812015503875969,1,0.29140905136714823,Sedang,-0.11831328306216138,-0.17719733144989502
IDN.30.18_1,SolokSelatan,0.012767897856817145,0.11627415033140599,0.7133821401650113,0.5742865287496368,0.00323388274567077,0.003526719612330058,0.0031007751937984496,0,0.32713905858471043,Tinggi,-0.15618115774077046,0.017517560947571065
IDN.30.20_1,TanahDatar,0.023255813953488372,0.04078353947699513,0.598671821631661,0.5210160453037747,0.014448153557271021,0.12144299367344191,0.4191860465116279,0,0.32713905858471043,Tinggi,-0.13175575138807227,-0.1855351079082886
IDN.31.1_1,BanyuAsin,0.005015959872321021,0.09647312213945974,0.7409573004939832,0.7665902388822373,0.0,0.0,0.0,0,0.32713905858471043,Tinggi,-0.276664257698905,0.14129065035790567
IDN.31.2_1,EmpatLawang,0.008207934336525308,0.08994186684216299,0.5385748680968656,0.5247531868231639,0.0,0.0,0.0,1,0.29140905136714823,Sedang,-0.059523590395265225,-0.07813848491985731
IDN.31.3_1,Lahat,0.02781577747378021,0.06931205800009708,0.7431767080237045,0.5173711113998379,0.0015647819737116628,0.005895813703055593,0.006589147286821705,0,0.32713905858471043,Tinggi,-0.17798499920567645,-0.04431460366231277
IDN.31.4_1,Lubuklinggau,0.005927952576379389,0.3313083757308832,0.5761546053599348,0.6580297283652572,0.0,0.0,0.0,0,0.32713905858471043,Tinggi,0.026606405147054424,0.17473353189633112
IDN.31.5_1,MuaraEnim,0.04012767897856817,0.10262047922462532,0.6915454914924586,0.5583335458642711,0.0,0.0,0.0,0,0.32713905858471043,Tinggi,-0.14770098645356444,-0.009425250036047772
IDN.31.6_1,MusiBanyuasin,0.010487916096671226,0.2085497231640843,0.7342546667175966,0.7141129174100793,0.0,0.0,0.0,0,0.32713905858471043,Tinggi,-0.1692736849528631,0.17606879991312652
IDN.31.7_1,MusiRawas,0.040583675330597355,0.2802111871513027,0.6975486302778491,0.627296986793064,0.0,0.0,0.0,0,0.32713905858471043,Tinggi,-0.05912704542018049,0.15127695741857494
IDN.31.8_1,OganIlir,0.0009119927040583675,0.00493583415597236,0.6628566655895773,0.8670576844484391,0.0,0.0,0.0,0,0.32713905858471043,Tinggi,-0.3486104196890505,0.1277024577628867
IDN.31.9_1,OganKomeringIlir,0.006839945280437756,0.07956564659427443,0.7592667641237356,0.7617303648963152,0.0,0.0,0.0,0,0.32713905858471043,Tinggi,-0.2958247465568733,0.13210349073258087
IDN.31.12_1,OganKomeringUlu,0.00729594163246694,0.08946199407699901,0.6306677733008637,0.5387866984436048,0.0,0.0,0.0,0,0.32713905858471043,Tinggi,-0.11454162610007468,-0.043722950457432685
IDN.31.10_1,OganKomeringUluSelatan,0.030551755585955312,0.09133503263544075,0.6417156376695428,0.5163217598568535,0.0,8.076457127473416e-05,0.0015503875968992248,0,0.32713905858471043,Tinggi,-0.10910154015712648,-0.05717995134406939
IDN.31.11_1,OganKomeringUluTimur,0.002279981760145919,0.18815399802566632,0.5313298348593315,0.5695918266610104,0.0,0.0,0.0,0,0.32713905858471043,Tinggi,-0.008020363241650064,0.012938770443383873
IDN.31.13_1,PagarAlam,0.005471956224350205,0.1554787759131293,0.613120976452117,0.5698918247216844,0.0,0.0,0.0,0,0.32713905858471043,Tinggi,-0.07387078098384309,0.014390292776949587
IDN.31.14_1,Palembang,0.0,1.0,0.0,0.0,0.0,0.0,0.0,2,0.0017032857344437438,Rendah,1.1141971613309207,0.011953058692627305
IDN.31.15_1,Prabumulih,0.0013679890560875513,0.22211253701875616,0.4881125730308126,0.5868857953825768,0.0,0.0,0.0,0,0.32713905858471043,Tinggi,0.03008166053689293,0.034254687832106834
IDN.32.1_1,Asahan,0.0031919744642042863,0.288111690875758,0.4735154681105441,0.5385071721626983,0.0,0.0,0.0,1,0.29140905136714823,Sedang,0.10733930772288097,0.04046292240598903
IDN.32.2_1,BatuBara,0.0009119927040583675,0.9358341559723593,0.5636217127968549,0.675871263209663,0.0,0.0,0.0,0,0.32713905858471043,Tinggi,0.45000986964733464,0.5707414561676248
IDN.32.3_1,Dairi,0.023711810305517556,0.038689346191814106,0.5967455308988104,0.47622138931235436,0.0006259127894846651,0.005451608561044556,0.02073643410852713,1,0.29140905136714823,Sedang,-0.10347817882157129,-0.13288934835802696
IDN.32.4_1,DeliSerdang,0.04468764249886001,0.012007172069222555,0.6110250011605758,0.4923988908697616,0.0,0.0005249697132857719,0.0007751937984496124,1,0.29140905136714823,Sedang,-0.1379576675314872,-0.1337660061251441
IDN.32.5_1,Gunungsitoli,0.002279981760145919,0.0349457058242843,0.5006342845277254,0.5725005689727368,0.0,0.0,0.0,1,0.29140905136714823,Sedang,-0.10121505470243286,-0.09172676123182189
IDN.32.6_1,HumbangHasundutan,0.017783857729138167,0.1099805097830764,0.6334968809329204,0.5213948196756581,0.0,0.00043747476107147665,0.015116279069767442,0,0.32713905858471043,Tinggi,-0.09383803319093498,-0.044854621567141595
IDN.32.7_1,Karo,0.06201550387596899,0.03257650542941756,0.6854111056812688,0.4611675538267255,0.0,0.0,0.0,1,0.29140905136714823,Sedang,-0.14785187554022083,-0.1224069510824276
IDN.32.8_1,KotaBinjai,0.0,1.0,0.0,0.0,0.0,0.0,0.0,2,0.0017032857344437438,Rendah,1.1141971613309207,0.011953058692627305
IDN.32.9_1,KotaMedan,0.00045599635202918376,0.0839091806515301,0.3153038766460611,0.4152688305705694,0.0,0.0,0.0,1,0.29140905136714823,Sedang,0.10553732699149115,-0.21468237132648338
IDN.32.10_1,KotaTanjungbalai,0.0,1.0,0.0,0.0,0.0,0.0,0.0,2,0.0017032857344437438,Rendah,1.1141971613309207,0.011953058692627305
IDN.32.13_1,Labuhanbatu,0.0,1.0,0.0,0.0,0.0,0.0,0.0,2,0.0017032857344437438,Rendah,1.1141971613309207,0.011953058692627305
IDN.32.11_1,LabuhanbatuSelatan,0.0009119927040583675,0.008884501480750245,0.4678624924012219,0.5972082287435516,0.0,0.0,0.0,1,0.29140905136714823,Sedang,-0.11432758262398313,-0.10103982870191619
IDN.32.12_1,LabuhanbatuUtara,0.0013679890560875513,0.10825929582099374,0.6176462735245349,0.7039045476963739,0.0,0.0,0.0,0,0.32713905858471043,Tinggi,-0.1738238388514144,0.07402827461541595
IDN.32.14_1,LakeToba,0.053807569539443684,0.17518028343400205,0.6464938956233074,0.5171976527311354,0.0,0.0,0.0,0,0.32713905858471043,Tinggi,-0.05392618399625554,-0.004007147311319126
IDN.32.15_1,Langkat,0.056543547651618786,0.06309906696812406,0.7140886349805102,0.5062394810448,0.0,2.6921523758244717e-05,0.0001937984496124031,0,0.32713905858471043,Tinggi,-0.16280717882713636,-0.06471065693082056
IDN.32.16_1,MandailingNatal,0.1208390332877337,0.09658961798506212,0.7245759870796942,0.5681380750935903,0.0899228040892969,0.01340691883160587,0.009883720930232558,0,0.32713905858471043,Tinggi,-0.17807225337695376,-0.020208176651275056
IDN.32.20_1,Nias,0.004559963520291838,0.0351431391905232,0.5321171322554069,0.5510726583683273,0.207020655122053,0.16653654596850181,0.5153100775193798,1,0.29140905136714823,Sedang,-0.11822796721213158,-0.2284058532371817
IDN.32.17_1,NiasBarat,0.00729594163246694,0.023815399802566636,0.5837213811003369,0.589213945612713,0.0,0.0,0.0,1,0.29140905136714823,Sedang,-0.1605609236622233,-0.06553218067381728
IDN.32.18_1,NiasSelatan,0.02781577747378021,0.026718236693476605,0.6474248077432029,0.5983950315583957,0.16518881702482788,0.13849777897428994,0.16608527131782946,0,0.32713905858471043,Tinggi,-0.20231633643968172,-0.11037002244023086
IDN.32.19_1,NiasUtara,0.015047879616963064,0.03652517275419545,0.5850758905473131,0.6161269742403122,0.0,0.0,0.0,0,0.32713905858471043,Tinggi,-0.1655935551340889,-0.040204646838322367
IDN.32.22_1,PadangLawas,0.05198358413132695,0.22145442579795985,0.6856985512713005,0.5789103705250644,0.0,0.0,0.0,0,0.32713905858471043,Tinggi,-0.07143827834137428,0.07724165175995668
IDN.32.21_1,PadangLawasUtara,0.04149566803465572,0.24380851133072257,0.6647588782118558,0.5953928858945577,0.0,0.0,0.0,0,0.32713905858471043,Tinggi,-0.05233103363680808,0.09783252274415255
IDN.32.23_1,Padangsidimpuan,0.00729594163246694,0.018015794669299107,0.6264125109667145,0.539243564781529,5.2159399123722096e-05,0.0005720823798627002,0.0005813953488372093,1,0.29140905136714823,Sedang,-0.1628224410032647,-0.09055079931749832
IDN.32.24_1,PakpakBarat,0.004559963520291838,0.08825271470878578,0.4611744917684623,0.45782656775575004,0.00010431879824744419,0.0016287521873738053,0.01065891472868217,1,0.29140905136714823,Sedang,0.011799868410170389,-0.14611505559594024
IDN.32.25_1,Pematangsiantar,0.0009119927040583675,0.32082922013820336,0.5176731322032069,0.6363761252936256,0.0,0.0,0.0,0,0.32713905858471043,Tinggi,0.06031618186897214,0.13823270526393372
IDN.32.26_1,Samosir,0.06703146374829001,0.05409271309708483,0.6889779942338261,0.43366680732145596,0.0,0.002597927042670615,0.0034883720930232558,1,0.29140905136714823,Sedang,-0.12160947210384088,-0.1273253715159145
IDN.32.27_1,SerdangBedagai,0.0013679890560875513,0.3688713392563343,0.6355226741065422,0.7198531458501134,0.0,0.0,0.0,0,0.32713905858471043,Tinggi,-0.007479040136963322,0.2563487110613746
IDN.32.28_1,Sibolga,0.00045599635202918376,0.02665350444225074,0.35348727771633615,0.4655580197753677,5.2159399123722096e-05,0.0008211064746264638,0.0001937984496124031,1,0.29140905136714823,Sedang,0.02114186808312185,-0.20792785890517362
IDN.32.29_1,Simalungun,0.03784769721842225,0.19159362028568372,0.6759655874970473,0.5462913459669682,0.0,3.3651904697805894e-05,0.0,0,0.32713905858471043,Tinggi,-0.0711075602681897,0.03559379742181634
IDN.32.30_1,TapanuliSelatan,0.08390332877336981,0.11578823125456027,0.6899378527299884,0.5523929783789342,0.0,0.00032978866603849776,0.0032945736434108527,0,0.32713905858471043,Tinggi,-0.13652315563050654,-0.01093715574133236
IDN.32.31_1,TapanuliTengah,0.02553579571363429,0.13104639684106614,0.6807954913338952,0.5528761786995866,5.2159399123722096e-05,0.005586216179835779,0.04709302325581395,0,0.32713905858471043,Tinggi,-0.11963407263926962,-0.004377437780271776
IDN.32.32_1,TapanuliUtara,0.27861377108983126,0.07981510413721456,0.7593882283019187,0.5295146692427396,0.014448153557271021,0.020224794723381345,0.05329457364341085,0,0.32713905858471043,Tinggi,-0.19575597815800982,-0.06506690779771152
IDN.32.33_1,Tebingtinggi,0.0,1.0,0.0,0.0,0.0,0.0,0.0,2,0.0017032857344437438,Rendah,1.1141971613309207,0.011953058692627305
IDN.32.34_1,TobaSamosir,0.018695850433196534,0.23395853899308983,0.7028604019373083,0.6244130995248547,0.0,0.0,0.0,0,0.32713905858471043,Tinggi,-0.09217551861155804,0.12373600095591886
IDN.33.1_1,Bantul,0.015503875968992248,0.025492131699669,0.7293894578939711,0.3797575444721833,0.8452430627999166,1.0,0.3395348837209302,0,0.32713905858471043,Tinggi,-0.15880032243997677,-0.48564592793711797
IDN.33.2_1,GunungKidul,0.057455540355677154,0.022657829173130254,0.6276144500804364,0.4707413972417829,0.06149593156686835,0.06037824740880334,0.15678294573643412,1,0.29140905136714823,Sedang,-0.1326165332597059,-0.1793948282106803
IDN.33.3_1,KotaYogyakarta,0.0,1.0,0.0,0.0,0.027957437930315042,0.09657423610176336,0.09263565891472868,2,0.0017032857344437438,Rendah,1.1114448268045791,-0.022906212123061098
IDN.33.4_1,KulonProgo,0.00045599635202918376,0.577492596248766,0.42007888833851653,0.553262048546081,0.11485499687043606,0.061710862834836455,0.08197674418604652,0,0.32713905858471043,Tinggi,0.328907230359923,0.18534618346164144
IDN.33.5_1,Sleman,0.004559963520291838,0.02309970384995064,0.6660436535175323,0.4159420611642587,0.25693720008345505,0.14977789742899447,0.1182170542635659,1,0.29140905136714823,Sedang,-0.12595225345551198,-0.2290284433894884
