id_kabupaten,nama_kabupaten,luas_wilayah_km2,frekuensi_gempa,depth_mean,mag_max,mag_mean
IDN.1.10_1,AcehTimur,5464.141997701001,100.0,16.35,4.936355699,2.77895966542
IDN.1.11_1,AcehUtara,2732.93736929152,27.0,17.444444444444443,5.113062808,3.241806268148148
IDN.1.12_1,BandaAceh,59.47037712563131,6.0,11.166666666666666,4.824516433,3.5971253636666667
IDN.1.13_1,BenerMeriah,1942.2846593923073,92.0,10.282608695652174,4.8726416,2.7932648045434783
IDN.1.14_1,Bireuen,1783.8537314735304,42.0,27.095238095238095,5.433227937,3.352747553714286
IDN.1.15_1,GayoLues,5476.7300538436175,221.0,21.41176470588235,5.012610701,3.1799440362126696
IDN.1.16_1,Langsa,197.56423881003897,1.0,10.0,3.665418199,3.665418199
IDN.1.17_1,Lhokseumawe,139.26764336676695,1.0,20.0,3.373381601,3.373381601
IDN.1.18_1,NaganRaya,3441.0086586816305,313.0,23.207667731629392,7.0661473,3.3708558995431313
IDN.1.19_1,PidieJaya,974.3527321031429,153.0,15.169934640522875,6.523269147,3.465548315026144
IDN.1.1_1,AcehBaratDaya,1902.5383924583812,88.0,42.65909090909091,5.781737001,3.2154092640227274
IDN.1.20_1,Pidie,2998.2366253880004,488.0,13.959016393442623,5.37479451,3.1694716617602463
IDN.1.21_1,Sabang,126.04309257542461,65.0,31.384615384615383,4.692573289,3.069588449692308
IDN.1.22_1,Simeulue,1839.4521827306814,1071.0,24.564892623716155,6.140457217,3.840175607179271
IDN.1.23_1,Subulussalam,1154.8552080605743,18.0,54.611111111111114,6.6441627,2.931607275333333
IDN.1.2_1,AcehBarat,2830.1720091309735,479.0,21.227557411273487,5.5468882,3.320546688344468
IDN.1.3_1,AcehBesar,2932.706335981625,166.0,29.33132530120482,5.064876585,3.320527197879518
IDN.1.4_1,AcehJaya,3894.4891570641635,211.0,44.0,5.874450261,3.578148371957346
IDN.1.5_1,AcehSelatan,4231.250552323384,271.0,30.66789667896679,5.437384127,3.0512360960738008
IDN.1.6_1,AcehSingkil,1914.7822909747954,300.0,30.996666666666666,7.7315511,3.4813400550933338
IDN.1.7_1,AcehTamiang,2187.1630333714506,6.0,84.0,6.0610825,4.602319937
IDN.1.8_1,AcehTengah,4735.902474726335,111.0,41.24324324324324,5.027948324,3.1942289786576574
IDN.1.9_1,AcehTenggara,4196.853158401686,111.0,42.36036036036036,4.809142838,3.112894208873874
IDN.10.10_1,Jepara,1038.2164170281587,73.0,320.13698630136986,6.539773691,4.593715238890411
IDN.10.11_1,Karanganyar,817.4632576749505,3.0,158.0,3.645192434,3.1857761823333335
IDN.10.12_1,Kebumen,1356.3420858566808,123.0,39.796747967479675,5.017900738,3.5645704138536582
IDN.10.13_1,Kendal,1015.327286800667,12.0,63.166666666666664,7.89469772,3.326657142
IDN.10.14_1,Klaten,713.3445579964126,8.0,13.75,3.778510623,2.6193850041249997
IDN.10.16_1,KotaPekalongan,46.64601746262052,1.0,557.0,3.747676564,3.747676564
IDN.10.17_1,KotaSemarang,392.06156187172644,1.0,10.0,5.706508748,5.706508748
IDN.10.19_1,Kudus,442.1033896893817,1.0,10.0,4.282437535,4.282437535
IDN.10.1_1,Banjarnegara,1168.0788766614808,44.0,21.613636363636363,4.419685039,2.6483200396136364
IDN.10.20_1,Magelang,1150.4415072611175,5.0,76.2,4.130889149,3.0203774236
IDN.10.21_1,Pati,1604.932258865648,15.0,141.26666666666668,5.286002875,3.860561765066667
IDN.10.22_1,Pekalongan,907.0081933548472,5.0,11.4,3.171766582,2.6987364962
IDN.10.23_1,Pemalang,1154.2335738077047,8.0,253.75,5.543466368,4.042634711875
IDN.10.24_1,Purbalingga,821.6433887823538,3.0,37.0,3.2940839,2.5457681846666667
IDN.10.25_1,Purworejo,1109.8570020123411,26.0,69.84615384615384,5.334478719,3.065219335346154
IDN.10.26_1,Rembang,1053.313386626126,10.0,193.5,5.796768908,4.1761632352
IDN.10.27_1,Salatiga,54.02139999181462,2.0,14.5,3.443282302,3.1448574575
IDN.10.28_1,Semarang,1039.7276028202825,35.0,22.685714285714287,3.808764211,2.937534852857143
IDN.10.29_1,Sragen,994.2676556630475,2.0,120.5,4.832723487,3.8698078435000003
IDN.10.2_1,Banyumas,1413.08661904679,18.0,114.33333333333333,4.971885325,3.0702818985555553
IDN.10.30_1,Sukoharjo,502.4005476608162,5.0,61.0,3.042954216,2.5572887318
IDN.10.31_1,Surakarta,47.13162722306257,1.0,177.0,2.396542042,2.396542042
IDN.10.32_1,Tegal,1009.2461850025516,7.0,149.14285714285714,4.5520213,2.968674801428572
IDN.10.33_1,Temanggung,887.1978696696915,10.0,35.6,3.817707984,2.9607574658
IDN.10.35_1,Wonogiri,1960.0920162890532,16.0,67.3125,5.427623123,3.4184786714375
IDN.10.36_1,Wonosobo,1010.9495473841749,11.0,32.0,4.758375995,2.8180436848181816
IDN.10.3_1,Batang,872.1604912686018,16.0,51.0,5.469357966,2.9802794805
IDN.10.4_1,Blora,1979.19184125333,8.0,88.0,5.0423411,3.33403942475
IDN.10.5_1,Boyolali,1106.1556459480523,9.0,34.111111111111114,5.304992418,3.083747767888889
IDN.10.6_1,Brebes,1778.2020421299108,32.0,95.15625,4.838821324,3.527458431375
IDN.10.7_1,Cilacap,2385.8141857508363,495.0,38.13333333333333,6.235359714,3.5448695772929293
IDN.10.8_1,Demak,1014.2728411302497,5.0,59.0,3.772788797,3.0293319106
IDN.10.9_1,Grobogan,2061.796871270413,1.0,11.0,3.630599626,3.630599626
IDN.11.10_1,Kediri,1552.165219671419,23.0,64.30434782608695,4.786002333,3.3232756860434782
IDN.11.12_1,KotaKediri,70.11977222410545,2.0,10.0,2.616392108,2.4203789694999998
IDN.11.16_1,KotaPasuruan,39.251238921867845,1.0,10.0,3.1407186,3.1407186
IDN.11.18_1,Lamongan,1776.9359496408192,12.0,125.16666666666667,5.698094134,3.7699395113333334
IDN.11.19_1,Lumajang,1847.5438736351155,25.0,31.4,4.708341739,2.88593193008
IDN.11.1_1,Bangkalan,1319.9787681659504,14.0,476.2142857142857,4.732708352,4.022377015571428
IDN.11.20_1,Madiun,1137.6370316502723,28.0,31.428571428571427,4.18603409,2.95030362925
IDN.11.21_1,Magetan,714.4645924449873,7.0,59.285714285714285,3.3013264,2.745540947
IDN.11.22_1,Malang,3525.368199563723,930.0,35.73548387096774,6.273287894,3.752890366721505
IDN.11.23_1,Mojokerto,991.5152644972029,4.0,106.0,4.582403207,3.37532742525
IDN.11.24_1,Nganjuk,1313.232348984681,39.0,22.82051282051282,4.095326804,2.633171929820513
IDN.11.25_1,Ngawi,1417.3197320775664,17.0,44.88235294117647,5.053441668,3.308960165764706
IDN.11.26_1,Pacitan,1448.2610475130348,364.0,35.002747252747255,5.62716379,3.3894325604175823
IDN.11.27_1,Pamekasan,810.1720377638022,2.0,12.0,3.44410767,3.166712039
IDN.11.28_1,Pasuruan,1515.6315572450549,14.0,46.07142857142857,4.455640573,2.8353735222142857
IDN.11.29_1,Ponorogo,1443.8312599777287,25.0,59.52,4.59315922,3.18671550716
IDN.11.2_1,Banyuwangi,3679.5591454569276,1316.0,29.448328267477205,6.749751742,3.63036727899924
IDN.11.30_1,Probolinggo,1756.1960522368852,31.0,29.903225806451612,4.659686901,2.9284033013870965
IDN.11.31_1,Sampang,1242.6591162198276,12.0,11.25,7.003433245,3.892053938083333
IDN.11.32_1,Sidoarjo,732.3297488034726,1.0,10.0,3.998160612,3.998160612
IDN.11.33_1,Situbondo,1693.1341904799767,86.0,20.313953488372093,5.771456141,2.9406317945348834
IDN.11.34_1,Sumenep,2109.457703389967,294.0,97.64625850340136,6.833715042,3.5263536774353743
IDN.11.35_1,Surabaya,335.8698624692944,1.0,13.0,2.228503456,2.228503456
IDN.11.36_1,Trenggalek,1273.1769419407813,668.0,34.212574850299404,5.9351066,3.632835344101796
IDN.11.37_1,Tuban,2007.7232403746693,31.0,77.35483870967742,6.910809748,3.5101570399677415
IDN.11.38_1,Tulungagung,1174.5343445766146,25.0,86.32,5.203889352,3.2258543395599997
IDN.11.3_1,Batu,199.93459994399282,3.0,11.0,3.270456317,2.9974933129999997
IDN.11.4_1,Blitar,1789.7106204792813,111.0,65.2072072072072,4.9676253,3.4599389610540543
IDN.11.5_1,Bojonegoro,2350.2321092987695,59.0,26.610169491525422,5.633583364,2.8425596042033896
IDN.11.6_1,Bondowoso,1584.9419218814003,54.0,15.203703703703704,3.6101845,2.7169160835555553
IDN.11.7_1,Gresik,1249.0029746431546,216.0,67.74537037037037,6.21720951,3.9623141538935185
IDN.11.8_1,Jember,3376.235348257239,631.0,29.090332805071316,5.829089345,3.5421873008288434
IDN.11.9_1,Jombang,1139.2198585446272,4.0,55.5,5.417680557,3.39364274275
IDN.12.10_1,Sambas,5802.205382917835,16.0,129.4375,6.727515785,5.6908957405625
IDN.12.11_1,Sanggau,12736.671196284524,14.0,65.42857142857143,6.127376461,5.036224095357142
IDN.12.12_1,Sekadau,5698.7167763826765,1.0,272.0,5.545678816,5.545678816
IDN.12.13_1,Singkawang,451.468586005059,1.0,10.0,5.997383542,5.997383542
IDN.12.14_1,Sintang,22378.27370738599,18.0,200.72222222222223,6.357344464,5.238334669611111
IDN.12.1_1,Bengkayang,5606.424068933831,7.0,142.14285714285714,6.455061929,5.168607596571428
IDN.12.2_1,KapuasHulu,30913.07958179118,33.0,88.93939393939394,6.345354327,5.461869608151515
IDN.12.3_1,KayongUtara,4617.270255763235,12.0,163.33333333333334,6.046969746,5.535841083833334
IDN.12.4_1,Ketapang,29763.77147753029,41.0,82.85365853658537,6.389105118,5.30642432007317
IDN.12.6_1,KubuRaya,8590.863099034776,10.0,207.8,6.07564365,5.5234697412000004
IDN.12.7_1,Landak,8253.920163835228,4.0,12.75,6.280183663,4.11313535
IDN.12.8_1,Melawi,9990.712009282497,4.0,126.75,6.140497954,5.94992454375
IDN.12.9_1,Pontianak,2004.5579110638948,2.0,10.0,6.217739375,6.1828151835
IDN.13.10_1,Tabalong,3676.1952140036983,6.0,13.333333333333334,4.141807499,3.6255697156666664
IDN.13.11_1,TanahBumbu,4882.60804533094,3.0,128.33333333333334,5.757567637,5.543109548333334
IDN.13.12_1,TanahLaut,3871.1016064767073,16.0,71.5,6.570892839,5.3951672765
IDN.13.13_1,Tapin,2189.4984525648642,1.0,10.0,5.994796598,5.994796598
IDN.13.1_1,Balangan,1899.1653288205155,2.0,514.0,5.82021579,5.3780391565
IDN.13.3_1,Banjar,4587.590689672933,4.0,23.25,4.771098561,4.01572048025
IDN.13.5_1,BaritoKuala,2402.7801928107024,3.0,313.3333333333333,6.1958025,5.390997597333334
IDN.13.6_1,HuluSungaiSelatan,1702.719537046749,1.0,109.0,5.215960869,5.215960869
IDN.13.7_1,HuluSungaiTengah,1696.9083320463017,1.0,19.0,4.2383154,4.2383154
IDN.13.8_1,HuluSungaiUtara,934.3991134657871,2.0,303.5,6.214212263,5.4708202485
IDN.13.9_1,KotaBaru,9192.653870158761,23.0,48.69565217391305,6.129315413,5.2288159309130435
IDN.14.10_1,MurungRaya,23908.613661036186,11.0,22.727272727272727,6.167175471,5.571908743000001
IDN.14.11_1,PalangkaRaya,2605.7063778318984,1.0,14.0,4.407199061,4.407199061
IDN.14.12_1,PulangPisau,9744.105974371976,15.0,158.66666666666666,6.4013584,5.4011170842
IDN.14.13_1,Seruyan,16661.65567506864,11.0,173.27272727272728,5.925275213,5.419510074363637
IDN.14.14_1,Sukamara,3292.3780083858023,2.0,72.0,5.999953564,5.885748529000001
IDN.14.1_1,BaritoSelatan,6410.8594602095845,4.0,195.5,5.039248989,4.52850954975
IDN.14.2_1,BaritoTimur,3006.964615644514,1.0,10.0,4.171733129,4.171733129
IDN.14.3_1,BaritoUtara,9922.557121045507,6.0,11.166666666666666,6.304776774,5.113979152
IDN.14.4_1,GunungMas,10109.43512538607,8.0,129.375,6.09757343,5.614593027875
IDN.14.5_1,Kapuas,17311.07144086939,7.0,41.142857142857146,6.292867329,5.701886200714286
IDN.14.6_1,Katingan,19439.117775623567,8.0,184.5,6.020433707,5.0215680585
IDN.14.7_1,KotawaringinBarat,8404.144073422265,8.0,41.375,5.819400851,5.354138564875
IDN.14.8_1,KotawaringinTimur,15719.574323481407,5.0,311.2,5.574165047,5.2588288262
IDN.14.9_1,Lamandau,7336.926002497501,4.0,10.0,5.764152078,5.46410258025
IDN.16.1_1,Batam,1032.551306883496,4.0,10.0,5.869337812,5.4504079587500005
IDN.16.2_1,Bintan,1332.4529953372116,24.0,87.20833333333333,6.077113131,5.541075441916667
IDN.16.3_1,Karimun,917.4101983749059,5.0,163.8,5.558075641,5.034396318000001
IDN.16.4_1,KepulauanAnambas,634.7208469024413,25.0,123.6,6.568594836,5.73230552656
IDN.16.5_1,Lingga,2202.2712434115406,25.0,127.4,6.448621381,5.56525525908
IDN.16.6_1,Natuna,1993.7989768079478,47.0,89.17021276595744,6.75718607,5.756702108829787
IDN.16.7_1,Tanjungpinang,148.62891862606054,1.0,750.0,4.118730371,4.118730371
IDN.17.10_1,Pringsewu,608.8857699670095,6.0,116.5,5.161049,3.7433240501666667
IDN.17.11_1,Tanggamus,2798.853485636118,288.0,31.20486111111111,5.84235102,3.0570280160347223
IDN.17.12_1,TulangBawangBarat,1313.904940323881,2.0,20.0,5.243860413,4.362242239
IDN.17.13_1,Tulangbawang,3111.560404010506,5.0,211.8,5.82341845,5.0155153538
IDN.17.14_1,WayKanan,3600.665703553659,26.0,192.6153846153846,4.938484501,3.8856271056923077
IDN.17.1_1,BandarLampung,177.19265376399815,1.0,10.0,2.758304806,2.758304806
IDN.17.2_1,LampungBarat,5141.81024589033,1317.0,24.392558845861807,6.464664359,3.5785219433955957
IDN.17.3_1,LampungSelatan,2186.274300832974,226.0,40.1283185840708,6.282035514,3.588918591486726
IDN.17.4_1,LampungTengah,4643.989557386951,37.0,104.24324324324324,5.71871405,3.5174209676486488
IDN.17.5_1,LampungTimur,3947.219160605285,9.0,143.11111111111111,6.052612018,4.148151664111111
IDN.17.6_1,LampungUtara,2570.2291572079052,13.0,158.46153846153845,4.705411,3.576281593230769
IDN.17.7_1,Mesuji,2185.7617316059313,1.0,10.0,4.941214724,4.941214724
IDN.17.9_1,Pesawaran,1370.9522324706986,44.0,56.06818181818182,4.595554334,3.2196866150454544
IDN.18.1_1,HalmaheraBarat,2178.07636592741,1702.0,66.37602820211517,6.684196875,3.6961480785734433
IDN.18.2_1,HalmaheraSelatan,8150.153603097662,1939.0,32.01908200103146,7.106909133,3.657007257554925
IDN.18.3_1,HalmaheraTengah,2264.6013182855495,152.0,22.651315789473685,6.120652964,3.7179009613026315
IDN.18.4_1,HalmaheraTimur,6469.179266168229,412.0,31.21359223300971,5.861161633,3.5356608339150486
IDN.18.5_1,HalmaheraUtara,3479.6745782415337,1200.0,33.48583333333333,7.218846616,3.806283749544167
IDN.18.6_1,KepulauanSula,4782.53050315119,393.0,31.8117048346056,5.921048,3.859932080066158
IDN.18.7_1,PulauMorotai,2346.3473488992045,1630.0,95.45337423312884,6.712986738,4.110629880764417
IDN.18.8_1,Ternate,161.80930155058192,4194.0,24.84191702432046,7.152413494,3.7362793312999525
IDN.18.9_1,TidoreKepulauan,1683.627931744035,33.0,66.0909090909091,5.636662939,3.3432818626666663
IDN.19.10_1,SeramBagianTimur,5882.938330034507,1180.0,31.583050847457628,6.237389354,3.770469529037288
IDN.19.11_1,Tual,240.8883675271024,263.0,89.83269961977186,6.3083327,4.423302187410646
IDN.19.1_1,Ambon,305.3873559173167,195.0,54.48205128205128,6.434484943,3.1717197829589745
IDN.19.2_1,BuruSelatan,4288.49402062309,356.0,162.04494382022472,6.278145024,3.995955993033708
IDN.19.3_1,Buru,4474.792177152489,467.0,20.22698072805139,6.179941501,3.421164514747323
IDN.19.4_1,KepulauanAru,8220.13164312239,150.0,37.593333333333334,7.012966238,4.6481850794733335
IDN.19.5_1,MalukuBaratDaya,4635.028303793827,3433.0,180.5980192251675,7.735718206,4.5125217558025055
IDN.19.6_1,MalukuTengah,8635.54851283554,4898.0,43.461616986525115,7.204240413,3.469622807996529
IDN.19.7_1,MalukuTenggaraBarat,4468.598402560412,1059.0,118.07743153918791,7.1988274,4.548370086680831
IDN.19.8_1,MalukuTenggara,1026.1992230483065,90.0,62.01111111111111,7.1970993,4.527657163244445
IDN.19.9_1,SeramBagianBarat,4513.687657777894,1965.0,20.227480916030533,6.594751327,3.1403770107374047
IDN.2.1_1,Badung,405.56702511096273,430.0,39.31627906976744,6.068425945,3.39102451657907
IDN.2.2_1,Bangli,533.0840798366579,43.0,46.46511627906977,4.65009477,2.8066311780697677
IDN.2.3_1,Buleleng,1344.9229806249762,264.0,26.568181818181817,6.179441483,2.9426336263598483
IDN.2.4_1,Denpasar,128.17529492868297,25.0,69.04,5.656124134,3.1072189622399997
IDN.2.5_1,Gianyar,373.68582131791464,22.0,67.86363636363636,4.985269935,3.087548185318182
IDN.2.6_1,Jembrana,868.4894202297338,37.0,49.891891891891895,4.485530174,2.9950681130000003
IDN.2.7_1,Karangasem,859.9832461027394,669.0,20.45440956651719,5.927501905,2.8723820082869955
IDN.2.8_1,Klungkung,322.9042401690818,149.0,59.04697986577181,5.740930601,3.2848292981409393
IDN.2.9_1,Tabanan,873.8461284480463,83.0,69.42168674698796,4.568745333,2.717110992686747
IDN.20.10_1,Sumbawa,6803.294293564916,2204.0,42.73548094373866,7.0219475,3.1372262666329402
IDN.20.1_1,Bima,4303.919043946234,2546.0,54.57109190887667,6.7189755,3.133566222584446
IDN.20.2_1,Dompu,2333.5205670925916,1324.0,75.48262839879155,6.1679738,3.0941582724735652
IDN.20.3_1,KotaBima,215.67160862880667,24.0,109.33333333333333,4.7120786,2.8579425702499996
IDN.20.4_1,LombokBarat,946.1861992131198,408.0,50.154411764705884,6.387542859,3.2183635407181375
IDN.20.5_1,LombokTengah,1194.4883394668136,525.0,40.08571428571429,5.990411789,2.976903602476191
IDN.20.6_1,LombokTimur,1642.8531990488361,562.0,26.498220640569397,5.401364867,2.9642656439715305
IDN.20.7_1,LombokUtara,829.3769196743145,489.0,34.08997955010225,6.276242558,3.069097391613497
IDN.20.8_1,Mataram,61.599777691351974,27.0,41.96296296296296,3.960295,2.7154740061851856
IDN.20.9_1,SumbawaBarat,1795.0114511686993,611.0,28.754500818330605,6.179797415,3.0418462985630117
IDN.21.10_1,Manggarai,1371.347975651626,356.0,44.00561797752809,6.236253494,3.0257486319719105
IDN.21.11_1,Nagekeo,1474.6623624876445,173.0,84.09248554913295,5.087890999,3.09191068767052
IDN.21.12_1,Ngada,1727.8203424247044,173.0,50.14450867052023,6.206171026,3.1889834108670523
IDN.21.13_1,RoteNdao,1330.2664449891154,59.0,25.796610169491526,4.9484114,3.650587180305085
IDN.21.14_1,SabuRaijua,476.9041262817986,148.0,27.56081081081081,6.18409957,3.6652932543445944
IDN.21.15_1,Sikka,1733.1282902455398,650.0,47.59076923076923,6.438097418,3.307818987336923
IDN.21.16_1,SumbaBaratDaya,1444.4198082871762,1694.0,29.388429752066116,6.402654104,3.3209905105419124
IDN.21.17_1,SumbaBarat,730.524258940102,697.0,21.3558106169297,6.156385551,3.3733270575982783
IDN.21.18_1,SumbaTengah,1865.1773564736366,307.0,35.31270358306189,5.285431883,3.1931542786156353
IDN.21.19_1,SumbaTimur,7197.309827533925,967.0,31.158221302998967,5.7529846,3.2659316392150983
IDN.21.1_1,Alor,2999.55429149021,754.0,93.4867374005305,6.444756212,3.3434694866472148
IDN.21.20_1,TimorTengahSelatan,4071.7912612379387,288.0,25.81597222222222,5.780840766,3.2368088269861115
IDN.21.21_1,TimorTengahUtara,2684.123165797937,279.0,46.75268817204301,5.9035556,3.310140679519713
IDN.21.2_1,Belu,2293.431050899798,352.0,23.792613636363637,6.186596501,3.5452159867045454
IDN.21.3_1,Ende,2116.272800042303,428.0,35.62149532710281,6.16482963,3.0792141859392523
IDN.21.4_1,FloresTimur,1786.4803338713002,526.0,130.1292775665399,6.441255987,3.5584543394733843
IDN.21.5_1,KotaKupang,161.47715025896505,10.0,22.4,4.624723669,3.3374231949
IDN.21.6_1,Kupang,5266.436809891264,1326.0,43.36123680241327,7.086176684,3.3244250569909504
IDN.21.7_1,Lembata,1286.124780716974,548.0,119.03467153284672,6.252400054,3.5002389010145984
IDN.21.8_1,ManggaraiBarat,3208.7395525712222,1177.0,116.86491079014444,5.942366548,3.2211101453576894
IDN.21.9_1,ManggaraiTimur,2455.971657739789,555.0,39.171171171171174,6.263786041,3.32865764950991
IDN.22.10_1,TelukBintuni,20777.5096237639,353.0,20.64872521246459,5.311141624,3.357430702419263
IDN.22.11_1,TelukWondama,6448.148128949643,207.0,15.830917874396135,6.6336514,3.556975463444444
IDN.22.1_1,Fakfak,11016.29608943894,46.0,82.30434782608695,4.8318511,3.681656098521739
IDN.22.2_1,Kaimana,16217.630882905334,689.0,23.268505079825836,6.0244268,4.128410604597968
IDN.22.3_1,KotaSorong,296.91313565119253,136.0,12.992647058823529,4.924148338,3.142817935125
IDN.22.4_1,Manokwari,12885.129988528663,795.0,17.613836477987423,7.5185144,3.664810485791195
IDN.22.5_1,Maybrat,3304.6587940468935,18.0,29.27777777777778,5.340756182,3.4972468146666666
IDN.22.6_1,RajaAmpat,7788.110461541392,325.0,42.00615384615384,6.270892709,3.484436458873846
IDN.22.7_1,SorongSelatan,5659.392913885231,16.0,37.5,5.0086921,3.4903247845625
IDN.22.8_1,Sorong,7791.121226407024,272.0,17.86764705882353,5.379183684,3.329420552422794
IDN.22.9_1,Tambrauw,6473.111864269498,373.0,19.28686327077748,7.902198116,3.9250737944718495
IDN.23.10_1,KepulauanYapen,2438.128479511368,271.0,13.678966789667896,5.728984391,3.6951804769446492
IDN.23.11_1,KotaJayapura,760.7834319945301,387.0,11.506459948320414,5.491328618,3.1153660381679584
IDN.23.12_1,LannyJaya,3705.1454354680404,8.0,56.125,5.200133498,4.143579931
IDN.23.13_1,MamberamoRaya,28959.719812895582,576.0,25.34375,6.938387406,4.0203598100121525
IDN.23.14_1,MamberamoTengah,3098.39730607313,39.0,47.35897435897436,5.088201718,4.031465898410256
IDN.23.16_1,Merauke,44596.84562706616,12.0,127.16666666666667,6.179946667,5.400677774333334
IDN.23.17_1,Mimika,17937.62924415129,93.0,35.774193548387096,5.140884033,4.148311330666667
IDN.23.18_1,Nabire,12310.802025237359,452.0,26.47566371681416,6.346078307,3.6870923047123894
IDN.23.19_1,Nduga,7013.553922599424,49.0,73.38775510204081,5.4252741,4.233640841020408
IDN.23.1_1,Asmat,25244.146643240634,19.0,24.105263157894736,5.794592617,4.551774267526316
IDN.23.20_1,Paniai,4729.907807765217,31.0,74.74193548387096,4.991522668,4.147538376548387
IDN.23.21_1,PegununganBintang,15383.9359915703,88.0,47.36363636363637,6.149364,4.234623225306819
IDN.23.22_1,PuncakJaya,4435.784301002356,30.0,52.5,5.221857113,4.228925852566666
IDN.23.23_1,Puncak,7998.211650448316,19.0,75.63157894736842,5.241416698,4.284612609894737
IDN.23.24_1,Sarmi,14064.496380059893,1502.0,24.028628495339547,6.538650699,3.8268595610306257
IDN.23.25_1,Supiori,669.7475468852126,106.0,53.820754716981135,6.178617677,4.397460368952831
IDN.23.26_1,Tolikara,3657.7894145469086,41.0,57.951219512195124,7.243572629,4.451433938463414
IDN.23.27_1,Waropen,10822.531890347962,241.0,33.88381742738589,7.2165714,3.9871317658132783
IDN.23.28_1,Yahukimo,14705.664883929174,113.0,32.442477876106196,5.178810311,4.08852830238938
IDN.23.29_1,Yalimo,4021.1570160104043,44.0,43.29545454545455,5.304899219,4.035262759954545
IDN.23.2_1,BiakNumfor,2250.659683314596,187.0,26.529411764705884,5.720407715,3.9203340758930483
IDN.23.3_1,BovenDigoel,23897.174478099474,7.0,28.285714285714285,5.6024799,4.953035388571428
IDN.23.4_1,Deiyai,1847.0877201816197,7.0,26.285714285714285,4.726100554,4.345024421285714
IDN.23.5_1,Dogiyai,4666.222874590741,41.0,21.097560975609756,5.144930958,3.9737777916097556
IDN.23.6_1,IntanJaya,4648.0051714855335,33.0,100.36363636363636,5.349690398,3.984226884030303
IDN.23.7_1,Jayapura,14389.021654399488,1765.0,25.44532577903683,6.0233053,3.408973902829462
IDN.23.8_1,Jayawijaya,2649.5520467063407,22.0,70.45454545454545,5.006999787,4.065797542409091
IDN.23.9_1,Keerom,9111.585260240525,254.0,25.988188976377952,5.598549791,3.5625682577165354
IDN.24.10_1,RokanHilir,9098.791885788463,27.0,65.51851851851852,6.073322137,4.884178117296297
IDN.24.11_1,RokanHulu,7295.05174991009,29.0,176.13793103448276,4.88064835,3.6649974723793104
IDN.24.12_1,Siak,7823.5498712779345,1.0,84.0,4.988077661,4.988077661
IDN.24.1_1,Bengkalis,8513.277050649549,17.0,82.76470588235294,6.003885853,4.610500536470589
IDN.24.3_1,IndragiriHilir,13426.12112113894,10.0,110.0,6.255845165,5.1807963448
IDN.24.4_1,IndragiriHulu,8086.509809475391,4.0,78.25,4.942545503,4.3927358645000005
IDN.24.5_1,Kampar,10759.279805215412,12.0,83.33333333333333,5.771043297,4.110023544666666
IDN.24.6_1,KepulauanMeranti,3640.934216351165,2.0,10.0,5.690583316,5.551172959
IDN.24.7_1,KuantanSingingi,5292.071715053802,10.0,100.9,5.506432836,3.7302826961
IDN.24.8_1,Pekanbaru,625.4780640043069,2.0,15.5,5.58365596,4.97896528
IDN.24.9_1,Pelalawan,13064.89830769846,5.0,188.6,5.409750603,4.9272998492
IDN.25.1_1,Majene,904.1545265029171,125.0,23.168,6.463147163,3.22428513644
IDN.25.2_1,Mamasa,2977.1451154910924,497.0,10.613682092555331,5.972808766,2.756611731440644
IDN.25.3_1,MamujuUtara,2954.6946998006288,165.0,23.078787878787878,5.791088474,3.329644392951515
IDN.25.4_1,Mamuju,7678.180819193145,421.0,20.56769596199525,6.09529678,3.163471471016627
IDN.25.5_1,PolewaliMandar,2089.1105942753056,41.0,29.097560975609756,5.067133238,2.5497986952439025
IDN.26.10_1,LuwuUtara,7587.249703162074,168.0,13.386904761904763,5.497875055,2.952509491791667
IDN.26.11_1,Luwu,2907.0700915273815,18.0,21.27777777777778,5.470710595,3.1775571983888886
IDN.26.12_1,Makassar,183.62522230803856,1.0,56.0,3.242074886,3.242074886
IDN.26.13_1,Maros,1452.0048901109824,21.0,10.0,4.088023005,1.8284541902380953
IDN.26.14_1,Palopo,281.8967076937379,2.0,7.5,2.074574023,1.9033459405
IDN.26.15_1,PangkajeneDanKepulauan,883.5100125131954,440.0,105.61590909090908,6.467167587,3.5131518129272727
IDN.26.16_1,Parepare,87.96784790623353,3.0,10.0,3.081212259,2.585734817666667
IDN.26.17_1,Pinrang,1918.719723114664,94.0,12.170212765957446,5.8986837,2.6625175945319146
IDN.26.18_1,SidenrengRappang,1989.5520894466474,23.0,12.826086956521738,4.828706909,2.6228853695652172
IDN.26.19_1,Sinjai,878.4191066704718,11.0,79.63636363636364,4.430196336,3.0679443346363637
IDN.26.1_1,Bantaeng,403.072306579996,7.0,12.571428571428571,4.734399588,2.9778215311428573
IDN.26.20_1,Soppeng,1369.5704512486548,25.0,12.76,4.19925756,2.2268014772
IDN.26.21_1,Takalar,577.1628790414534,9.0,16.22222222222222,5.454035706,3.817907665222222
IDN.26.22_1,TanaToraja,2028.6855440043855,55.0,10.636363636363637,4.6168671,2.871014883781818
IDN.26.23_1,TorajaUtara,1242.1011243684595,49.0,14.061224489795919,4.8361933,3.028937206877551
IDN.26.24_1,Wajo,2515.4883827396943,46.0,16.782608695652176,5.349136148,2.7882725942608695
IDN.26.2_1,Barru,1195.3210025793098,27.0,17.74074074074074,3.70520055,2.5277309811851856
IDN.26.3_1,Bone,4633.540827860374,68.0,38.23529411764706,5.916316152,2.8899754082941174
IDN.26.4_1,Bulukumba,1175.965889057947,25.0,15.24,3.8189334,2.57665443944
IDN.26.5_1,Enrekang,1831.1160426356773,42.0,10.571428571428571,3.9555234,2.5857854220238092
IDN.26.6_1,Gowa,1820.6673483793245,3.0,16.333333333333332,3.742647845,3.06755838
IDN.26.7_1,Jeneponto,804.234037636048,20.0,23.25,5.471933058,3.1496809407
IDN.26.8_1,KepulauanSelayar,1187.1670313292,777.0,144.23809523809524,7.429540534,3.6318520390630633
IDN.26.9_1,LuwuTimur,6721.078259196054,2186.0,10.54757548032937,5.154725535,2.671657481233303
IDN.27.10_1,TojoUna-Una,5389.192077978515,1145.0,43.455021834061135,5.883709879,3.039083859547598
IDN.27.11_1,Toli-Toli,3592.179386533771,583.0,28.852487135506003,6.5530632,3.38958246364494
IDN.27.1_1,BanggaiKepulauan,3049.3674168981756,637.0,18.054945054945055,6.778839479,3.48787209677394
IDN.27.2_1,Banggai,8370.228653720476,3227.0,46.68825534552216,6.23123545,3.28635151221661
IDN.27.3_1,Buol,3865.551060040904,852.0,60.309859154929576,6.0939295,3.3406722831349764
IDN.27.4_1,Donggala,4907.524795969657,699.0,16.763948497854077,5.979043008,3.195082783841202
IDN.27.5_1,Morowali,13107.34253189538,1070.0,20.12336448598131,6.761088266,3.4165336541317757
IDN.27.6_1,Palu,388.32487218215323,53.0,14.981132075471699,4.8585076,2.9463522761509435
IDN.27.7_1,ParigiMoutong,5774.605119123465,982.0,36.77902240325866,6.077024768,3.1606296794450106
IDN.27.8_1,Poso,7319.5587375351015,2418.0,10.168320926385443,6.554031331,2.8383747464499587
IDN.27.9_1,Sigi,5431.806290181213,1092.0,13.465201465201465,6.202494013,3.0542131969249087
IDN.28.10_1,Konawe,5806.669271982277,154.0,18.954545454545453,5.392789877,3.284717003227273
IDN.28.11_1,Muna,2775.2422308079476,45.0,32.13333333333333,4.678415451,3.3178659804
IDN.28.12_1,Wakatobi,493.91922861872774,182.0,327.2967032967033,6.514208067,4.504872673587912
IDN.28.1_1,Bau-Bau,293.43092007478646,3.0,15.0,3.845074603,3.3061378683333333
IDN.28.2_1,Bombana,3360.700170263203,55.0,53.50909090909091,6.766987795,3.2377642149272727
IDN.28.3_1,ButonUtara,1691.3598626447238,39.0,21.076923076923077,6.023582388,3.638826999974359
IDN.28.4_1,Buton,3058.0464338467737,166.0,53.373493975903614,7.272893698,3.7686760135301207
IDN.28.5_1,Kendari,270.2266181370841,23.0,11.869565217391305,4.4449611,3.2494836089130437
IDN.28.6_1,KolakaUtara,3332.6647479477947,57.0,30.263157894736842,4.760916189,2.6200356785438594
IDN.28.7_1,Kolaka,6763.871487553162,266.0,12.334586466165414,6.5892313,2.827932249921053
IDN.28.8_1,KonaweSelatan,4275.379528651821,141.0,20.361702127659573,5.668295415,3.183532122390071
IDN.28.9_1,KonaweUtara,4697.940054896048,55.0,21.854545454545455,4.583912236,3.1497717600909088
IDN.29.10_1,MinahasaSelatan,1484.2010697258427,109.0,179.29357798165137,5.528325451,3.8132752341376146
IDN.29.11_1,MinahasaTenggara,710.0026004512963,297.0,28.824915824915823,5.5530031,3.7428639181380468
IDN.29.12_1,MinahasaUtara,993.3419438228863,136.0,224.58823529411765,5.803093814,4.063904963654412
IDN.29.13_1,Minahasa,1151.8719917398619,74.0,117.72972972972973,5.709180349,3.9293168783648653
IDN.29.14_1,SiauTagulandangBiaro,220.38516163695067,526.0,118.41634980988593,6.6663223,3.991473922292776
IDN.29.15_1,Tomohon,147.3496134014717,3.0,101.33333333333333,3.717895227,3.666934845
IDN.29.1_1,Bitung,318.12473424033186,159.0,53.295597484276726,5.798021429,3.727799750069183
IDN.29.2_1,BolaangMongondowSelatan,1803.28428642365,1596.0,75.61842105263158,6.264846958,3.7481782369617798
IDN.29.3_1,BolaangMongondowTimur,897.7649516691127,816.0,23.613970588235293,6.227746223,3.73466707698652
IDN.29.4_1,BolaangMongondowUtara,1621.0731521083183,170.0,52.17058823529412,5.5516163,3.660558805505882
IDN.29.5_1,BolaangMongondow,3335.2714493662425,165.0,176.98181818181817,6.058577687,3.6893611516787876
IDN.29.6_1,KepulauanSangihe,601.9170174619541,1199.0,142.23769808173478,7.227535156,4.327272154042535
IDN.29.7_1,KepulauanTalaud,1020.4612277509465,3228.0,52.63413878562577,7.04363216,4.260641423534077
IDN.29.8_1,Kotamobagu,50.66113067474477,2.0,191.5,3.3801898,3.2140730565
IDN.29.9_1,Manado,163.17331554677915,49.0,224.10204081632654,5.683594977,4.059511431877551
IDN.3.1_1,BangkaBarat,2893.979344614107,10.0,30.9,5.904062956,4.679662305300001
IDN.3.2_1,BangkaSelatan,3626.4381071091516,4.0,52.5,5.33417692,5.14737088175
IDN.3.3_1,BangkaTengah,2224.450646742597,2.0,7.5,5.684136265,5.6295762955
IDN.3.4_1,Bangka,3061.826814473852,15.0,134.73333333333332,6.031556445,5.592957362799999
IDN.3.5_1,BelitungTimur,2557.270759506758,23.0,122.3913043478261,6.113218817,5.310267135478261
IDN.3.6_1,Belitung,2316.6926117031976,14.0,101.07142857142857,5.90911841,5.1667987622857146
IDN.30.10_1,Padang,686.4453320546276,240.0,40.12083333333333,7.893675763,3.6311739292666667
IDN.30.11_1,Pariaman,65.30674629297073,40.0,54.05,4.3991276,3.310723386825
IDN.30.12_1,PasamanBarat,3738.4326628064705,209.0,34.67464114832536,6.187476395,3.172151469722488
IDN.30.13_1,Pasaman,3933.632627465008,335.0,42.25074626865672,5.0305151,3.1309700732716417
IDN.30.15_1,PesisirSelatan,6106.955341521529,509.0,30.471512770137526,6.48406481,3.6047928574184676
IDN.30.16_1,Sawahlunto,238.16571787098027,1.0,155.0,4.9760291,4.9760291
IDN.30.17_1,Sijunjung,3065.701422331156,13.0,110.84615384615384,4.5109555,3.639771904076923
IDN.30.18_1,SolokSelatan,3613.0046448770204,28.0,66.39285714285714,5.637287004,3.4456925049285716
IDN.30.19_1,Solok,3247.32510746814,81.0,14.320987654320987,4.790584485,2.736469399234568
IDN.30.1_1,Agam,2238.6295366482796,276.0,21.456521739130434,6.285025888,2.964121570231884
IDN.30.20_1,TanahDatar,1314.942331405611,51.0,28.15686274509804,4.730823341,3.1260720779215685
IDN.30.2_1,Bukittinggi,23.912182435471266,5.0,10.4,3.811349725,3.1127760066
IDN.30.3_1,Danau,107.8137255509776,19.0,9.157894736842104,5.029741972,3.126125152
IDN.30.4_1,Dharmasraya,3010.006469517969,19.0,127.15789473684211,4.563007607,3.541503313263158
IDN.30.5_1,KepulauanMentawai,5995.116924777961,1494.0,30.643239625167336,7.127495741,4.1029399820301204
IDN.30.6_1,KotaSolok,60.617878452140474,1.0,94.0,3.5742085,3.5742085
IDN.30.7_1,LimaPuluhKota,3269.8844875331188,18.0,100.83333333333333,4.80030595,3.5616695753888887
IDN.30.9_1,PadangPariaman,1352.8386018160645,44.0,38.54545454545455,4.239501081,3.0222079703409093
IDN.31.10_1,OganKomeringUluSelatan,4475.437895665945,67.0,53.76119402985075,5.070964103,3.0979065832238804
IDN.31.11_1,OganKomeringUluTimur,3416.6678599493707,5.0,102.8,4.19867362,3.4175245104
IDN.31.12_1,OganKomeringUlu,3885.9505210517596,16.0,52.8125,4.98366169,3.2326951715625
IDN.31.13_1,PagarAlam,593.64156765011,12.0,86.25,4.845003425,3.4193244848333335
IDN.31.15_1,Prabumulih,408.1028724845681,3.0,120.0,3.857162255,3.5212875196666666
IDN.31.1_1,BanyuAsin,11149.261074993983,13.0,49.38461538461539,5.855191384,4.570521234692308
IDN.31.2_1,EmpatLawang,2400.3181113846044,18.0,53.05555555555556,4.255925308,3.1484947535
IDN.31.3_1,Lahat,4252.68530578744,61.0,42.60655737704918,5.872729582,3.1042026437540984
IDN.31.4_1,Lubuklinggau,369.35379167512025,13.0,175.30769230769232,4.552887837,3.948147813923077
IDN.31.5_1,MuaraEnim,8561.785448718234,88.0,59.47727272727273,5.46472948,3.3499753484090906
IDN.31.6_1,MusiBanyuasin,14807.922418932463,23.0,113.1304347826087,5.802225844,4.284644343913043
IDN.31.7_1,MusiRawas,12191.901043445103,89.0,149.42696629213484,5.512167472,3.7637527915955054
IDN.31.8_1,OganIlir,2393.2976836807134,2.0,10.0,5.238024694,5.202305844
IDN.31.9_1,OganKomeringIlir,18008.813411535335,20.0,86.05,6.026453063,4.6060305897500005
IDN.32.11_1,LabuhanbatuSelatan,3109.367378448361,2.0,12.0,3.697142106,3.5832216404999997
IDN.32.12_1,LabuhanbatuUtara,3549.6159987785563,3.0,62.333333333333336,4.880763219,4.223394599666666
IDN.32.13_1,Labuhanbatu,2730.8335321003283,1.0,10.0,5.800949759,5.800949759
IDN.32.14_1,LakeToba,1104.393501079151,118.0,96.22881355932203,5.108722844,3.10316189979661
IDN.32.15_1,Langkat,6254.291800616695,125.0,40.288,5.642869866,3.050853703536
IDN.32.16_1,MandailingNatal,6540.860985791318,505.0,50.84950495049505,6.224545416,3.4478107114653467
IDN.32.17_1,NiasBarat,478.84128577817967,496.0,24.58266129032258,6.882969422,3.939019254092742
IDN.32.18_1,NiasSelatan,2498.671744726106,1066.0,24.57223264540338,6.698015824,3.709080604117261
IDN.32.19_1,NiasUtara,1204.6264698569719,425.0,23.656470588235294,6.064723161,3.940670132127059
IDN.32.1_1,Asahan,3787.272881800704,9.0,121.55555555555556,5.855065112,3.671629458111111
IDN.32.20_1,Nias,839.6701530919829,117.0,22.427350427350426,5.059954279,3.3286285776666666
IDN.32.21_1,PadangLawasUtara,3960.3088322783615,91.0,130.98901098901098,5.253056355,3.572329667703297
IDN.32.22_1,PadangLawas,3815.3048090898237,114.0,119.66666666666667,5.4185258,3.4734353408684213
IDN.32.23_1,Padangsidimpuan,134.7926936566657,16.0,16.625,4.950035764,3.235436348375
IDN.32.24_1,PakpakBarat,1324.212419194165,10.0,52.2,3.6442922,2.7469381469
IDN.32.25_1,Pematangsiantar,76.72245065791087,2.0,170.0,4.09075565,3.818227201
IDN.32.26_1,Samosir,1240.049106920327,147.0,34.89795918367347,5.444440608,2.601980706176871
IDN.32.27_1,SerdangBedagai,1935.9902826926993,11.0,174.0,5.861749542,4.723357311818182
IDN.32.28_1,Sibolga,10.86172953272088,1.0,21.0,2.7933265,2.7933265
IDN.32.29_1,Simalungun,4412.975152628085,83.0,104.5421686746988,5.341613992,3.2777227082168676
IDN.32.2_1,BatuBara,916.5832690850085,3.0,324.3333333333333,5.440000738,4.5167977089999995
IDN.32.30_1,TapanuliSelatan,4122.907284151593,193.0,66.4041450777202,5.4520256,3.3147031966683937
IDN.32.31_1,TapanuliTengah,2357.3994934650955,128.0,50.84375,5.379780849,3.2678818561015626
IDN.32.32_1,TapanuliUtara,3718.772875192023,611.0,47.92635024549918,6.000836227,3.1770634269132567
IDN.32.34_1,TobaSamosir,2149.0757084953593,41.0,126.0,5.554142144,3.7464496019024387
IDN.32.3_1,Dairi,1997.933843787574,52.0,27.096153846153847,4.71560141,2.857306222057692
IDN.32.4_1,DeliSerdang,2596.173518214589,100.0,14.33,4.828440613,2.96902021832
IDN.32.5_1,Gunungsitoli,312.0437426771638,40.0,32.175,5.926405197,3.4065913126250003
IDN.32.6_1,HumbangHasundutan,2535.3273807322157,39.0,63.205128205128204,5.006017859,3.1283447065641026
IDN.32.7_1,Karo,2158.035843515446,136.0,24.0,5.416254348,2.7669839081838234
IDN.32.9_1,KotaMedan,284.1155450012766,1.0,50.0,2.4915937,2.4915937
IDN.33.1_1,Bantul,525.3299990515072,42.0,23.404761904761905,5.76378,2.3680144062619046
IDN.33.2_1,GunungKidul,1503.2597873224354,1174.0,22.163543441226576,5.768622303,3.427592800577513
IDN.33.4_1,KulonProgo,590.7663489374423,99.0,34.21212121212121,5.552630839,3.479142148010101
IDN.33.5_1,Sleman,585.5514351359824,10.0,19.2,5.263208904,2.4956330523
IDN.34.10_1,Paser,10599.300374048433,22.0,43.18181818181818,6.2390493,4.739031137727273
IDN.34.11_1,PenajamPaserUtara,3250.5104746235597,3.0,159.33333333333334,4.876741594,4.749718489
IDN.34.1_1,Balikpapan,546.7453502783603,1.0,10.0,5.650650487,5.650650487
IDN.34.2_1,Berau,22070.48447435098,73.0,53.917808219178085,6.5384157,4.31309041190411
IDN.34.5_1,KutaiBarat,31876.82329906553,15.0,60.2,6.26762163,5.4260616026
IDN.34.6_1,KutaiKartanegara,25177.75725041514,24.0,124.04166666666667,6.443614254,5.129882319416667
IDN.34.7_1,KutaiTimur,31473.367339001565,105.0,41.904761904761905,6.660751929,3.6777929475809525
IDN.35.13,TanaTidung,2834.6404840432187,15.0,14.6,6.0261167,4.272892600666666
IDN.35.14,Tarakan,244.94637227023304,15.0,19.733333333333334,4.83791891,3.5100028797333334
IDN.35.4,Bulungan,13095.865293579991,33.0,30.90909090909091,5.845297661,4.163625568454545
IDN.35.8,Malinau,39975.52997189972,23.0,106.26086956521739,6.126036141,5.431556981869565
IDN.35.9,Nunukan,14154.848157167871,82.0,48.81707317073171,6.637620686,5.011802671902439
IDN.4.1_1,Cilegon,165.74918375123877,6.0,160.83333333333334,4.391507576,3.6758541741666666
IDN.4.2_1,KotaSerang,267.9168553942909,4.0,133.25,3.8538186,3.63021079775
IDN.4.4_1,Lebak,3353.0762678619612,266.0,55.71804511278196,6.088782914,3.322739704142857
IDN.4.5_1,Pandeglang,2815.7785866378917,1154.0,27.035528596187174,6.918106177,3.773937033056326
IDN.4.6_1,Serang,1478.233012521648,31.0,121.70967741935483,4.93286288,3.6726555865161292
IDN.4.8_1,Tangerang,1041.4929367069105,4.0,226.25,3.960267552,3.50059150225
IDN.5.10_1,Seluma,2465.3476061796728,501.0,35.9001996007984,6.4382377,3.775749084772455
IDN.5.1_1,BengkuluSelatan,1234.038870082961,269.0,40.88104089219331,5.9245229,3.7199355386171002
IDN.5.2_1,BengkuluTengah,1049.0776761993557,25.0,52.56,4.580300969,3.46702494432
IDN.5.3_1,BengkuluUtara,4242.955460696122,1274.0,33.04160125588697,7.032001295,4.002293589851648
IDN.5.4_1,Bengkulu,188.06633274248756,17.0,40.411764705882355,5.5784313,3.749528407
IDN.5.5_1,Kaur,2548.5937220549886,346.0,33.39884393063584,6.556743412,3.64816488032948
IDN.5.6_1,Kepahiang,708.8091563038145,12.0,33.916666666666664,5.032883136,3.3989133654166666
IDN.5.7_1,Lebong,1677.1563984970717,37.0,28.7027027027027,4.472002136,3.1890871831621626
IDN.5.8_1,Mukomuko,4268.350775438596,241.0,37.933609958506224,6.7929674,3.7184727048381743
IDN.5.9_1,RejangLebong,1510.0050822061219,41.0,34.90243902439025,4.498315312,3.2523167769268295
IDN.6.1_1,Boalemo,1844.4927075056319,1265.0,110.44664031620553,5.774326399,2.895761681895652
IDN.6.2_1,BoneBolango,1904.919337334833,890.0,121.57977528089887,6.319994366,3.2776749966741576
IDN.6.4_1,GorontaloUtara,1706.2786435194744,648.0,94.6929012345679,6.2236716,3.3892790712808645
IDN.6.5_1,Gorontalo,2133.199516950891,209.0,60.421052631578945,5.663673975,2.735126827889952
IDN.6.6_1,KotaGorontalo,65.14598505353236,6.0,60.5,5.381602087,3.3367091886666667
IDN.6.7_1,Pohuwato,4361.623434622736,1202.0,115.67054908485856,5.98171617,2.8667502916081533
IDN.7.4_1,JakartaTimur,186.76606080589562,1.0,275.0,4.674786691,4.674786691
IDN.7.6_1,KepulauanSeribu,8.633767476109798,16.0,189.5,5.519661923,4.2062722314375
IDN.8.10_1,TanjungJabungT,4952.848037523299,5.0,362.0,5.304576552,4.4508998994
IDN.8.11_1,Tebo,6190.482999610082,9.0,57.44444444444444,5.748882093,4.435474030555556
IDN.8.1_1,BatangHari,5470.676510017451,5.0,74.2,4.906246989,4.3151073518
IDN.8.2_1,Bungo,4696.654589420337,11.0,124.63636363636364,4.29849217,3.6580299544545456
IDN.8.3_1,Jambi,171.38168541909235,1.0,10.0,5.160922411,5.160922411
IDN.8.4_1,Kerinci,3406.287666057084,27.0,71.11111111111111,5.208929978,3.5416922165555556
IDN.8.5_1,Merangin,7429.0546473425875,187.0,137.7058823529412,4.930550931,3.6791804861550803
IDN.8.6_1,MuaroJambi,5520.18452703896,3.0,8.333333333333334,5.310643732,4.616582947
IDN.8.7_1,Sarolangun,5876.120131110684,69.0,145.7246376811594,5.826873527,3.6686320456231885
IDN.8.8_1,SungaiPenuh,353.80171164180075,1.0,102.0,3.964773106,3.964773106
IDN.8.9_1,TanjungJabungB,4939.09346796864,3.0,94.33333333333333,5.449478937,4.735594269666667
IDN.9.10_1,Depok,202.1831992677575,1.0,260.0,3.132111817,3.132111817
IDN.9.11_1,Garut,3140.64314379398,1394.0,24.701578192252512,6.753972078,3.548525340428264
IDN.9.12_1,Indramayu,2114.588660841279,30.0,201.03333333333333,5.811904499,4.0949554512
IDN.9.13_1,Karawang,1933.692901646176,47.0,68.91489361702128,5.479512684,3.241409318255319
IDN.9.14_1,KotaBandung,170.03816309689836,3.0,27.0,3.465931236,3.0523581453333333
IDN.9.15_1,KotaBekasi,216.7005597953083,1.0,225.0,3.652374415,3.652374415
IDN.9.16_1,KotaBogor,113.21966241591262,7.0,11.142857142857142,3.91645634,2.616083063857143
IDN.9.18_1,KotaSukabumi,49.700640883758986,2.0,67.0,3.8956786,3.4237802999999998
IDN.9.19_1,KotaTasikmalaya,187.00223797397035,6.0,37.166666666666664,3.168043857,2.9365629475
IDN.9.1_1,BandungBarat,1295.5088837807982,38.0,27.289473684210527,5.821300872,2.8411337721578946
IDN.9.20_1,Kuningan,1203.4880842307955,20.0,47.2,4.547556531,3.09738781485
IDN.9.21_1,Majalengka,1359.541896346253,13.0,113.15384615384616,4.659679,3.4564341627692303
IDN.9.22_1,Purwakarta,1002.2627403930421,19.0,23.842105263157894,3.8625018,2.606882269157895
IDN.9.23_1,Subang,2189.8241673799503,29.0,115.89655172413794,6.300619341,3.609878727068965
IDN.9.24_1,Sukabumi,4223.744017176197,1617.0,27.58256029684601,5.965892976,3.377261800552257
IDN.9.25_1,Sumedang,1579.6712813488014,46.0,42.369565217391305,5.758387438,2.980448645043478
IDN.9.26_1,Tasikmalaya,2744.5434340217003,351.0,36.31054131054131,7.20021234,3.7632831714900288
IDN.9.27_1,WadukCirata,58.55940942244687,11.0,28.0,4.8552644,2.825059321909091
IDN.9.2_1,Bandung,1782.4917738297013,254.0,22.755905511811022,5.148449566,2.6671009567125985
IDN.9.4_1,Bekasi,1283.7887755293327,5.0,176.2,4.708819234,3.7142592118000004
IDN.9.5_1,Bogor,3032.514122521992,163.0,27.773006134969325,5.029083817,2.7405869748957055
IDN.9.6_1,Ciamis,2775.8130815340073,365.0,41.797260273972604,5.914603025,3.701978553819178
IDN.9.7_1,Cianjur,3647.4866552424373,1416.0,25.15819209039548,5.7690738,2.9552185509081923
IDN.9.8_1,Cimahi,41.8788341519709,2.0,16.0,3.412949,2.698270696
IDN.9.9_1,Cirebon,1082.7739893738792,7.0,10.142857142857142,4.831723364,3.011643380142857
