id_kabupaten,nama_kabupaten,frekuensi_gempa,mag_max,mag_mean,depth_mean,cluster_label,risk_score,risk_level,PC1,PC2
IDN.1.10_1,AcehTimur,100.0,4.936355699,2.77895966542,16.35,0,0.32755760277329876,Sedang,-0.0979945256073037,0.05069809587841188
IDN.1.11_1,AcehUtara,27.0,5.113062808,3.241806268148148,17.444444444444443,0,0.32755760277329876,Sedang,-0.033241989125732285,0.013365379381026126
IDN.1.12_1,BandaAceh,6.0,4.824516433,3.5971253636666667,11.166666666666666,0,0.32755760277329876,Sedang,-0.023283484171071844,-0.02878968450493946
IDN.1.13_1,BenerMeriah,92.0,4.8726416,2.7932648045434783,10.282608695652174,0,0.32755760277329876,Sedang,-0.10348934374644447,0.04835935791533146
IDN.1.14_1,Bireuen,42.0,5.433227937,3.352747553714286,27.095238095238095,0,0.32755760277329876,Sedang,0.01016565228370081,0.018360709032268205
IDN.1.15_1,GayoLues,221.0,5.012610701,3.1799440362126696,21.41176470588235,0,0.32755760277329876,Sedang,-0.04470146492035498,0.037392944914682334
IDN.1.16_1,Langsa,1.0,3.665418199,3.665418199,10.0,1,0.14613294364826168,Rendah,-0.12366654995396698,-0.09428631165977862
IDN.1.17_1,Lhokseumawe,1.0,3.373381601,3.373381601,20.0,1,0.14613294364826168,Rendah,-0.1804693585651621,-0.09197348743499416
IDN.1.18_1,NaganRaya,313.0,7.0661473,3.3708558995431313,23.207667731629392,2,0.4079116697611709,Tinggi,0.16821270936670574,0.1407043049747002
IDN.1.19_1,PidieJaya,153.0,6.523269147,3.465548315026144,15.169934640522875,2,0.4079116697611709,Tinggi,0.1235987610350856,0.0875312864917609
IDN.1.1_1,AcehBaratDaya,88.0,5.781737001,3.2154092640227274,42.65909090909091,2,0.4079116697611709,Tinggi,0.031122856893920026,0.04525764728009805
IDN.1.20_1,Pidie,488.0,5.37479451,3.1694716617602463,13.959016393442623,0,0.32755760277329876,Sedang,-0.008137853929945038,0.09736430088324799
IDN.1.21_1,Sabang,65.0,4.692573289,3.069588449692308,31.384615384615383,0,0.32755760277329876,Sedang,-0.08771395518101688,0.0028417715754407527
IDN.1.22_1,Simeulue,1071.0,6.140457217,3.840175607179271,24.564892623716155,2,0.4079116697611709,Tinggi,0.14804664550675561,0.15908933519423366
IDN.1.23_1,Subulussalam,18.0,6.6441627,2.931607275333333,54.611111111111114,2,0.4079116697611709,Tinggi,0.08111747093475685,0.09622504888754888
IDN.1.2_1,AcehBarat,479.0,5.5468882,3.320546688344468,21.227557411273487,0,0.32755760277329876,Sedang,0.024996000820367015,0.08952790375341378
IDN.1.3_1,AcehBesar,166.0,5.064876585,3.320527197879518,29.33132530120482,0,0.32755760277329876,Sedang,-0.024609225524160006,0.01753159667104897
IDN.1.4_1,AcehJaya,211.0,5.874450261,3.578148371957346,44.0,2,0.4079116697611709,Tinggi,0.08128615321525412,0.037994201935879685
IDN.1.5_1,AcehSelatan,271.0,5.437384127,3.0512360960738008,30.66789667896679,0,0.32755760277329876,Sedang,-0.01667453083406234,0.07141719237964606
IDN.1.6_1,AcehSingkil,300.0,7.7315511,3.4813400550933338,30.996666666666666,2,0.4079116697611709,Tinggi,0.24271503218670876,0.16078868583080405
IDN.1.7_1,AcehTamiang,6.0,6.0610825,4.602319937,84.0,2,0.4079116697611709,Tinggi,0.21074241871757848,-0.08078733599948676
IDN.1.8_1,AcehTengah,111.0,5.027948324,3.1942289786576574,41.24324324324324,0,0.32755760277329876,Sedang,-0.04077795061859124,0.01168865369593386
IDN.1.9_1,AcehTenggara,111.0,4.809142838,3.112894208873874,42.36036036036036,0,0.32755760277329876,Sedang,-0.06960411006535394,0.006074153887939113
IDN.10.10_1,Jepara,73.0,6.539773691,4.593715238890411,320.13698630136986,2,0.4079116697611709,Tinggi,0.2930901951738888,-0.16951279701771677
IDN.10.11_1,Karanganyar,3.0,3.645192434,3.1857761823333335,158.0,1,0.14613294364826168,Rendah,-0.15340497534946218,-0.13513136479063584
IDN.10.12_1,Kebumen,123.0,5.017900738,3.5645704138536582,39.796747967479675,0,0.32755760277329876,Sedang,-0.001972326028993221,-0.015204164456623696
IDN.10.13_1,Kendal,12.0,7.89469772,3.326657142,63.166666666666664,2,0.4079116697611709,Tinggi,0.240637221159821,0.1251098072886786
IDN.10.14_1,Klaten,8.0,3.778510623,2.6193850041249997,13.75,1,0.14613294364826168,Rendah,-0.22466304132593407,-0.008170995659093612
IDN.10.15_1,KotaMagelang,0.0,0.0,0.0,0.0,1,0.14613294364826168,Rendah,-0.8581945212779137,0.005407658173843699
IDN.10.16_1,KotaPekalongan,1.0,3.747676564,3.747676564,557.0,1,0.14613294364826168,Rendah,-0.020178655903174025,-0.38220335730320915
IDN.10.17_1,KotaSemarang,1.0,5.706508748,5.706508748,10.0,2,0.4079116697611709,Tinggi,0.28445869632844356,-0.14696763783898698
IDN.10.18_1,KotaTegal,0.0,0.0,0.0,0.0,1,0.14613294364826168,Rendah,-0.8581945212779137,0.005407658173843699
IDN.10.19_1,Kudus,1.0,4.282437535,4.282437535,10.0,0,0.32755760277329876,Sedang,-0.0002907552890093479,-0.11021181624585398
IDN.10.1_1,Banjarnegara,44.0,4.419685039,2.6483200396136364,21.613636363636363,0,0.32755760277329876,Sedang,-0.1601688414319633,0.023646791212311197
IDN.10.20_1,Magelang,5.0,4.130889149,3.0203774236,76.2,0,0.32755760277329876,Sedang,-0.13911071760643068,-0.05408064202445398
IDN.10.21_1,Pati,15.0,5.286002875,3.860561765066667,141.26666666666668,0,0.32755760277329876,Sedang,0.06862759595485135,-0.09206132772889222
IDN.10.22_1,Pekalongan,5.0,3.171766582,2.6987364962,11.4,1,0.14613294364826168,Rendah,-0.27281663655415245,-0.04498647185612589
IDN.10.23_1,Pemalang,8.0,5.543466368,4.042634711875,253.75,0,0.32755760277329876,Sedang,0.12978054056133137,-0.15257658584456374
IDN.10.24_1,Purbalingga,3.0,3.2940839,2.5457681846666667,37.0,1,0.14613294364826168,Rendah,-0.2738563225114625,-0.04040883293172669
IDN.10.25_1,Purworejo,26.0,5.334478719,3.065219335346154,69.84615384615384,0,0.32755760277329876,Sedang,-0.023346376162631688,0.011050924550419602
IDN.10.26_1,Rembang,10.0,5.796768908,4.1761632352,193.5,2,0.4079116697611709,Tinggi,0.1580333399860795,-0.11805837775879757
IDN.10.27_1,Salatiga,2.0,3.443282302,3.1448574575,14.5,1,0.14613294364826168,Rendah,-0.19936133994187155,-0.06758672235331772
IDN.10.28_1,Semarang,35.0,3.808764211,2.937534852857143,22.685714285714287,1,0.14613294364826168,Rendah,-0.18577107650229463,-0.032294533679461876
IDN.10.29_1,Sragen,2.0,4.832723487,3.8698078435000003,120.5,0,0.32755760277329876,Sedang,0.024047150039759102,-0.10721557251428486
IDN.10.2_1,Banyumas,18.0,4.971885325,3.0702818985555553,114.33333333333333,0,0.32755760277329876,Sedang,-0.0494881982264036,-0.03248519033426384
IDN.10.30_1,Sukoharjo,5.0,3.042954216,2.5572887318,61.0,1,0.14613294364826168,Rendah,-0.2920362444229634,-0.06659506720108344
IDN.10.31_1,Surakarta,1.0,2.396542042,2.396542042,177.0,1,0.14613294364826168,Rendah,-0.3508106071972822,-0.14878948948964005
IDN.10.32_1,Tegal,7.0,4.5520213,2.968674801428572,149.14285714285714,0,0.32755760277329876,Sedang,-0.09398039154936788,-0.06605950891791175
IDN.10.33_1,Temanggung,10.0,3.817707984,2.9607574658,35.6,1,0.14613294364826168,Rendah,-0.18089283074851292,-0.04379752598752341
IDN.10.34_1,WadukKedungombo,0.0,0.0,0.0,0.0,1,0.14613294364826168,Rendah,-0.8581945212779137,0.005407658173843699
IDN.10.35_1,Wonogiri,16.0,5.427623123,3.4184786714375,67.3125,0,0.32755760277329876,Sedang,0.02258030693543278,-0.011600544051942756
IDN.10.36_1,Wonosobo,11.0,4.758375995,2.8180436848181816,32.0,0,0.32755760277329876,Sedang,-0.10957519570357077,0.018094652665983618
IDN.10.3_1,Batang,16.0,5.469357966,2.9802794805,51.0,0,0.32755760277329876,Sedang,-0.023155417305640524,0.03312488579201388
IDN.10.4_1,Blora,8.0,5.0423411,3.33403942475,88.0,0,0.32755760277329876,Sedang,-0.019052681134946625,-0.03692647995600279
IDN.10.5_1,Boyolali,9.0,5.304992418,3.083747767888889,34.111111111111114,0,0.32755760277329876,Sedang,-0.030115581376188305,0.024430396207143396
IDN.10.6_1,Brebes,32.0,4.838821324,3.527458431375,95.15625,0,0.32755760277329876,Sedang,-0.015549945663113518,-0.06296646232209549
IDN.10.7_1,Cilacap,495.0,6.235359714,3.5448695772929293,38.13333333333333,2,0.4079116697611709,Tinggi,0.11587531083904978,0.10116492596595592
IDN.10.8_1,Demak,5.0,3.772788797,3.0293319106,59.0,1,0.14613294364826168,Rendah,-0.17407545096964638,-0.06436301172409052
IDN.10.9_1,Grobogan,1.0,3.630599626,3.630599626,11.0,1,0.14613294364826168,Rendah,-0.13046955799332316,-0.09391010618432631
IDN.11.10_1,Kediri,23.0,4.786002333,3.3232756860434782,64.30434782608695,0,0.32755760277329876,Sedang,-0.04743703158026258,-0.03495600062363471
IDN.11.11_1,KotaBlitar,0.0,0.0,0.0,0.0,1,0.14613294364826168,Rendah,-0.8581945212779137,0.005407658173843699
IDN.11.12_1,KotaKediri,2.0,2.616392108,2.4203789694999998,10.0,1,0.14613294364826168,Rendah,-0.3544315531329243,-0.05184824729480387
IDN.11.13_1,KotaMadiun,0.0,0.0,0.0,0.0,1,0.14613294364826168,Rendah,-0.8581945212779137,0.005407658173843699
IDN.11.14_1,KotaMalang,0.0,0.0,0.0,0.0,1,0.14613294364826168,Rendah,-0.8581945212779137,0.005407658173843699
IDN.11.15_1,KotaMojokerto,0.0,0.0,0.0,0.0,1,0.14613294364826168,Rendah,-0.8581945212779137,0.005407658173843699
IDN.11.16_1,KotaPasuruan,1.0,3.1407186,3.1407186,10.0,1,0.14613294364826168,Rendah,-0.22858259749094323,-0.08074361472525926
IDN.11.17_1,KotaProbolinggo,0.0,0.0,0.0,0.0,1,0.14613294364826168,Rendah,-0.8581945212779137,0.005407658173843699
IDN.11.18_1,Lamongan,12.0,5.698094134,3.7699395113333334,125.16666666666667,2,0.4079116697611709,Tinggi,0.09447682220936837,-0.055646401625893065
IDN.11.19_1,Lumajang,25.0,4.708341739,2.88593193008,31.4,0,0.32755760277329876,Sedang,-0.10674684135386603,0.012452445148654949
IDN.11.1_1,Bangkalan,14.0,4.732708352,4.022377015571428,476.2142857142857,0,0.32755760277329876,Sedang,0.08798534550964643,-0.308466476053167
IDN.11.20_1,Madiun,28.0,4.18603409,2.95030362925,31.428571428571427,0,0.32755760277329876,Sedang,-0.14818418814426237,-0.019243029648065565
IDN.11.21_1,Magetan,7.0,3.3013264,2.745540947,59.285714285714285,1,0.14613294364826168,Rendah,-0.24812874512098815,-0.0666481348066424
IDN.11.22_1,Malang,930.0,6.273287894,3.752890366721505,35.73548387096774,2,0.4079116697611709,Tinggi,0.1499691302224656,0.14765836520020617
IDN.11.23_1,Mojokerto,4.0,4.582403207,3.37532742525,106.0,0,0.32755760277329876,Sedang,-0.054465419918990565,-0.0739399895342727
IDN.11.24_1,Nganjuk,39.0,4.095326804,2.633171929820513,22.82051282051282,1,0.14613294364826168,Rendah,-0.19176241842122088,0.00668645706130651
IDN.11.25_1,Ngawi,17.0,5.053441668,3.308960165764706,44.88235294117647,0,0.32755760277329876,Sedang,-0.027396405806056734,-0.010645131891052022
IDN.11.26_1,Pacitan,364.0,5.62716379,3.3894325604175823,35.002747252747255,0,0.32755760277329876,Sedang,0.039732188552914494,0.0654316231699825
IDN.11.27_1,Pamekasan,2.0,3.44410767,3.166712039,12.0,1,0.14613294364826168,Rendah,-0.19733819291165322,-0.06793531971476967
IDN.11.28_1,Pasuruan,14.0,4.455640573,2.8353735222142857,46.07142857142857,0,0.32755760277329876,Sedang,-0.1334746833048327,-0.0058953771023733635
IDN.11.29_1,Ponorogo,25.0,4.59315922,3.18671550716,59.52,0,0.32755760277329876,Sedang,-0.08068065802668822,-0.03157757241135873
IDN.11.2_1,Banyuwangi,1316.0,6.749751742,3.63036727899924,29.448328267477205,2,0.4079116697611709,Tinggi,0.18765417703436105,0.23791012625547991
IDN.11.30_1,Probolinggo,31.0,4.659686901,2.9284033013870965,29.903225806451612,0,0.32755760277329876,Sedang,-0.10681892882364263,0.008231628222229453
IDN.11.31_1,Sampang,12.0,7.003433245,3.892053938083333,11.25,2,0.4079116697611709,Tinggi,0.2104276730060365,0.06209005018160098
IDN.11.32_1,Sidoarjo,1.0,3.998160612,3.998160612,10.0,0,0.32755760277329876,Sedang,-0.057133206138935355,-0.10287452035120492
IDN.11.33_1,Situbondo,86.0,5.771456141,2.9406317945348834,20.313953488372093,2,0.4079116697611709,Tinggi,-0.0029021818123603493,0.07746978362648091
IDN.11.34_1,Sumenep,294.0,6.833715042,3.5263536774353743,97.64625850340136,2,0.4079116697611709,Tinggi,0.17481944138567485,0.0750821130810021
IDN.11.35_1,Surabaya,1.0,2.228503456,2.228503456,13.0,1,0.14613294364826168,Rendah,-0.41050675597018876,-0.05876641920788489
IDN.11.36_1,Trenggalek,668.0,5.9351066,3.632835344101796,34.212574850299404,2,0.4079116697611709,Tinggi,0.10029881013072706,0.10444356858197547
IDN.11.37_1,Tuban,31.0,6.910809748,3.5101570399677415,77.35483870967742,2,0.4079116697611709,Tinggi,0.17177161836467747,0.055008268109281444
IDN.11.38_1,Tulungagung,25.0,5.203889352,3.2258543395599997,86.32,0,0.32755760277329876,Sedang,-0.01561561544333212,-0.016943695380251866
IDN.11.3_1,Batu,3.0,3.270456317,2.9974933129999997,11.0,1,0.14613294364826168,Rendah,-0.23172430063747185,-0.06313852429621591
IDN.11.4_1,Blitar,111.0,4.9676253,3.4599389610540543,65.2072072072072,0,0.32755760277329876,Sedang,-0.014051289807307521,-0.024600166995054042
IDN.11.5_1,Bojonegoro,59.0,5.633583364,2.8425596042033896,26.610169491525422,0,0.32755760277329876,Sedang,-0.02573554012885282,0.07095826206771534
IDN.11.6_1,Bondowoso,54.0,3.6101845,2.7169160835555553,15.203703703703704,1,0.14613294364826168,Rendah,-0.22865520303671039,-0.018952154525287916
IDN.11.7_1,Gresik,216.0,6.21720951,3.9623141538935185,67.74537037037037,2,0.4079116697611709,Tinggi,0.1581420956400873,0.014207884964054016
IDN.11.8_1,Jember,631.0,5.829089345,3.5421873008288434,29.090332805071316,2,0.4079116697611709,Tinggi,0.07919856002554704,0.10360720751157367
IDN.11.9_1,Jombang,4.0,5.417680557,3.39364274275,55.5,0,0.32755760277329876,Sedang,0.01687644649533393,-0.005654813922128422
IDN.12.10_1,Sambas,16.0,6.727515785,5.6908957405625,129.4375,2,0.4079116697611709,Tinggi,0.39671311124686526,-0.15315263600874035
IDN.12.11_1,Sanggau,14.0,6.127376461,5.036224095357142,65.42857142857143,2,0.4079116697611709,Tinggi,0.26063757370456975,-0.10025708709208994
IDN.12.12_1,Sekadau,1.0,5.545678816,5.545678816,272.0,0,0.32755760277329876,Sedang,0.2939901011635132,-0.27970505420504893
IDN.12.13_1,Singkawang,1.0,5.997383542,5.997383542,10.0,2,0.4079116697611709,Tinggi,0.34262042119496494,-0.154475227302635
IDN.12.14_1,Sintang,18.0,6.357344464,5.238334669611111,200.72222222222223,2,0.4079116697611709,Tinggi,0.32524003964564285,-0.1741698484757344
IDN.12.1_1,Bengkayang,7.0,6.455061929,5.168607596571428,142.14285714285714,2,0.4079116697611709,Tinggi,0.3172765168811199,-0.13458202458861737
IDN.12.2_1,KapuasHulu,33.0,6.345354327,5.461869608151515,88.93939393939394,2,0.4079116697611709,Tinggi,0.33061954088578116,-0.13170208868895567
IDN.12.3_1,KayongUtara,12.0,6.046969746,5.535841083833334,163.33333333333334,2,0.4079116697611709,Tinggi,0.32232125345214324,-0.19466220938558546
IDN.12.4_1,Ketapang,41.0,6.389105118,5.30642432007317,82.85365853658537,2,0.4079116697611709,Tinggi,0.31718947817420673,-0.11308575234067594
IDN.12.5_1,KotaPontianak,0.0,0.0,0.0,0.0,1,0.14613294364826168,Rendah,-0.8581945212779137,0.005407658173843699
IDN.12.6_1,KubuRaya,10.0,6.07564365,5.5234697412000004,207.8,2,0.4079116697611709,Tinggi,0.3306874827312144,-0.21572000948293799
IDN.12.7_1,Landak,4.0,6.280183663,4.11313535,12.75,2,0.4079116697611709,Tinggi,0.16719383624358952,0.005528065411158778
IDN.12.8_1,Melawi,4.0,6.140497954,5.94992454375,126.75,2,0.4079116697611709,Tinggi,0.3694301170340687,-0.2039550331728811
IDN.12.9_1,Pontianak,2.0,6.217739375,6.1828151835,10.0,2,0.4079116697611709,Tinggi,0.38295492897674055,-0.1573132707530857
IDN.13.10_1,Tabalong,6.0,4.141807499,3.6255697156666664,13.333333333333334,0,0.32755760277329876,Sedang,-0.08316020004549707,-0.06754085583930305
IDN.13.11_1,TanahBumbu,3.0,5.757567637,5.543109548333334,128.33333333333334,2,0.4079116697611709,Tinggi,0.2905313086160731,-0.19318004708860204
IDN.13.12_1,TanahLaut,16.0,6.570892839,5.3951672765,71.5,2,0.4079116697611709,Tinggi,0.3412538943519702,-0.10803395884779567
IDN.13.13_1,Tapin,1.0,5.994796598,5.994796598,10.0,2,0.4079116697611709,Tinggi,0.3421031500931825,-0.15440845729052646
IDN.13.1_1,Balangan,2.0,5.82021579,5.3780391565,514.0,2,0.4079116697611709,Tinggi,0.3399778340198617,-0.37874645691107744
IDN.13.2_1,BanjarBaru,0.0,0.0,0.0,0.0,1,0.14613294364826168,Rendah,-0.8581945212779137,0.005407658173843699
IDN.13.3_1,Banjar,4.0,4.771098561,4.01572048025,23.25,0,0.32755760277329876,Sedang,0.018553731575306043,-0.07066190445107076
IDN.13.4_1,Banjarmasin,0.0,0.0,0.0,0.0,1,0.14613294364826168,Rendah,-0.8581945212779137,0.005407658173843699
IDN.13.5_1,BaritoKuala,3.0,6.1958025,5.390997597333334,313.3333333333333,2,0.4079116697611709,Tinggi,0.34426630713180895,-0.25529270692429196
IDN.13.6_1,HuluSungaiSelatan,1.0,5.215960869,5.215960869,109.0,0,0.32755760277329876,Sedang,0.20212455853781985,-0.18603145308522895
IDN.13.7_1,HuluSungaiTengah,1.0,4.2383154,4.2383154,19.0,0,0.32755760277329876,Sedang,-0.007681073086735601,-0.11377528375875977
IDN.13.8_1,HuluSungaiUtara,2.0,6.214212263,5.4708202485,303.5,2,0.4079116697611709,Tinggi,0.3529509368403333,-0.25553717950584065
IDN.13.9_1,KotaBaru,23.0,6.129315413,5.2288159309130435,48.69565217391305,2,0.4079116697611709,Tinggi,0.2789939113558294,-0.10514428151020079
IDN.14.10_1,MurungRaya,11.0,6.167175471,5.571908743000001,22.727272727272727,2,0.4079116697611709,Tinggi,0.3149375363380197,-0.11790263575205324
IDN.14.11_1,PalangkaRaya,1.0,4.407199061,4.407199061,14.0,0,0.32755760277329876,Sedang,0.02529236331325302,-0.11552185959236362
IDN.14.12_1,PulangPisau,15.0,6.4013584,5.4011170842,158.66666666666666,2,0.4079116697611709,Tinggi,0.3400301584797182,-0.16296831216567795
IDN.14.13_1,Seruyan,11.0,5.925275213,5.419510074363637,173.27272727272728,2,0.4079116697611709,Tinggi,0.30012496517287,-0.1972675599868796
IDN.14.14_1,Sukamara,2.0,5.999953564,5.885748529000001,72.0,2,0.4079116697611709,Tinggi,0.3407683821762605,-0.17792731411041177
IDN.14.1_1,BaritoSelatan,4.0,5.039248989,4.52850954975,195.5,0,0.32755760277329876,Sedang,0.12582415903356858,-0.18658206957304035
IDN.14.2_1,BaritoTimur,1.0,4.171733129,4.171733129,10.0,0,0.32755760277329876,Sedang,-0.022426599769516997,-0.10735449326975238
IDN.14.3_1,BaritoUtara,6.0,6.304776774,5.113979152,11.166666666666666,2,0.4079116697611709,Tinggi,0.2766268128589001,-0.06983823126123961
IDN.14.4_1,GunungMas,8.0,6.09757343,5.614593027875,129.375,2,0.4079116697611709,Tinggi,0.3299762796906437,-0.18095888986095127
IDN.14.5_1,Kapuas,7.0,6.292867329,5.701886200714286,41.142857142857146,2,0.4079116697611709,Tinggi,0.34338076947089846,-0.13164786761670094
IDN.14.6_1,Katingan,8.0,6.020433707,5.0215680585,184.5,2,0.4079116697611709,Tinggi,0.26798167828981156,-0.16769700751293523
IDN.14.7_1,KotawaringinBarat,8.0,5.819400851,5.354138564875,41.375,2,0.4079116697611709,Tinggi,0.26225236474335845,-0.12917761995342955
IDN.14.8_1,KotawaringinTimur,5.0,5.574165047,5.2588288262,311.2,2,0.4079116697611709,Tinggi,0.27217532642121156,-0.27588051020613963
IDN.14.9_1,Lamandau,4.0,5.764152078,5.46410258025,10.0,2,0.4079116697611709,Tinggi,0.26385643221945265,-0.1247386712389931
IDN.16.1_1,Batam,4.0,5.869337812,5.4504079587500005,10.0,2,0.4079116697611709,Tinggi,0.2721358571572251,-0.11821930818406272
IDN.16.2_1,Bintan,24.0,6.077113131,5.541075441916667,87.20833333333333,2,0.4079116697611709,Tinggi,0.31380171405943436,-0.15209244611399314
IDN.16.3_1,Karimun,5.0,5.558075641,5.034396318000001,163.8,0,0.32755760277329876,Sedang,0.2231534455189731,-0.1822689663832582
IDN.16.4_1,KepulauanAnambas,25.0,6.568594836,5.73230552656,123.6,2,0.4079116697611709,Tinggi,0.38567668808329725,-0.1603323058085587
IDN.16.5_1,Lingga,25.0,6.448621381,5.56525525908,127.4,2,0.4079116697611709,Tinggi,0.3572419374012318,-0.15556437413735016
IDN.16.6_1,Natuna,47.0,6.75718607,5.756702108829787,89.17021276595744,2,0.4079116697611709,Tinggi,0.4007309622940315,-0.13145134409738146
IDN.16.7_1,Tanjungpinang,1.0,4.118730371,4.118730371,750.0,0,0.32755760277329876,Sedang,0.08472585065462745,-0.49261810827877395
IDN.17.10_1,Pringsewu,6.0,5.161049,3.7433240501666667,116.5,0,0.32755760277329876,Sedang,0.04035047205287989,-0.07772524225661168
IDN.17.11_1,Tanggamus,288.0,5.84235102,3.0570280160347223,31.20486111111111,2,0.4079116697611709,Tinggi,0.021902055312086444,0.09401355360102504
IDN.17.12_1,TulangBawangBarat,2.0,5.243860413,4.362242239,20.0,0,0.32755760277329876,Sedang,0.09898524412120846,-0.07163334572010538
IDN.17.13_1,Tulangbawang,5.0,5.82341845,5.0155153538,211.8,2,0.4079116697611709,Tinggi,0.2533575956960078,-0.1921187778791471
IDN.17.14_1,WayKanan,26.0,4.938484501,3.8856271056923077,192.6153846153846,0,0.32755760277329876,Sedang,0.04749812874675363,-0.1373584183212351
IDN.17.1_1,BandarLampung,1.0,2.758304806,2.758304806,10.0,1,0.14613294364826168,Rendah,-0.30504795760664527,-0.07087336873004221
IDN.17.2_1,LampungBarat,1317.0,6.464664359,3.5785219433955957,24.392558845861807,2,0.4079116697611709,Tinggi,0.15488618875247073,0.22992898073631535
IDN.17.3_1,LampungSelatan,226.0,6.282035514,3.588918591486726,40.1283185840708,2,0.4079116697611709,Tinggi,0.11989819547812075,0.06236982803348003
IDN.17.4_1,LampungTengah,37.0,5.71871405,3.5174209676486488,104.24324324324324,2,0.4079116697611709,Tinggi,0.06646626975747805,-0.02061449375088922
IDN.17.5_1,LampungTimur,9.0,6.052612018,4.148151664111111,143.11111111111111,2,0.4079116697611709,Tinggi,0.1707018261049854,-0.07642254029643437
IDN.17.6_1,LampungUtara,13.0,4.705411,3.576281593230769,158.46153846153845,0,0.32755760277329876,Sedang,-0.01298106720171488,-0.10934972174934045
IDN.17.7_1,Mesuji,1.0,4.941214724,4.941214724,10.0,0,0.32755760277329876,Sedang,0.13143471011848296,-0.12721510695734853
IDN.17.8_1,Metro,0.0,0.0,0.0,0.0,1,0.14613294364826168,Rendah,-0.8581945212779137,0.005407658173843699
IDN.17.9_1,Pesawaran,44.0,4.595554334,3.2196866150454544,56.06818181818182,0,0.32755760277329876,Sedang,-0.07709336922625243,-0.029615075228560002
IDN.18.1_1,HalmaheraBarat,1702.0,6.684196875,3.6961480785734433,66.37602820211517,2,0.4079116697611709,Tinggi,0.20218223376145816,0.2628437762984509
IDN.18.2_1,HalmaheraSelatan,1939.0,7.106909133,3.657007257554925,32.01908200103146,2,0.4079116697611709,Tinggi,0.23640290117196894,0.33813943026640514
IDN.18.3_1,HalmaheraTengah,152.0,6.120652964,3.7179009613026315,22.651315789473685,2,0.4079116697611709,Tinggi,0.11452645993210386,0.04300161251930566
IDN.18.4_1,HalmaheraTimur,412.0,5.861161633,3.5356608339150486,31.21359223300971,2,0.4079116697611709,Tinggi,0.07745655587238942,0.07474744267937357
IDN.18.5_1,HalmaheraUtara,1200.0,7.218846616,3.806283749544167,33.48583333333333,2,0.4079116697611709,Tinggi,0.2483381841032949,0.2306177920130352
IDN.18.6_1,KepulauanSula,393.0,5.921048,3.859932080066158,31.8117048346056,2,0.4079116697611709,Tinggi,0.11751068312424251,0.04975680682605406
IDN.18.7_1,PulauMorotai,1630.0,6.712986738,4.110629880764417,95.45337423312884,2,0.4079116697611709,Tinggi,0.25251015792510734,0.20711219700864592
IDN.18.8_1,Ternate,4194.0,7.152413494,3.7362793312999525,24.84191702432046,2,0.4079116697611709,Tinggi,0.29279548134992417,0.6461809306359384
IDN.18.9_1,TidoreKepulauan,33.0,5.636662939,3.3432818626666663,66.0909090909091,0,0.32755760277329876,Sedang,0.03403062206850538,0.008043526894375798
IDN.19.10_1,SeramBagianTimur,1180.0,6.237389354,3.770469529037288,31.583050847457628,2,0.4079116697611709,Tinggi,0.152835375689638,0.18075670141890765
IDN.19.11_1,Tual,263.0,6.3083327,4.423302187410646,89.83269961977186,2,0.4079116697611709,Tinggi,0.22048859770223006,-0.021992674116825536
IDN.19.1_1,Ambon,195.0,6.434484943,3.1717197829589745,54.48205128205128,2,0.4079116697611709,Tinggi,0.09093985063907128,0.09094866916628273
IDN.19.2_1,BuruSelatan,356.0,6.278145024,3.995955993033708,162.04494382022472,2,0.4079116697611709,Tinggi,0.1851858683194515,-0.015386504662121516
IDN.19.3_1,Buru,467.0,6.179941501,3.421164514747323,20.22698072805139,2,0.4079116697611709,Tinggi,0.094062948085604,0.11342972471051127
IDN.19.4_1,KepulauanAru,150.0,7.012966238,4.6481850794733335,37.593333333333334,2,0.4079116697611709,Tinggi,0.29935971836884023,0.008941129099883227
IDN.19.5_1,MalukuBaratDaya,3433.0,7.735718206,4.5125217558025055,180.5980192251675,2,0.4079116697611709,Tinggi,0.43978836664230914,0.4307886090718959
IDN.19.6_1,MalukuTengah,4898.0,7.204240413,3.469622807996529,43.461616986525115,2,0.4079116697611709,Tinggi,0.2859464032994202,0.7560376078960901
IDN.19.7_1,MalukuTenggaraBarat,1059.0,7.1988274,4.548370086680831,118.07743153918791,2,0.4079116697611709,Tinggi,0.3367487617764119,0.10847544964429685
IDN.19.8_1,MalukuTenggara,90.0,7.1970993,4.527657163244445,62.01111111111111,2,0.4079116697611709,Tinggi,0.30618837080071015,0.006898503306932314
IDN.19.9_1,SeramBagianBarat,1965.0,6.594751327,3.1403770107374047,20.227480916030533,2,0.4079116697611709,Tinggi,0.1321552460115445,0.361418889032951
IDN.2.1_1,Badung,430.0,6.068425945,3.39102451657907,39.31627906976744,2,0.4079116697611709,Tinggi,0.08279674319587216,0.0949581853368544
IDN.2.2_1,Bangli,43.0,4.65009477,2.8066311780697677,46.46511627906977,0,0.32755760277329876,Sedang,-0.11789722793335844,0.010179310496582883
IDN.2.3_1,Buleleng,264.0,6.179441483,2.9426336263598483,26.568181818181817,2,0.4079116697611709,Tinggi,0.03965684954883919,0.11952657719774586
IDN.2.4_1,Denpasar,25.0,5.656124134,3.1072189622399997,69.04,0,0.32755760277329876,Sedang,0.010820812548573144,0.024755697382678785
IDN.2.5_1,Gianyar,22.0,4.985269935,3.087548185318182,67.86363636363636,0,0.32755760277329876,Sedang,-0.05371035584363615,-0.008306405564964989
IDN.2.6_1,Jembrana,37.0,4.485530174,2.9950681130000003,49.891891891891895,0,0.32755760277329876,Sedang,-0.11250824440008456,-0.01560340233517091
IDN.2.7_1,Karangasem,669.0,5.927501905,2.8723820082869955,20.45440956651719,2,0.4079116697611709,Tinggi,0.015846727647425007,0.17044365564930108
IDN.2.8_1,Klungkung,149.0,5.740930601,3.2848292981409393,59.04697986577181,2,0.4079116697611709,Tinggi,0.03860794414992941,0.037520689318084326
IDN.2.9_1,Tabanan,83.0,4.568745333,2.717110992686747,69.42168674698796,0,0.32755760277329876,Sedang,-0.13059211347639832,0.006384404279648698
IDN.20.10_1,Sumbawa,2204.0,7.0219475,3.1372262666329402,42.73548094373866,2,0.4079116697611709,Tinggi,0.17974056178298914,0.4047142396927104
IDN.20.1_1,Bima,2546.0,6.7189755,3.133566222584446,54.57109190887667,2,0.4079116697611709,Tinggi,0.15994859388796334,0.42982635384632695
IDN.20.2_1,Dompu,1324.0,6.1679738,3.0941582724735652,75.48262839879155,2,0.4079116697611709,Tinggi,0.0836975554083037,0.226427606830977
IDN.20.3_1,KotaBima,24.0,4.7120786,2.8579425702499996,109.33333333333333,0,0.32755760277329876,Sedang,-0.09702201413300648,-0.02603447053839978
IDN.20.4_1,LombokBarat,408.0,6.387542859,3.2183635407181375,50.154411764705884,2,0.4079116697611709,Tinggi,0.09513732951027853,0.11625299223708828
IDN.20.5_1,LombokTengah,525.0,5.990411789,2.976903602476191,40.08571428571429,2,0.4079116697611709,Tinggi,0.03315183818721634,0.1356568129223
IDN.20.6_1,LombokTimur,562.0,5.401364867,2.9642656439715305,26.498220640569397,0,0.32755760277329876,Sedang,-0.024223029002538476,0.11824097637928999
IDN.20.7_1,LombokUtara,489.0,6.276242558,3.069097391613497,34.08997955010225,2,0.4079116697611709,Tinggi,0.06786302536069955,0.14153464250316813
IDN.20.8_1,Mataram,27.0,3.960295,2.7154740061851856,41.96296296296296,1,0.14613294364826168,Rendah,-0.19264054117528084,-0.01835107696243617
IDN.20.9_1,SumbawaBarat,611.0,6.179797415,3.0418462985630117,28.754500818330605,2,0.4079116697611709,Tinggi,0.057576702351565534,0.1581050436156765
IDN.21.10_1,Manggarai,356.0,6.236253494,3.0257486319719105,44.00561797752809,2,0.4079116697611709,Tinggi,0.05844132443194938,0.11947596434352763
IDN.21.11_1,Nagekeo,173.0,5.087890999,3.09191068767052,84.09248554913295,0,0.32755760277329876,Sedang,-0.038148356163863806,0.008828500537337943
IDN.21.12_1,Ngada,173.0,6.206171026,3.1889834108670523,50.14450867052023,2,0.4079116697611709,Tinggi,0.07050447717996355,0.07702636919748193
IDN.21.13_1,RoteNdao,59.0,4.9484114,3.650587180305085,25.796610169491526,0,0.32755760277329876,Sedang,-0.002684655607573916,-0.02691910309329451
IDN.21.14_1,SabuRaijua,148.0,6.18409957,3.6652932543445944,27.56081081081081,2,0.4079116697611709,Tinggi,0.11546484222579534,0.04726717166271745
IDN.21.15_1,Sikka,650.0,6.438097418,3.307818987336923,47.59076923076923,2,0.4079116697611709,Tinggi,0.11382035698673987,0.14632911896519044
IDN.21.16_1,SumbaBaratDaya,1694.0,6.402654104,3.3209905105419124,29.388429752066116,2,0.4079116697611709,Tinggi,0.12979938593461648,0.2956143050825881
IDN.21.17_1,SumbaBarat,697.0,6.156385551,3.3733270575982783,21.3558106169297,2,0.4079116697611709,Tinggi,0.09149841006246107,0.14675775540249586
IDN.21.18_1,SumbaTengah,307.0,5.285431883,3.1931542786156353,35.31270358306189,0,0.32755760277329876,Sedang,-0.014078485132815288,0.05500391866011384
IDN.21.19_1,SumbaTimur,967.0,5.7529846,3.2659316392150983,31.158221302998967,2,0.4079116697611709,Tinggi,0.04951614704120322,0.16594411819294616
IDN.21.1_1,Alor,754.0,6.444756212,3.3434694866472148,93.4867374005305,2,0.4079116697611709,Tinggi,0.12763176800597886,0.13413475089180435
IDN.21.20_1,TimorTengahSelatan,288.0,5.780840766,3.2368088269861115,25.81597222222222,2,0.4079116697611709,Tinggi,0.03462990254586573,0.07967399681191514
IDN.21.21_1,TimorTengahUtara,279.0,5.9035556,3.310140679519713,46.75268817204301,2,0.4079116697611709,Tinggi,0.057022352538530385,0.06817405438141506
IDN.21.2_1,Belu,352.0,6.186596501,3.5452159867045454,23.792613636363637,2,0.4079116697611709,Tinggi,0.10626938638173478,0.08656415916445308
IDN.21.3_1,Ende,428.0,6.16482963,3.0792141859392523,35.62149532710281,2,0.4079116697611709,Tinggi,0.05765410860299258,0.12583591578687167
IDN.21.4_1,FloresTimur,526.0,6.441255987,3.5584543394733843,130.1292775665399,2,0.4079116697611709,Tinggi,0.1516695829312188,0.06695858238543284
IDN.21.5_1,KotaKupang,10.0,4.624723669,3.3374231949,22.4,0,0.32755760277329876,Sedang,-0.06779278485358764,-0.024302023901760735
IDN.21.6_1,Kupang,1326.0,7.086176684,3.3244250569909504,43.36123680241327,2,0.4079116697611709,Tinggi,0.18842625717859918,0.2732210025506856
IDN.21.7_1,Lembata,548.0,6.252400054,3.5002389010145984,119.03467153284672,2,0.4079116697611709,Tinggi,0.12659330157859972,0.0704876922863021
IDN.21.8_1,ManggaraiBarat,1177.0,5.942366548,3.2211101453576894,116.86491079014444,2,0.4079116697611709,Tinggi,0.08007081938777627,0.16315987705153057
IDN.21.9_1,ManggaraiTimur,555.0,6.263786041,3.32865764950991,39.171171171171174,2,0.4079116697611709,Tinggi,0.09667313635849528,0.1270891984717616
IDN.22.10_1,TelukBintuni,353.0,5.311141624,3.357430702419263,20.64872521246459,0,0.32755760277329876,Sedang,0.004507873490432912,0.05752323072759089
IDN.22.11_1,TelukWondama,207.0,6.6336514,3.556975463444444,15.830917874396135,2,0.4079116697611709,Tinggi,0.14481508704382173,0.09318704568958913
IDN.22.1_1,Fakfak,46.0,4.8318511,3.681656098521739,82.30434782608695,0,0.32755760277329876,Sedang,-0.0014211305515985373,-0.06667801810741372
IDN.22.2_1,Kaimana,689.0,6.0244268,4.128410604597968,23.268505079825836,2,0.4079116697611709,Tinggi,0.16041583941140247,0.07916870921599363
IDN.22.3_1,KotaSorong,136.0,4.924148338,3.142817935125,12.992647058823529,0,0.32755760277329876,Sedang,-0.059911661924176185,0.02847422192257368
IDN.22.4_1,Manokwari,795.0,7.5185144,3.664810485791195,17.613836477987423,2,0.4079116697611709,Tinggi,0.2503604163496983,0.21010933778600308
IDN.22.5_1,Maybrat,18.0,5.340756182,3.4972468146666666,29.27777777777778,0,0.32755760277329876,Sedang,0.016967007559946734,-0.002079032182373928
IDN.22.6_1,RajaAmpat,325.0,6.270892709,3.484436458873846,42.00615384615384,2,0.4079116697611709,Tinggi,0.10992335133234632,0.08245246844419293
IDN.22.7_1,SorongSelatan,16.0,5.0086921,3.4903247845625,37.5,0,0.32755760277329876,Sedang,-0.01328236714139297,-0.02333348623902489
IDN.22.8_1,Sorong,272.0,5.379183684,3.329420552422794,17.86764705882353,0,0.32755760277329876,Sedang,0.0057569152097137755,0.0536144991539985
IDN.22.9_1,Tambrauw,373.0,7.902198116,3.9250737944718495,19.28686327077748,2,0.4079116697611709,Tinggi,0.3057195847793267,0.15126341178133845
IDN.23.10_1,KepulauanYapen,271.0,5.728984391,3.6951804769446492,13.678966789667896,2,0.4079116697611709,Tinggi,0.07672678713417747,0.045398204881462914
IDN.23.11_1,KotaJayapura,387.0,5.491328618,3.1153660381679584,11.506459948320414,0,0.32755760277329876,Sedang,-0.0055391969118059325,0.09509355024516183
IDN.23.12_1,LannyJaya,8.0,5.200133498,4.143579931,56.125,0,0.32755760277329876,Sedang,0.07734312324893033,-0.07497098061985923
IDN.23.13_1,MamberamoRaya,576.0,6.938387406,4.0203598100121525,25.34375,2,0.4079116697611709,Tinggi,0.23161428959323727,0.1184427509834459
IDN.23.14_1,MamberamoTengah,39.0,5.088201718,4.031465898410256,47.35897435897436,0,0.32755760277329876,Sedang,0.05416349717452096,-0.06325242027887185
IDN.23.15_1,Mappi,0.0,0.0,0.0,0.0,1,0.14613294364826168,Rendah,-0.8581945212779137,0.005407658173843699
IDN.23.16_1,Merauke,12.0,6.179946667,5.400677774333334,127.16666666666667,2,0.4079116697611709,Tinggi,0.3143908129043126,-0.1583699304223319
IDN.23.17_1,Mimika,93.0,5.140884033,4.148311330666667,35.774193548387096,0,0.32755760277329876,Sedang,0.07081042462480525,-0.05616565430411445
IDN.23.18_1,Nabire,452.0,6.346078307,3.6870923047123894,26.47566371681416,2,0.4079116697611709,Tinggi,0.138684079160161,0.09607607013003473
IDN.23.19_1,Nduga,49.0,5.4252741,4.233640841020408,73.38775510204081,0,0.32755760277329876,Sedang,0.11143195421726593,-0.07370712751309512
IDN.23.1_1,Asmat,19.0,5.794592617,4.551774267526316,24.105263157894736,2,0.4079116697611709,Tinggi,0.1713498180404046,-0.05761335155403853
IDN.23.20_1,Paniai,31.0,4.991522668,4.147538376548387,74.74193548387096,0,0.32755760277329876,Sedang,0.06185334830612588,-0.09268287405984788
IDN.23.21_1,PegununganBintang,88.0,6.149364,4.234623225306819,47.36363636363637,2,0.4079116697611709,Tinggi,0.17527937341806143,-0.017302151982256743
IDN.23.22_1,PuncakJaya,30.0,5.221857113,4.228925852566666,52.5,0,0.32755760277329876,Sedang,0.0883723504448225,-0.07557393384915555
IDN.23.23_1,Puncak,19.0,5.241416698,4.284612609894737,75.63157894736842,0,0.32755760277329876,Sedang,0.09962108491119348,-0.0924735672226306
IDN.23.24_1,Sarmi,1502.0,6.538650699,3.8268595610306257,24.028628495339547,2,0.4079116697611709,Tinggi,0.19200226787873576,0.23994205765857862
IDN.23.25_1,Supiori,106.0,6.178617677,4.397460368952831,53.820754716981135,2,0.4079116697611709,Tinggi,0.1968441804715727,-0.029347974942348913
IDN.23.26_1,Tolikara,41.0,7.243572629,4.451433938463414,57.951219512195124,2,0.4079116697611709,Tinggi,0.3006988101225331,0.01065626045368277
IDN.23.27_1,Waropen,241.0,7.2165714,3.9871317658132783,33.88381742738589,2,0.4079116697611709,Tinggi,0.2485330805781455,0.08522090824483912
IDN.23.28_1,Yahukimo,113.0,5.178810311,4.08852830238938,32.442477876106196,0,0.32755760277329876,Sedang,0.06777945825118814,-0.04508156262935911
IDN.23.29_1,Yalimo,44.0,5.304899219,4.035262759954545,43.29545454545455,0,0.32755760277329876,Sedang,0.07410690702509481,-0.04950181002214747
IDN.23.2_1,BiakNumfor,187.0,5.720407715,3.9203340758930483,26.529411764705884,2,0.4079116697611709,Tinggi,0.10046081859879852,0.009273622601026899
IDN.23.3_1,BovenDigoel,7.0,5.6024799,4.953035388571428,28.285714285714285,2,0.4079116697611709,Tinggi,0.19701715246060003,-0.10256991725096269
IDN.23.4_1,Deiyai,7.0,4.726100554,4.345024421285714,26.285714285714285,0,0.32755760277329876,Sedang,0.050252232933499674,-0.09975128148197297
IDN.23.5_1,Dogiyai,41.0,5.144930958,3.9737777916097556,21.097560975609756,0,0.32755760277329876,Sedang,0.04909356507792484,-0.04183486238191771
IDN.23.6_1,IntanJaya,33.0,5.349690398,3.984226884030303,100.36363636363636,0,0.32755760277329876,Sedang,0.08164544580687894,-0.07453392963369283
IDN.23.7_1,Jayapura,1765.0,6.0233053,3.408973902829462,25.44532577903683,2,0.4079116697611709,Tinggi,0.10486366631934674,0.28086510661049297
IDN.23.8_1,Jayawijaya,22.0,5.006999787,4.065797542409091,70.45454545454545,0,0.32755760277329876,Sedang,0.05365789838506596,-0.08452033261871596
IDN.23.9_1,Keerom,254.0,5.598549791,3.5625682577165354,25.988188976377952,2,0.4079116697611709,Tinggi,0.05203303054920072,0.040180036435936
IDN.24.10_1,RokanHilir,27.0,6.073322137,4.884178117296297,65.51851851851852,2,0.4079116697611709,Tinggi,0.23958973578772425,-0.08952111700783393
IDN.24.11_1,RokanHulu,29.0,4.88064835,3.6649974723793104,176.13793103448276,0,0.32755760277329876,Sedang,0.015907482394809325,-0.11420143131793684
IDN.24.12_1,Siak,1.0,4.988077661,4.988077661,84.0,0,0.32755760277329876,Sedang,0.152580224450671,-0.16708782089196242
IDN.24.1_1,Bengkalis,17.0,6.003885853,4.610500536470589,82.76470588235294,2,0.4079116697611709,Tinggi,0.20634109992850835,-0.08224108077769378
IDN.24.2_1,Dumai,0.0,0.0,0.0,0.0,1,0.14613294364826168,Rendah,-0.8581945212779137,0.005407658173843699
IDN.24.3_1,IndragiriHilir,10.0,6.255845165,5.1807963448,110.0,2,0.4079116697611709,Tinggi,0.29506580561970763,-0.12865775025546292
IDN.24.4_1,IndragiriHulu,4.0,4.942545503,4.3927358645000005,78.25,0,0.32755760277329876,Sedang,0.08363948707460356,-0.1197910518066124
IDN.24.5_1,Kampar,12.0,5.771043297,4.110023544666666,83.33333333333333,2,0.4079116697611709,Tinggi,0.13106371139999506,-0.056422553869357295
IDN.24.6_1,KepulauanMeranti,2.0,5.690583316,5.551172959,10.0,2,0.4079116697611709,Tinggi,0.2663389072883716,-0.13559101943569432
IDN.24.7_1,KuantanSingingi,10.0,5.506432836,3.7302826961,100.9,0,0.32755760277329876,Sedang,0.06855850593544488,-0.05010129254755865
IDN.24.8_1,Pekanbaru,2.0,5.58365596,4.97896528,15.5,2,0.4079116697611709,Tinggi,0.1959203472339971,-0.09956330499472697
IDN.24.9_1,Pelalawan,5.0,5.409750603,4.9272998492,188.6,0,0.32755760277329876,Sedang,0.2018642330177246,-0.19460052891733112
IDN.25.1_1,Majene,125.0,6.463147163,3.22428513644,23.168,2,0.4079116697611709,Tinggi,0.09286133813839181,0.09514924152933234
IDN.25.2_1,Mamasa,497.0,5.972808766,2.756611731440644,10.613682092555331,2,0.4079116697611709,Tinggi,0.002642407539261482,0.16342828649475777
IDN.25.3_1,MamujuUtara,165.0,5.791088474,3.329644392951515,23.078787878787878,2,0.4079116697611709,Tinggi,0.04265870871928479,0.0576195909714063
IDN.25.4_1,Mamuju,421.0,6.09529678,3.163471471016627,20.56769596199525,2,0.4079116697611709,Tinggi,0.05771409124824145,0.12259352037593461
IDN.25.5_1,PolewaliMandar,41.0,5.067133238,2.5497986952439025,29.097560975609756,0,0.32755760277329876,Sedang,-0.10960158906107598,0.060560402405208956
IDN.26.10_1,LuwuUtara,168.0,5.497875055,2.952509491791667,13.386904761904763,0,0.32755760277329876,Sedang,-0.02645592148473974,0.07717993741733335
IDN.26.11_1,Luwu,18.0,5.470710595,3.1775571983888886,21.27777777777778,0,0.32755760277329876,Sedang,-0.006556739301070147,0.033673510924216735
IDN.26.12_1,Makassar,1.0,3.242074886,3.242074886,56.0,1,0.14613294364826168,Rendah,-0.20099632039402215,-0.10739351763632889
IDN.26.13_1,Maros,21.0,4.088023005,1.8284541902380953,10.0,1,0.14613294364826168,Rendah,-0.28116347871006464,0.07305469577607428
IDN.26.14_1,Palopo,2.0,2.074574023,1.9033459405,7.5,1,0.14613294364826168,Rendah,-0.4605094985876572,-0.0384827518716055
IDN.26.15_1,PangkajeneDanKepulauan,440.0,6.467167587,3.5131518129272727,105.61590909090908,2,0.4079116697611709,Tinggi,0.14360150538856853,0.07287936901702655
IDN.26.16_1,Parepare,3.0,3.081212259,2.585734817666667,10.0,1,0.14613294364826168,Rendah,-0.29359394715139897,-0.04044737566791039
IDN.26.17_1,Pinrang,94.0,5.8986837,2.6625175945319146,12.170212765957446,2,0.4079116697611709,Tinggi,-0.022082521389417242,0.11101954861896866
IDN.26.18_1,SidenrengRappang,23.0,4.828706909,2.6228853695652172,12.826086956521738,0,0.32755760277329876,Sedang,-0.12680519742707053,0.04855913391523756
IDN.26.19_1,Sinjai,11.0,4.430196336,3.0679443346363637,79.63636363636364,0,0.32755760277329876,Sedang,-0.10560239361565105,-0.043227158287871825
IDN.26.1_1,Bantaeng,7.0,4.734399588,2.9778215311428573,12.571428571428571,0,0.32755760277329876,Sedang,-0.09782809036496498,0.014044495323356517
IDN.26.20_1,Soppeng,25.0,4.19925756,2.2268014772,12.76,1,0.14613294364826168,Rendah,-0.22760282945140498,0.046986155745359935
IDN.26.21_1,Takalar,9.0,5.454035706,3.817907665222222,16.22222222222222,0,0.32755760277329876,Sedang,0.05960838302872118,-0.015519960168300605
IDN.26.22_1,TanaToraja,55.0,4.6168671,2.871014883781818,10.636363636363637,0,0.32755760277329876,Sedang,-0.11953263505656408,0.023813921364404456
IDN.26.23_1,TorajaUtara,49.0,4.8361933,3.028937206877551,14.061224489795919,0,0.32755760277329876,Sedang,-0.08183876367706233,0.020313531837027846
IDN.26.24_1,Wajo,46.0,5.349136148,2.7882725942608695,16.782608695652176,0,0.32755760277329876,Sedang,-0.0597436494019139,0.06378037571877884
IDN.26.2_1,Barru,27.0,3.70520055,2.5277309811851856,17.74074074074074,1,0.14613294364826168,Rendah,-0.24027697352149124,-0.004343125777892394
IDN.26.3_1,Bone,68.0,5.916316152,2.8899754082941174,38.23529411764706,2,0.4079116697611709,Tinggi,0.007583107322308602,0.07709527858029339
IDN.26.4_1,Bulukumba,25.0,3.8189334,2.57665443944,15.24,1,0.14613294364826168,Rendah,-0.22492570036269366,-0.0012111018682649877
IDN.26.5_1,Enrekang,42.0,3.9555234,2.5857854220238092,10.571428571428571,1,0.14613294364826168,Rendah,-0.21169216544925573,0.009925903566412205
IDN.26.6_1,Gowa,3.0,3.742647845,3.06755838,16.333333333333332,1,0.14613294364826168,Rendah,-0.17959709744230656,-0.046876600763372016
IDN.26.7_1,Jeneponto,20.0,5.471933058,3.1496809407,23.25,0,0.32755760277329876,Sedang,-0.009080308297679807,0.03514506709205639
IDN.26.8_1,KepulauanSelayar,777.0,7.429540534,3.6318520390630633,144.23809523809524,2,0.4079116697611709,Tinggi,0.25836981331953013,0.13943740760039422
IDN.26.9_1,LuwuTimur,2186.0,5.154725535,2.671657481233303,10.54757548032937,0,0.32755760277329876,Sedang,-0.04873551948091326,0.35839013545073084
IDN.27.10_1,TojoUna-Una,1145.0,5.883709879,3.039083859547598,43.455021834061135,2,0.4079116697611709,Tinggi,0.04279053897008467,0.208239636268384
IDN.27.11_1,Toli-Toli,583.0,6.5530632,3.38958246364494,28.852487135506003,2,0.4079116697611709,Tinggi,0.12893332771694965,0.14657727916150626
IDN.27.1_1,BanggaiKepulauan,637.0,6.778839479,3.48787209677394,18.054945054945055,2,0.4079116697611709,Tinggi,0.15975713739944564,0.163671853733507
IDN.27.2_1,Banggai,3227.0,6.23123545,3.28635151221661,46.68825534552216,2,0.4079116697611709,Tinggi,0.14341448524873257,0.48982126171235185
IDN.27.3_1,Buol,852.0,6.0939295,3.3406722831349764,60.309859154929576,2,0.4079116697611709,Tinggi,0.09148574634166462,0.1468792316311625
IDN.27.4_1,Donggala,699.0,5.979043008,3.195082783841202,16.763948497854077,2,0.4079116697611709,Tinggi,0.055250314083260976,0.1540774614319397
IDN.27.5_1,Morowali,1070.0,6.761088266,3.4165336541317757,20.12336448598131,2,0.4079116697611709,Tinggi,0.15939320769263932,0.22637037172946367
IDN.27.6_1,Palu,53.0,4.8585076,2.9463522761509435,14.981132075471699,0,0.32755760277329876,Sedang,-0.0884041550492839,0.02795169959995155
IDN.27.7_1,ParigiMoutong,982.0,6.077024768,3.1606296794450106,36.77902240325866,2,0.4079116697611709,Tinggi,0.06944408349069486,0.19004308925403224
IDN.27.8_1,Poso,2418.0,6.554031331,2.8383747464499587,10.168320926385443,2,0.4079116697611709,Tinggi,0.10338572707067795,0.44991218503916763
IDN.27.9_1,Sigi,1092.0,6.202494013,3.0542131969249087,13.465201465201465,2,0.4079116697611709,Tinggi,0.0681328597127282,0.23202645183340154
IDN.28.10_1,Konawe,154.0,5.392789877,3.284717003227273,18.954545454545453,0,0.32755760277329876,Sedang,5.028268039697359e-05,0.041103021877574676
IDN.28.11_1,Muna,45.0,4.678415451,3.3178659804,32.13333333333333,0,0.32755760277329876,Sedang,-0.06267034283712669,-0.020301635745566263
IDN.28.12_1,Wakatobi,182.0,6.514208067,4.504872673587912,327.2967032967033,2,0.4079116697611709,Tinggi,0.2844955923368978,-0.15278645198281512
IDN.28.1_1,Bau-Bau,3.0,3.845074603,3.3061378683333333,15.0,1,0.14613294364826168,Rendah,-0.14472273224728793,-0.05939955091509849
IDN.28.2_1,Bombana,55.0,6.766987795,3.2377642149272727,53.50909090909091,2,0.4079116697611709,Tinggi,0.12590383751663858,0.08444515120181635
IDN.28.3_1,ButonUtara,39.0,6.023582388,3.638826999974359,21.076923076923077,2,0.4079116697611709,Tinggi,0.09455119648359589,0.029493093246969374
IDN.28.4_1,Buton,166.0,7.272893698,3.7686760135301207,53.373493975903614,2,0.4079116697611709,Tinggi,0.23192883305863743,0.08468135416166783
IDN.28.5_1,Kendari,23.0,4.4449611,3.2494836089130437,11.869565217391305,0,0.32755760277329876,Sedang,-0.09530405449986945,-0.01951678589256554
IDN.28.6_1,KolakaUtara,57.0,4.760916189,2.6200356785438594,30.263157894736842,0,0.32755760277329876,Sedang,-0.12994337568922598,0.04079923463154355
IDN.28.7_1,Kolaka,266.0,6.5892313,2.827932249921053,12.334586466165414,2,0.4079116697611709,Tinggi,0.06310603427758366,0.15740049939831527
IDN.28.8_1,KonaweSelatan,141.0,5.668295415,3.183532122390071,20.361702127659573,2,0.4079116697611709,Tinggi,0.014694807399449616,0.0607409019031466
IDN.28.9_1,KonaweUtara,55.0,4.583912236,3.1497717600909088,21.854545454545455,0,0.32755760277329876,Sedang,-0.09089804648220923,-0.005409496816032047
IDN.29.10_1,MinahasaSelatan,109.0,5.528325451,3.8132752341376146,179.29357798165137,0,0.32755760277329876,Sedang,0.09393214339050582,-0.0828452343271296
IDN.29.11_1,MinahasaTenggara,297.0,5.5530031,3.7428639181380468,28.824915824915823,2,0.4079116697611709,Tinggi,0.06845901178540348,0.028205649756733557
IDN.29.12_1,MinahasaUtara,136.0,5.803093814,4.063904963654412,224.58823529411765,2,0.4079116697611709,Tinggi,0.15402779726212856,-0.10803856173442392
IDN.29.13_1,Minahasa,74.0,5.709180349,3.9293168783648653,117.72972972972973,2,0.4079116697611709,Tinggi,0.11265028783034503,-0.05509496855576217
IDN.29.14_1,SiauTagulandangBiaro,526.0,6.6663223,3.991473922292776,118.41634980988593,2,0.4079116697611709,Tinggi,0.21711708392351425,0.05111610202364515
IDN.29.15_1,Tomohon,3.0,3.717895227,3.666934845,101.33333333333333,1,0.14613294364826168,Rendah,-0.10406739984833402,-0.13912847423012548
IDN.29.1_1,Bitung,159.0,5.798021429,3.727799750069183,53.295597484276726,2,0.4079116697611709,Tinggi,0.09070245363347529,0.010444457518507883
IDN.29.2_1,BolaangMongondowSelatan,1596.0,6.264846958,3.7481782369617798,75.61842105263158,2,0.4079116697611709,Tinggi,0.1682629547507407,0.21774090008695007
IDN.29.3_1,BolaangMongondowTimur,816.0,6.227746223,3.73466707698652,23.613970588235293,2,0.4079116697611709,Tinggi,0.13959914324592915,0.13746976401406855
IDN.29.4_1,BolaangMongondowUtara,170.0,5.5516163,3.660558805505882,52.17058823529412,2,0.4079116697611709,Tinggi,0.06069213354496272,0.004978028211853457
IDN.29.5_1,BolaangMongondow,165.0,6.058577687,3.6893611516787876,176.98181818181817,2,0.4079116697611709,Tinggi,0.13052754966069235,-0.03685886356254551
IDN.29.6_1,KepulauanSangihe,1199.0,7.227535156,4.327272154042535,142.23769808173478,2,0.4079116697611709,Tinggi,0.3223176503479065,0.133642941877118
IDN.29.7_1,KepulauanTalaud,3228.0,7.04363216,4.260641423534077,52.63413878562577,2,0.4079116697611709,Tinggi,0.3241900178207392,0.45330769311101377
IDN.29.8_1,Kotamobagu,2.0,3.3801898,3.2140730565,191.5,1,0.14613294364826168,Rendah,-0.1696188987095365,-0.16871365988503534
IDN.29.9_1,Manado,49.0,5.683594977,4.059511431877551,224.10204081632654,2,0.4079116697611709,Tinggi,0.14067512650601954,-0.12552760267973234
IDN.3.1_1,BangkaBarat,10.0,5.904062956,4.679662305300001,30.9,2,0.4079116697611709,Tinggi,0.1961170099422972,-0.06664915605002045
IDN.3.2_1,BangkaSelatan,4.0,5.33417692,5.14737088175,52.5,0,0.32755760277329876,Sedang,0.19679190206167052,-0.14464243450985645
IDN.3.3_1,BangkaTengah,2.0,5.684136265,5.6295762955,7.5,2,0.4079116697611709,Tinggi,0.27375434257603504,-0.14070933820804837
IDN.3.4_1,Bangka,15.0,6.031556445,5.592957362799999,134.73333333333332,2,0.4079116697611709,Tinggi,0.3225286508086481,-0.18454558787837308
IDN.3.5_1,BelitungTimur,23.0,6.113218817,5.310267135478261,122.3913043478261,2,0.4079116697611709,Tinggi,0.2979664331206425,-0.15081017382452247
IDN.3.6_1,Belitung,14.0,5.90911841,5.1667987622857146,101.07142857142857,2,0.4079116697611709,Tinggi,0.2600886363230984,-0.14034248521883189
IDN.3.7_1,Pangkalpinang,0.0,0.0,0.0,0.0,1,0.14613294364826168,Rendah,-0.8581945212779137,0.005407658173843699
IDN.30.10_1,Padang,240.0,7.893675763,3.6311739292666667,40.12083333333333,2,0.4079116697611709,Tinggi,0.2740735751485629,0.14459425332535022
IDN.30.11_1,Pariaman,40.0,4.3991276,3.310723386825,54.05,0,0.32755760277329876,Sedang,-0.08593264972626591,-0.04636652441054781
IDN.30.12_1,PasamanBarat,209.0,6.187476395,3.172151469722488,34.67464114832536,2,0.4079116697611709,Tinggi,0.06522004382906987,0.090365313854469
IDN.30.13_1,Pasaman,335.0,5.0305151,3.1309700732716417,42.25074626865672,0,0.32755760277329876,Sedang,-0.04271434254874196,0.04681310696742141
IDN.30.14_1,Payakumbuh,0.0,0.0,0.0,0.0,1,0.14613294364826168,Rendah,-0.8581945212779137,0.005407658173843699
IDN.30.15_1,PesisirSelatan,509.0,6.48406481,3.6047928574184676,30.471512770137526,2,0.4079116697611709,Tinggi,0.14441242533697907,0.11532558126023243
IDN.30.16_1,Sawahlunto,1.0,4.9760291,4.9760291,155.0,0,0.32755760277329876,Sedang,0.16146875222087098,-0.20387258102287512
IDN.30.17_1,Sijunjung,13.0,4.5109555,3.639771904076923,110.84615384615384,0,0.32755760277329876,Sedang,-0.031768758408123654,-0.0994893024152011
IDN.30.18_1,SolokSelatan,28.0,5.637287004,3.4456925049285716,66.39285714285714,0,0.32755760277329876,Sedang,0.04502328343552775,-0.0007199219388517499
IDN.30.19_1,Solok,81.0,4.790584485,2.736469399234568,14.320987654320987,0,0.32755760277329876,Sedang,-0.11676307892240168,0.04490220803759179
IDN.30.1_1,Agam,276.0,6.285025888,2.964121570231884,21.456521739130434,2,0.4079116697611709,Tinggi,0.05117254134066429,0.12764396226709845
IDN.30.20_1,TanahDatar,51.0,4.730823341,3.1260720779215685,28.15686274509804,0,0.32755760277329876,Sedang,-0.07890149944642766,0.0002118696563223445
IDN.30.2_1,Bukittinggi,5.0,3.811349725,3.1127760066,10.4,1,0.14613294364826168,Rendah,-0.16928351012436427,-0.04345237142861274
IDN.30.3_1,Danau,19.0,5.029741972,3.126125152,9.157894736842104,0,0.32755760277329876,Sedang,-0.054851386088109355,0.021266083046597047
IDN.30.4_1,Dharmasraya,19.0,4.563007607,3.541503313263158,127.15789473684211,0,0.32755760277329876,Sedang,-0.03477161530145789,-0.09685908527229091
IDN.30.5_1,KepulauanMentawai,1494.0,7.127495741,4.1029399820301204,30.643239625167336,2,0.4079116697611709,Tinggi,0.2770860893700614,0.24448933189383848
IDN.30.6_1,KotaSolok,1.0,3.5742085,3.5742085,94.0,1,0.14613294364826168,Rendah,-0.1285380567329284,-0.1358200699987775
IDN.30.7_1,LimaPuluhKota,18.0,4.80030595,3.5616695753888887,100.83333333333333,0,0.32755760277329876,Sedang,-0.014824372027679278,-0.07250041309353354
IDN.30.8_1,PadangPanjang,0.0,0.0,0.0,0.0,1,0.14613294364826168,Rendah,-0.8581945212779137,0.005407658173843699
IDN.30.9_1,PadangPariaman,44.0,4.239501081,3.0222079703409093,38.54545454545455,0,0.32755760277329876,Sedang,-0.13406492664685898,-0.023587584700286175
IDN.31.10_1,OganKomeringUluSelatan,67.0,5.070964103,3.0979065832238804,53.76119402985075,0,0.32755760277329876,Sedang,-0.04600682942004519,0.008849932614867977
IDN.31.11_1,OganKomeringUluTimur,5.0,4.19867362,3.4175245104,102.8,0,0.32755760277329876,Sedang,-0.0859917487311106,-0.09531186291850059
IDN.31.12_1,OganKomeringUlu,16.0,4.98366169,3.2326951715625,52.8125,0,0.32755760277329876,Sedang,-0.040802917961171636,-0.0126202785481428
IDN.31.13_1,PagarAlam,12.0,4.845003425,3.4193244848333335,86.25,0,0.32755760277329876,Sedang,-0.02839174703100833,-0.05232552122063292
IDN.31.14_1,Palembang,0.0,0.0,0.0,0.0,1,0.14613294364826168,Rendah,-0.8581945212779137,0.005407658173843699
IDN.31.15_1,Prabumulih,3.0,3.857162255,3.5212875196666666,120.0,0,0.32755760277329876,Sedang,-0.10381434302877934,-0.13034464088950962
IDN.31.1_1,BanyuAsin,13.0,5.855191384,4.570521234692308,49.38461538461539,2,0.4079116697611709,Tinggi,0.1828804206395559,-0.06995409786753232
IDN.31.2_1,EmpatLawang,18.0,4.255925308,3.1484947535,53.05555555555556,0,0.32755760277329876,Sedang,-0.11720309312206834,-0.04367868746907004
IDN.31.3_1,Lahat,61.0,5.872729582,3.1042026437540984,42.60655737704918,2,0.4079116697611709,Tinggi,0.027081308026430828,0.05495385953621525
IDN.31.4_1,Lubuklinggau,13.0,4.552887837,3.948147813923077,175.30769230769232,0,0.32755760277329876,Sedang,0.015455914748103927,-0.15494763349261367
IDN.31.5_1,MuaraEnim,88.0,5.46472948,3.3499753484090906,59.47727272727273,0,0.32755760277329876,Sedang,0.018854658965259286,0.009575851800089043
IDN.31.6_1,MusiBanyuasin,23.0,5.802225844,4.284644343913043,113.1304347826087,2,0.4079116697611709,Tinggi,0.15764618495126193,-0.08243458602911906
IDN.31.7_1,MusiRawas,89.0,5.512167472,3.7637527915955054,149.42696629213484,0,0.32755760277329876,Sedang,0.08197219151846102,-0.06696447935019713
IDN.31.8_1,OganIlir,2.0,5.238024694,5.202305844,10.0,0,0.32755760277329876,Sedang,0.18697131956693103,-0.13196473432851433
IDN.31.9_1,OganKomeringIlir,20.0,6.026453063,4.6060305897500005,86.05,2,0.4079116697611709,Tinggi,0.20853547635741887,-0.08202999901285474
IDN.32.10_1,KotaTanjungbalai,0.0,0.0,0.0,0.0,1,0.14613294364826168,Rendah,-0.8581945212779137,0.005407658173843699
IDN.32.11_1,LabuhanbatuSelatan,2.0,3.697142106,3.5832216404999997,12.0,1,0.14613294364826168,Rendah,-0.12920595626414377,-0.08716446475782667
IDN.32.12_1,LabuhanbatuUtara,3.0,4.880763219,4.223394599666666,62.333333333333336,0,0.32755760277329876,Sedang,0.0571948384049904,-0.10166215027317264
IDN.32.13_1,Labuhanbatu,1.0,5.800949759,5.800949759,10.0,2,0.4079116697611709,Tinggi,0.3033426017447999,-0.14940519638219946
IDN.32.14_1,LakeToba,118.0,5.108722844,3.10316189979661,96.22881355932203,0,0.32755760277329876,Sedang,-0.03417254848660756,-0.004820281921328894
IDN.32.15_1,Langkat,125.0,5.642869866,3.050853703536,40.288,0,0.32755760277329876,Sedang,0.0009580155788022626,0.057131212073635904
IDN.32.16_1,MandailingNatal,505.0,6.224545416,3.4478107114653467,50.84950495049505,2,0.4079116697611709,Tinggi,0.10668318076878625,0.10286561469494873
IDN.32.17_1,NiasBarat,496.0,6.882969422,3.939019254092742,24.58266129032258,2,0.4079116697611709,Tinggi,0.21604142219372846,0.11135435407812481
IDN.32.18_1,NiasSelatan,1066.0,6.698015824,3.709080604117261,24.57223264540338,2,0.4079116697611709,Tinggi,0.18555922012818338,0.1975039922932067
IDN.32.19_1,NiasUtara,425.0,6.064723161,3.940670132127059,23.656470588235294,2,0.4079116697611709,Tinggi,0.1388258278546417,0.05957015313240267
IDN.32.1_1,Asahan,9.0,5.855065112,3.671629458111111,121.55555555555556,2,0.4079116697611709,Tinggi,0.09784427707585097,-0.0383916245104015
IDN.32.20_1,Nias,117.0,5.059954279,3.3286285776666666,22.427350427350426,0,0.32755760277329876,Sedang,-0.0262686909490647,0.013559542203339903
IDN.32.21_1,PadangLawasUtara,91.0,5.253056355,3.572329667703297,130.98901098901098,0,0.32755760277329876,Sedang,0.034528866334091246,-0.0556278861964128
IDN.32.22_1,PadangLawas,114.0,5.4185258,3.4734353408684213,119.66666666666667,0,0.32755760277329876,Sedang,0.03791093864767314,-0.03030576502904181
IDN.32.23_1,Padangsidimpuan,16.0,4.950035764,3.235436348375,16.625,0,0.32755760277329876,Sedang,-0.049383520790319935,0.0043298095706426065
IDN.32.24_1,PakpakBarat,10.0,3.6442922,2.7469381469,52.2,1,0.14613294364826168,Rendah,-0.21726097035298642,-0.04485626869163722
IDN.32.25_1,Pematangsiantar,2.0,4.09075565,3.818227201,170.0,0,0.32755760277329876,Sedang,-0.04237454631723114,-0.16755469722082633
IDN.32.26_1,Samosir,147.0,5.444440608,2.601980706176871,34.89795918367347,0,0.32755760277329876,Sedang,-0.06600572993243636,0.0875283276976901
IDN.32.27_1,SerdangBedagai,11.0,5.861749542,4.723357311818182,174.0,2,0.4079116697611709,Tinggi,0.21967313008397638,-0.1468674645963901
IDN.32.28_1,Sibolga,1.0,2.7933265,2.7933265,21.0,1,0.14613294364826168,Rendah,-0.29629486557262585,-0.07752451904833253
IDN.32.29_1,Simalungun,83.0,5.341613992,3.2777227082168676,104.5421686746988,0,0.32755760277329876,Sedang,0.006764965272595624,-0.015425768442728534
IDN.32.2_1,BatuBara,3.0,5.440000738,4.5167977089999995,324.3333333333333,0,0.32755760277329876,Sedang,0.18218948316369776,-0.23233561300017772
IDN.32.30_1,TapanuliSelatan,193.0,5.4520256,3.3147031966683937,66.4041450777202,0,0.32755760277329876,Sedang,0.017082315677823146,0.022383266751185203
IDN.32.31_1,TapanuliTengah,128.0,5.379780849,3.2678818561015626,50.84375,0,0.32755760277329876,Sedang,0.0015962126186358505,0.02152242616496692
IDN.32.32_1,TapanuliUtara,611.0,6.000836227,3.1770634269132567,47.92635024549918,2,0.4079116697611709,Tinggi,0.05854687871344322,0.1283029146768499
IDN.32.33_1,Tebingtinggi,0.0,0.0,0.0,0.0,1,0.14613294364826168,Rendah,-0.8581945212779137,0.005407658173843699
IDN.32.34_1,TobaSamosir,41.0,5.554142144,3.7464496019024387,126.0,2,0.4079116697611709,Tinggi,0.07932450600607566,-0.057761331176177225
IDN.32.3_1,Dairi,52.0,4.71560141,2.857306222057692,27.096153846153847,0,0.32755760277329876,Sedang,-0.1092931256020907,0.020990056178125622
IDN.32.4_1,DeliSerdang,100.0,4.828440613,2.96902021832,14.33,0,0.32755760277329876,Sedang,-0.08792860809403014,0.031393027690993
IDN.32.5_1,Gunungsitoli,40.0,5.926405197,3.4065913126250003,32.175,2,0.4079116697611709,Tinggi,0.062417552747838556,0.03683034211773839
IDN.32.6_1,HumbangHasundutan,39.0,5.006017859,3.1283447065641026,63.205128205128204,0,0.32755760277329876,Sedang,-0.0478144278190713,-0.005642650961532852
IDN.32.7_1,Karo,136.0,5.416254348,2.7669839081838234,24.0,0,0.32755760277329876,Sedang,-0.052869936602721435,0.07744052410216644
IDN.32.8_1,KotaBinjai,0.0,0.0,0.0,0.0,1,0.14613294364826168,Rendah,-0.8581945212779137,0.005407658173843699
IDN.32.9_1,KotaMedan,1.0,2.4915937,2.4915937,50.0,1,0.14613294364826168,Rendah,-0.3520131474618555,-0.08488846065156691
IDN.33.1_1,Bantul,42.0,5.76378,2.3680144062619046,23.404761904761905,2,0.4079116697611709,Tinggi,-0.06542394263138229,0.11392437808603588
IDN.33.2_1,GunungKidul,1174.0,5.768622303,3.427592800577513,22.163543441226576,2,0.4079116697611709,Tinggi,0.07099013395698162,0.18717870874763604
IDN.33.3_1,KotaYogyakarta,0.0,0.0,0.0,0.0,1,0.14613294364826168,Rendah,-0.8581945212779137,0.005407658173843699
IDN.33.4_1,KulonProgo,99.0,5.552630839,3.479142148010101,34.21212121212121,0,0.32755760277329876,Sedang,0.03705604747453439,0.018805004481714287
IDN.33.5_1,Sleman,10.0,5.263208904,2.4956330523,19.2,0,0.32755760277329876,Sedang,-0.09943109379607029,0.07587342096411412
IDN.34.10_1,Paser,22.0,6.2390493,4.739031137727273,43.18181818181818,2,0.4079116697611709,Tinggi,0.23572484984054898,-0.05866363876281884
IDN.34.11_1,PenajamPaserUtara,3.0,4.876741594,4.749718489,159.33333333333334,0,0.32755760277329876,Sedang,0.12871859174850497,-0.193433992182145
IDN.34.12_1,Samarinda,0.0,0.0,0.0,0.0,1,0.14613294364826168,Rendah,-0.8581945212779137,0.005407658173843699
IDN.34.1_1,Balikpapan,1.0,5.650650487,5.650650487,10.0,2,0.4079116697611709,Tinggi,0.27328958551231575,-0.1455259148007876
IDN.34.2_1,Berau,73.0,6.5384157,4.31309041190411,53.917808219178085,2,0.4079116697611709,Tinggi,0.22049876087762044,-0.008692275144367313
IDN.34.3_1,Bontang,0.0,0.0,0.0,0.0,1,0.14613294364826168,Rendah,-0.8581945212779137,0.005407658173843699
IDN.34.5_1,KutaiBarat,15.0,6.26762163,5.4260616026,60.2,2,0.4079116697611709,Tinggi,0.3146432315792548,-0.12039598183749023
IDN.34.6_1,KutaiKartanegara,24.0,6.443614254,5.129882319416667,124.04166666666667,2,0.4079116697611709,Tinggi,0.3095188213829826,-0.12038767307957385
IDN.34.7_1,KutaiTimur,105.0,6.660751929,3.6777929475809525,41.904761904761905,2,0.4079116697611709,Tinggi,0.1624093802531853,0.05764926405277854
IDN.35.13,TanaTidung,15.0,6.0261167,4.272892600666666,14.6,2,0.4079116697611709,Tinggi,0.16129813422847927,-0.019522620467216874
IDN.35.14,Tarakan,15.0,4.83791891,3.5100028797333334,19.733333333333334,0,0.32755760277329876,Sedang,-0.02984544790377064,-0.024573396072544506
IDN.35.4,Bulungan,33.0,5.845297661,4.163625568454545,30.90909090909091,2,0.4079116697611709,Tinggi,0.13577117656842208,-0.026475391584644327
IDN.35.8,Malinau,23.0,6.126036141,5.431556981869565,106.26086956521739,2,0.4079116697611709,Tinggi,0.30959903285174606,-0.1511390416692778
IDN.35.9,Nunukan,82.0,6.637620686,5.011802671902439,48.81707317073171,2,0.4079116697611709,Tinggi,0.3040148345584016,-0.053925976152802244
IDN.4.1_1,Cilegon,6.0,4.391507576,3.6758541741666666,160.83333333333334,0,0.32755760277329876,Sedang,-0.031153376138277622,-0.13556083036607458
IDN.4.2_1,KotaSerang,4.0,3.8538186,3.63021079775,133.25,0,0.32755760277329876,Sedang,-0.09031119817323385,-0.1457650486405529
IDN.4.3_1,KotaTangerang,0.0,0.0,0.0,0.0,1,0.14613294364826168,Rendah,-0.8581945212779137,0.005407658173843699
IDN.4.4_1,Lebak,266.0,6.088782914,3.322739704142857,55.71804511278196,2,0.4079116697611709,Tinggi,0.07670886301393287,0.07034218212614561
IDN.4.5_1,Pandeglang,1154.0,6.918106177,3.773937033056326,27.035528596187174,2,0.4079116697611709,Tinggi,0.21505527839434035,0.21461742939157316
IDN.4.6_1,Serang,31.0,4.93286288,3.6726555865161292,121.70967741935483,0,0.32755760277329876,Sedang,0.012947196383003123,-0.08337744637385891
IDN.4.7_1,TangerangSelatan,0.0,0.0,0.0,0.0,1,0.14613294364826168,Rendah,-0.8581945212779137,0.005407658173843699
IDN.4.8_1,Tangerang,4.0,3.960267552,3.50059150225,226.25,0,0.32755760277329876,Sedang,-0.07955217862631403,-0.17876570003825945
IDN.5.10_1,Seluma,501.0,6.4382377,3.775749084772455,35.9001996007984,2,0.4079116697611709,Tinggi,0.15920944750626387,0.09574000492071626
IDN.5.1_1,BengkuluSelatan,269.0,5.9245229,3.7199355386171002,40.88104089219331,2,0.4079116697611709,Tinggi,0.10179344605057983,0.03913153661539397
IDN.5.2_1,BengkuluTengah,25.0,4.580300969,3.46702494432,52.56,0,0.32755760277329876,Sedang,-0.05290953784804908,-0.05038160009902466
IDN.5.3_1,BengkuluUtara,1274.0,7.032001295,4.002293589851648,33.04160125588697,2,0.4079116697611709,Tinggi,0.2534484637278477,0.21604371275699583
IDN.5.4_1,Bengkulu,17.0,5.5784313,3.749528407,40.411764705882355,2,0.4079116697611709,Tinggi,0.06780992689373078,-0.015301958793777083
IDN.5.5_1,Kaur,346.0,6.556743412,3.64816488032948,33.39884393063584,2,0.4079116697611709,Tinggi,0.15302748632735474,0.09192685009548776
IDN.5.6_1,Kepahiang,12.0,5.032883136,3.3989133654166666,33.916666666666664,0,0.32755760277329876,Sedang,-0.021496239012296026,-0.013652532663486438
IDN.5.7_1,Lebong,37.0,4.472002136,3.1890871831621626,28.7027027027027,0,0.32755760277329876,Sedang,-0.09632021507599497,-0.020305010641638956
IDN.5.8_1,Mukomuko,241.0,6.7929674,3.7184727048381743,37.933609958506224,2,0.4079116697611709,Tinggi,0.18109774448596105,0.0820027442133636
IDN.5.9_1,RejangLebong,41.0,4.498315312,3.2523167769268295,34.90243902439025,0,0.32755760277329876,Sedang,-0.0860325453877987,-0.02654442232420945
IDN.6.1_1,Boalemo,1265.0,5.774326399,2.895761681895652,110.44664031620553,2,0.4079116697611709,Tinggi,0.03032264865686296,0.1950926406486493
IDN.6.2_1,BoneBolango,890.0,6.319994366,3.2776749966741576,121.57977528089887,2,0.4079116697611709,Tinggi,0.11618376716752843,0.13667757157972218
IDN.6.3_1,DanauLimboto,0.0,0.0,0.0,0.0,1,0.14613294364826168,Rendah,-0.8581945212779137,0.005407658173843699
IDN.6.4_1,GorontaloUtara,648.0,6.2236716,3.3892790712808645,94.6929012345679,2,0.4079116697611709,Tinggi,0.11014148338855578,0.10399711283340031
IDN.6.5_1,Gorontalo,209.0,5.663673975,2.735126827889952,60.421052631578945,2,0.4079116697611709,Tinggi,-0.02611065763739473,0.08369237202766018
IDN.6.6_1,KotaGorontalo,6.0,5.381602087,3.3367091886666667,60.5,0,0.32755760277329876,Sedang,0.008260514618776638,-0.005442784597077196
IDN.6.7_1,Pohuwato,1202.0,5.98171617,2.8667502916081533,115.67054908485856,2,0.4079116697611709,Tinggi,0.04601038953533443,0.19676599102959252
IDN.7.1_1,JakartaBarat,0.0,0.0,0.0,0.0,1,0.14613294364826168,Rendah,-0.8581945212779137,0.005407658173843699
IDN.7.2_1,JakartaPusat,0.0,0.0,0.0,0.0,1,0.14613294364826168,Rendah,-0.8581945212779137,0.005407658173843699
IDN.7.3_1,JakartaSelatan,0.0,0.0,0.0,0.0,1,0.14613294364826168,Rendah,-0.8581945212779137,0.005407658173843699
IDN.7.4_1,JakartaTimur,1.0,4.674786691,4.674786691,275.0,0,0.32755760277329876,Sedang,0.12032866641044948,-0.25879442158157223
IDN.7.5_1,JakartaUtara,0.0,0.0,0.0,0.0,1,0.14613294364826168,Rendah,-0.8581945212779137,0.005407658173843699
IDN.7.6_1,KepulauanSeribu,16.0,5.519661923,4.2062722314375,189.5,0,0.32755760277329876,Sedang,0.1350640117198405,-0.13186004874825355
IDN.8.10_1,TanjungJabungT,5.0,5.304576552,4.4508998994,362.0,0,0.32755760277329876,Sedang,0.16860263327677416,-0.25364749920832325
IDN.8.11_1,Tebo,9.0,5.748882093,4.435474030555556,57.44444444444444,2,0.4079116697611709,Tinggi,0.1597435363371379,-0.06973550513761383
IDN.8.1_1,BatangHari,5.0,4.906246989,4.3151073518,74.2,0,0.32755760277329876,Sedang,0.07132317121126774,-0.11339114141594127
IDN.8.2_1,Bungo,11.0,4.29849217,3.6580299544545456,124.63636363636364,0,0.32755760277329876,Sedang,-0.04734644667530097,-0.11940553613417083
IDN.8.3_1,Jambi,1.0,5.160922411,5.160922411,10.0,0,0.32755760277329876,Sedang,0.1753662514755997,-0.13288584622396124
IDN.8.4_1,Kerinci,27.0,5.208929978,3.5416922165555556,71.11111111111111,0,0.32755760277329876,Sedang,0.01635284661148184,-0.032996018683672496
IDN.8.5_1,Merangin,187.0,4.930550931,3.6791804861550803,137.7058823529412,0,0.32755760277329876,Sedang,0.019078414826555035,-0.07104833402407792
IDN.8.6_1,MuaroJambi,3.0,5.310643732,4.616582947,8.333333333333334,0,0.32755760277329876,Sedang,0.13062260576728435,-0.0816937400022891
IDN.8.7_1,Sarolangun,69.0,5.826873527,3.6686320456231885,145.7246376811594,2,0.4079116697611709,Tinggi,0.09994817395339228,-0.0440512458786905
IDN.8.8_1,SungaiPenuh,1.0,3.964773106,3.964773106,102.0,0,0.32755760277329876,Sedang,-0.04916992569742895,-0.1500804930378431
IDN.8.9_1,TanjungJabungB,3.0,5.449478937,4.735594269666667,94.33333333333333,0,0.32755760277329876,Sedang,0.1699412436093487,-0.12867013951619902
IDN.9.10_1,Depok,1.0,3.132111817,3.132111817,260.0,1,0.14613294364826168,Rendah,-0.19052295759010252,-0.21114026646017653
IDN.9.11_1,Garut,1394.0,6.753972078,3.548525340428264,24.701578192252512,2,0.4079116697611709,Tinggi,0.1800604599226744,0.25762303920436064
IDN.9.12_1,Indramayu,30.0,5.811904499,4.0949554512,201.03333333333333,2,0.4079116697611709,Tinggi,0.15232067681554617,-0.11216886942209962
IDN.9.13_1,Karawang,47.0,5.479512684,3.241409318255319,68.91489361702128,0,0.32755760277329876,Sedang,0.009265238571969148,0.008243124867208924
IDN.9.14_1,KotaBandung,3.0,3.465931236,3.0523581453333333,27.0,1,0.14613294364826168,Rendah,-0.20517625320837884,-0.06562126628219483
IDN.9.15_1,KotaBekasi,1.0,3.652374415,3.652374415,225.0,1,0.14613294364826168,Rendah,-0.0920633930713588,-0.20628181125270295
IDN.9.16_1,KotaBogor,7.0,3.91645634,2.616083063857143,11.142857142857142,1,0.14613294364826168,Rendah,-0.21266729901471149,0.00046578300278091525
IDN.9.17_1,KotaCirebon,0.0,0.0,0.0,0.0,1,0.14613294364826168,Rendah,-0.8581945212779137,0.005407658173843699
IDN.9.18_1,KotaSukabumi,2.0,3.8956786,3.4237802999999998,67.0,0,0.32755760277329876,Sedang,-0.11915816818199032,-0.09321832571463688
IDN.9.19_1,KotaTasikmalaya,6.0,3.168043857,2.9365629475,37.166666666666664,1,0.14613294364826168,Rendah,-0.243528803402433,-0.0769789758646214
IDN.9.1_1,BandungBarat,38.0,5.821300872,2.8411337721578946,27.289473684210527,2,0.4079116697611709,Tinggi,-0.008800242548170467,0.07758121148144194
IDN.9.20_1,Kuningan,20.0,4.547556531,3.09738781485,47.2,0,0.32755760277329876,Sedang,-0.09654949041580851,-0.02125036078520734
IDN.9.21_1,Majalengka,13.0,4.659679,3.4564341627692303,113.15384615384616,0,0.32755760277329876,Sedang,-0.03728561769927441,-0.07874016613859426
IDN.9.22_1,Purwakarta,19.0,3.8625018,2.606882269157895,23.842105263157894,1,0.14613294364826168,Rendah,-0.2163955670191703,-0.006613501638834228
IDN.9.23_1,Subang,29.0,6.300619341,3.609878727068965,115.89655172413794,2,0.4079116697611709,Tinggi,0.1320104987694175,-0.004796531028493704
IDN.9.24_1,Sukabumi,1617.0,5.965892976,3.377261800552257,27.58256029684601,2,0.4079116697611709,Tinggi,0.09353970809933188,0.2590134978025428
IDN.9.25_1,Sumedang,46.0,5.758387438,2.980448645043478,42.369565217391305,2,0.4079116697611709,Tinggi,0.00287261687528384,0.056710606383552756
IDN.9.26_1,Tasikmalaya,351.0,7.20021234,3.7632831714900288,36.31054131054131,2,0.4079116697611709,Tinggi,0.2255756574231652,0.115521099105503
IDN.9.27_1,WadukCirata,11.0,4.8552644,2.825059321909091,28.0,0,0.32755760277329876,Sedang,-0.1004795485358555,0.02466485676513416
IDN.9.2_1,Bandung,254.0,5.148449566,2.6671009567125985,22.755905511811022,0,0.32755760277329876,Sedang,-0.08625779074797657,0.08808077749301958
IDN.9.3_1,Banjar,0.0,0.0,0.0,0.0,1,0.14613294364826168,Rendah,-0.8581945212779137,0.005407658173843699
IDN.9.4_1,Bekasi,5.0,4.708819234,3.7142592118000004,176.2,0,0.32755760277329876,Sedang,0.004800011184657893,-0.13025151518380335
IDN.9.5_1,Bogor,163.0,5.029083817,2.7405869748957055,27.773006134969325,0,0.32755760277329876,Sedang,-0.0904473620638534,0.0611273696333692
IDN.9.6_1,Ciamis,365.0,5.914603025,3.701978553819178,41.797260273972604,2,0.4079116697611709,Tinggi,0.10100132741740053,0.052649154266644745
IDN.9.7_1,Cianjur,1416.0,5.7690738,2.9552185509081923,25.15819209039548,2,0.4079116697611709,Tinggi,0.025643604227160388,0.2553932388818375
IDN.9.8_1,Cimahi,2.0,3.412949,2.698270696,16.0,1,0.14613294364826168,Rendah,-0.2498416878858647,-0.0352542793944923
IDN.9.9_1,Cirebon,7.0,4.831723364,3.011643380142857,10.142857142857142,0,0.32755760277329876,Sedang,-0.08556639710628466,0.01773402705210573
