id_kabupaten,nama_kabupaten,frekuensi_gempa,depth_mean,mag_max,mag_mean,korban_total,rumah_rusak_total,fasum_rusak_total
IDN.1.2_1,AcehBarat,318.0,16.08805031446541,5.495929743,3.17038023104717,0.0,8.0,0.0
IDN.1.1_1,AcehBaratDaya,49.0,45.183673469387756,4.550803088,3.14651085022449,0.0,17.0,0.0
IDN.1.3_1,AcehBesar,120.0,25.691666666666666,5.064876585,3.28732453035,0.0,0.0,0.0
IDN.1.4_1,AcehJaya,93.0,47.204301075268816,5.874450261,3.334288806064516,0.0,0.0,1.0
IDN.1.5_1,AcehSelatan,138.0,33.391304347826086,5.0626862,3.000997814768116,3.0,2717.0,324.0
IDN.1.6_1,AcehSingkil,30.0,52.5,4.819549756,3.1696905594333336,23.0,3548.0,196.0
IDN.1.7_1,AcehTamiang,3.0,13.0,3.390652414,3.2600750906666662,0.0,0.0,0.0
IDN.1.8_1,AcehTengah,111.0,41.24324324324324,5.027948324,3.1942289786576574,2457.0,14552.0,1515.0
IDN.1.9_1,AcehTenggara,111.0,42.36036036036036,4.809142838,3.112894208873874,0.0,0.0,0.0
IDN.1.10_1,AcehTimur,90.0,16.61111111111111,4.936355699,2.6755890604,0.0,57.0,0.0
IDN.1.11_1,AcehUtara,15.0,22.533333333333335,4.280014058,3.0392688634666665,0.0,0.0,0.0
IDN.1.12_1,BandaAceh,1.0,10.0,3.189475351,3.189475351,0.0,0.0,0.0
IDN.1.13_1,BenerMeriah,92.0,10.282608695652174,4.8726416,2.7932648045434783,122.0,5168.0,429.0
IDN.1.14_1,Bireuen,27.0,33.7037037037037,4.70288509,3.210301468148148,272.0,836.0,166.0
IDN.1.15_1,GayoLues,221.0,21.41176470588235,5.012610701,3.1799440362126696,0.0,26.0,2.0
IDN.1.16_1,Langsa,1.0,10.0,3.665418199,3.665418199,0.0,19.0,0.0
IDN.1.17_1,Lhokseumawe,1.0,20.0,3.373381601,3.373381601,0.0,0.0,0.0
IDN.1.18_1,NaganRaya,185.0,21.897297297297296,5.1761165,3.222141315135135,0.0,163.0,8.0
IDN.1.20_1,Pidie,458.0,13.941048034934498,5.37479451,3.1306112302554583,89.0,1259.0,162.0
IDN.1.19_1,PidieJaya,103.0,14.242718446601941,5.413160898,3.3197911720291264,700.0,8228.0,817.0
IDN.1.21_1,Sabang,17.0,19.352941176470587,3.620037922,2.7209805260588236,0.0,3.0,6.0
IDN.1.22_1,Simeulue,78.0,21.166666666666668,5.7002668,3.7852376617179484,231.0,18561.0,1967.0
IDN.1.23_1,Subulussalam,18.0,54.611111111111114,6.6441627,2.931607275333333,1.0,3369.0,244.0
IDN.2.1_1,Badung,11.0,79.36363636363636,3.36899446,2.557844927,3.0,29.0,23.0
IDN.2.2_1,Bangli,43.0,46.46511627906977,4.65009477,2.8066311780697677,4.0,250.0,235.0
IDN.2.3_1,Buleleng,132.0,23.795454545454547,5.608677366,2.8672619919469695,3.0,91.0,14.0
IDN.2.4_1,Denpasar,8.0,78.875,3.320692477,2.6273620600000003,96.0,76.0,33.0
IDN.2.5_1,Gianyar,13.0,75.38461538461539,4.985269935,3.351943290923077,0.0,2.0,17.0
IDN.2.6_1,Jembrana,22.0,46.40909090909091,4.311388533,2.9404048504090907,2.0,39.0,16.0
IDN.2.7_1,Karangasem,465.0,15.838709677419354,5.1223254,2.8369952277354837,152.0,5566.0,789.0
IDN.2.8_1,Klungkung,13.0,74.53846153846153,3.8310879,2.948690869230769,0.0,19.0,53.0
IDN.2.9_1,Tabanan,44.0,55.59090909090909,4.568745333,2.7266694993409093,3.0,30.0,168.0
IDN.3.4_1,Bangka,1.0,39.0,5.580438998,5.580438998,140.0,355.0,10.0
IDN.3.1_1,BangkaBarat,4.0,8.75,5.726957914,5.20900835375,0.0,0.0,0.0
IDN.3.2_1,BangkaSelatan,1.0,10.0,5.281227957,5.281227957,0.0,0.0,0.0
IDN.3.3_1,BangkaTengah,1.0,10.0,5.575016326,5.575016326,0.0,0.0,0.0
IDN.3.6_1,Belitung,2.0,348.5,5.752156578,5.3861129215000005,0.0,0.0,0.0
IDN.3.5_1,BelitungTimur,2.0,109.5,5.734172313,5.212494653,0.0,0.0,0.0
IDN.3.7_1,Pangkalpinang,0.0,514.0,0.0,0.0,0.0,0.0,0.0
IDN.4.1_1,Cilegon,1.0,172.0,3.818682062,3.818682062,0.0,3.0,1.0
IDN.4.2_1,KotaSerang,2.0,87.0,3.8538186,3.580635863,0.0,0.0,0.0
IDN.4.3_1,KotaTangerang,0.0,514.0,0.0,0.0,0.0,0.0,0.0
IDN.4.4_1,Lebak,138.0,69.57246376811594,5.346413261,3.311288870253623,8.0,1427.0,46.0
IDN.4.5_1,Pandeglang,67.0,65.85074626865672,5.10253613,3.440864724477612,15.0,3709.0,191.0
IDN.4.6_1,Serang,12.0,127.33333333333333,4.93286288,3.609435439166667,0.0,46.0,2.0
IDN.4.8_1,Tangerang,4.0,226.25,3.960267552,3.50059150225,0.0,3.0,0.0
IDN.4.7_1,TangerangSelatan,0.0,514.0,0.0,0.0,0.0,0.0,0.0
IDN.5.4_1,Bengkulu,1.0,60.0,3.446280821,3.446280821,15.0,15223.0,85.0
IDN.5.1_1,BengkuluSelatan,26.0,89.07692307692308,5.570406204,3.5782582082692307,0.0,115.0,3.0
IDN.5.2_1,BengkuluTengah,23.0,52.0,4.580300969,3.486088918217391,0.0,13.0,0.0
IDN.5.3_1,BengkuluUtara,97.0,64.52577319587628,5.194178964,3.6645762857628865,32.0,32939.0,793.0
IDN.5.5_1,Kaur,32.0,59.375,4.944074428,3.40070754884375,1.0,14.0,1.0
IDN.5.6_1,Kepahiang,12.0,33.916666666666664,5.032883136,3.3989133654166666,0.0,438.0,351.0
IDN.5.7_1,Lebong,37.0,28.7027027027027,4.472002136,3.1890871831621626,2.0,278.0,19.0
IDN.5.8_1,Mukomuko,77.0,53.23376623376623,6.7929674,3.5332538614415587,7.0,10757.0,562.0
IDN.5.9_1,RejangLebong,41.0,34.90243902439025,4.498315312,3.2523167769268295,0.0,0.0,24.0
IDN.5.10_1,Seluma,40.0,53.95,5.323875755,3.36391380305,0.0,420.0,121.0
IDN.6.1_1,Boalemo,374.0,70.97326203208556,5.774326399,2.868545484406417,0.0,6.0,0.0
IDN.6.2_1,BoneBolango,47.0,88.91489361702128,5.2344228,3.118530338851064,0.0,0.0,0.0
IDN.6.3_1,DanauLimboto,0.0,514.0,0.0,0.0,0.0,0.0,0.0
IDN.6.5_1,Gorontalo,125.0,42.576,5.663673975,2.6702851684319997,0.0,0.0,0.0
IDN.6.4_1,GorontaloUtara,116.0,37.88793103448276,4.95397352,2.9732213915431034,0.0,0.0,0.0
IDN.6.6_1,KotaGorontalo,5.0,70.4,5.381602087,3.3712395454000004,0.0,0.0,0.0
IDN.6.7_1,Pohuwato,523.0,72.21223709369025,5.966544814,2.844535947994264,0.0,0.0,0.0
IDN.7.1_1,JakartaBarat,0.0,514.0,0.0,0.0,0.0,0.0,0.0
IDN.7.2_1,JakartaPusat,0.0,514.0,0.0,0.0,0.0,0.0,0.0
IDN.7.3_1,JakartaSelatan,0.0,514.0,0.0,0.0,0.0,0.0,0.0
IDN.7.4_1,JakartaTimur,1.0,275.0,4.674786691,4.674786691,1.0,0.0,3.0
IDN.7.5_1,JakartaUtara,0.0,514.0,0.0,0.0,0.0,0.0,0.0
IDN.7.6_1,KepulauanSeribu,0.0,514.0,0.0,0.0,0.0,0.0,0.0
IDN.8.1_1,BatangHari,5.0,74.2,4.906246989,4.3151073518,0.0,0.0,0.0
IDN.8.2_1,Bungo,11.0,124.63636363636364,4.29849217,3.6580299544545456,0.0,0.0,0.0
IDN.8.3_1,Jambi,1.0,10.0,5.160922411,5.160922411,0.0,0.0,0.0
IDN.8.4_1,Kerinci,27.0,71.11111111111111,5.208929978,3.5416922165555556,29.0,1590.0,73.0
IDN.8.5_1,Merangin,187.0,137.7058823529412,4.930550931,3.6791804861550803,0.0,0.0,0.0
IDN.8.6_1,MuaroJambi,3.0,8.333333333333334,5.310643732,4.616582947,0.0,0.0,0.0
IDN.8.7_1,Sarolangun,69.0,145.7246376811594,5.826873527,3.6686320456231885,0.0,0.0,0.0
IDN.8.8_1,SungaiPenuh,1.0,102.0,3.964773106,3.964773106,0.0,0.0,0.0
IDN.8.9_1,TanjungJabungB,3.0,94.33333333333333,5.449478937,4.735594269666667,0.0,0.0,0.0
IDN.8.10_1,TanjungJabungT,4.0,265.0,5.304576552,4.52450232975,0.0,0.0,0.0
IDN.8.11_1,Tebo,9.0,57.44444444444444,5.748882093,4.435474030555556,0.0,0.0,0.0
IDN.9.2_1,Bandung,254.0,22.755905511811022,5.148449566,2.6671009567125985,0.0,0.0,0.0
IDN.9.1_1,BandungBarat,38.0,27.289473684210527,5.821300872,2.8411337721578946,16.0,7809.0,447.0
IDN.9.3_1,Banjar,0.0,514.0,0.0,0.0,8.0,1176.0,27.0
IDN.9.4_1,Bekasi,4.0,140.25,4.570212961,3.46561920625,0.0,0.0,0.0
IDN.9.5_1,Bogor,163.0,27.773006134969325,5.029083817,2.7405869748957055,0.0,0.0,0.0
IDN.9.6_1,Ciamis,37.0,96.21621621621621,5.494408436,3.1492915688378376,138.0,43476.0,1616.0
IDN.9.7_1,Cianjur,657.0,26.374429223744293,5.388528536,2.4093226814307456,8519.0,74991.0,2232.0
IDN.9.8_1,Cimahi,2.0,16.0,3.412949,2.698270696,0.0,4.0,1.0
IDN.9.9_1,Cirebon,4.0,10.25,3.009052995,2.751257187,0.0,0.0,0.0
IDN.9.10_1,Depok,1.0,260.0,3.132111817,3.132111817,0.0,0.0,0.0
IDN.9.11_1,Garut,191.0,34.64397905759162,6.086900809,3.0595131726806284,211.0,47947.0,2068.0
IDN.9.12_1,Indramayu,13.0,154.15384615384616,4.950596031,3.6736466436923076,0.0,0.0,0.0
IDN.9.13_1,Karawang,38.0,39.71052631578947,4.674041135,2.955214606263158,0.0,66.0,0.0
IDN.9.14_1,KotaBandung,3.0,27.0,3.465931236,3.0523581453333333,938.0,52570.0,2088.0
IDN.9.15_1,KotaBekasi,1.0,225.0,3.652374415,3.652374415,0.0,1.0,0.0
IDN.9.16_1,KotaBogor,7.0,11.142857142857142,3.91645634,2.616083063857143,31.0,4644.0,30.0
IDN.9.17_1,KotaCirebon,0.0,514.0,0.0,0.0,0.0,0.0,0.0
IDN.9.18_1,KotaSukabumi,2.0,67.0,3.8956786,3.4237802999999998,0.0,0.0,0.0
IDN.9.19_1,KotaTasikmalaya,6.0,37.166666666666664,3.168043857,2.9365629475,0.0,0.0,0.0
IDN.9.20_1,Kuningan,20.0,47.2,4.547556531,3.09738781485,0.0,1664.0,23.0
IDN.9.21_1,Majalengka,13.0,113.15384615384616,4.659679,3.4564341627692303,0.0,8168.0,157.0
IDN.9.22_1,Purwakarta,19.0,23.842105263157894,3.8625018,2.606882269157895,0.0,103.0,52.0
IDN.9.23_1,Subang,21.0,38.61904761904762,5.523181789,3.2234162846666665,0.0,141.0,50.0
IDN.9.24_1,Sukabumi,483.0,32.8944099378882,5.965892976,2.920138942567288,57.0,37350.0,1240.0
IDN.9.25_1,Sumedang,46.0,42.369565217391305,5.758387438,2.980448645043478,18.0,1353.0,62.0
IDN.9.26_1,Tasikmalaya,19.0,95.36842105263158,5.050740756,3.456598454052631,149.0,54476.0,3934.0
IDN.9.27_1,WadukCirata,11.0,28.0,4.8552644,2.825059321909091,0.0,0.0,0.0
IDN.10.1_1,Banjarnegara,44.0,21.613636363636363,4.419685039,2.6483200396136364,44.0,870.0,19.0
IDN.10.2_1,Banyumas,18.0,114.33333333333333,4.971885325,3.0702818985555553,1.0,252.0,14.0
IDN.10.3_1,Batang,13.0,32.38461538461539,3.537896031,2.499701669538461,14.0,273.0,29.0
IDN.10.4_1,Blora,7.0,98.28571428571429,5.0423411,3.446574121571428,0.0,0.0,0.0
IDN.10.5_1,Boyolali,9.0,34.111111111111114,5.304992418,3.083747767888889,304.0,766.0,3.0
IDN.10.6_1,Brebes,27.0,91.4074074074074,4.83752439,3.392252741407407,1.0,83.0,0.0
IDN.10.7_1,Cilacap,35.0,65.85714285714286,5.531612651,3.2316771939428572,10.0,5408.0,88.0
IDN.10.8_1,Demak,4.0,71.25,3.772788797,3.0720834845000002,0.0,0.0,0.0
IDN.10.9_1,Grobogan,1.0,11.0,3.630599626,3.630599626,0.0,0.0,0.0
IDN.10.10_1,Jepara,6.0,247.33333333333334,4.803286945,3.7426547911666668,0.0,5.0,1.0
IDN.10.11_1,Karanganyar,3.0,158.0,3.645192434,3.1857761823333335,0.0,142.0,0.0
IDN.10.12_1,Kebumen,7.0,35.714285714285715,4.224940315,3.2865243021428574,1.0,71.0,2.0
IDN.10.13_1,Kendal,8.0,13.0,3.037197247,2.67086959375,0.0,0.0,0.0
IDN.10.14_1,Klaten,8.0,13.75,3.778510623,2.6193850041249997,19172.0,95898.0,1354.0
IDN.10.15_1,KotaMagelang,0.0,514.0,0.0,0.0,0.0,0.0,0.0
IDN.10.16_1,KotaPekalongan,0.0,514.0,0.0,0.0,0.0,0.0,0.0
IDN.10.17_1,KotaSemarang,1.0,10.0,5.706508748,5.706508748,0.0,0.0,0.0
IDN.10.18_1,KotaTegal,0.0,514.0,0.0,0.0,0.0,0.0,0.0
IDN.10.19_1,Kudus,1.0,10.0,4.282437535,4.282437535,0.0,0.0,0.0
IDN.10.20_1,Magelang,5.0,76.2,4.130889149,3.0203774236,34.0,775.0,228.0
IDN.10.21_1,Pati,4.0,144.25,4.605129232,3.40686915775,0.0,0.0,0.0
IDN.10.22_1,Pekalongan,5.0,11.4,3.171766582,2.6987364962,1.0,7.0,0.0
IDN.10.23_1,Pemalang,5.0,164.0,4.773448014,3.5558180792000003,0.0,0.0,0.0
IDN.10.24_1,Purbalingga,3.0,37.0,3.2940839,2.5457681846666667,0.0,8.0,0.0
IDN.10.25_1,Purworejo,12.0,78.41666666666667,5.334478719,3.2407825535833332,6.0,396.0,115.0
IDN.10.26_1,Rembang,5.0,12.6,5.266361534,3.4873066375999997,0.0,0.0,1.0
IDN.10.27_1,Salatiga,2.0,14.5,3.443282302,3.1448574575,0.0,0.0,0.0
IDN.10.28_1,Semarang,35.0,22.685714285714287,3.808764211,2.937534852857143,0.0,39.0,0.0
IDN.10.29_1,Sragen,2.0,120.5,4.832723487,3.8698078435000003,0.0,0.0,0.0
IDN.10.30_1,Sukoharjo,5.0,61.0,3.042954216,2.5572887318,70.0,1529.0,99.0
IDN.10.31_1,Surakarta,1.0,177.0,2.396542042,2.396542042,0.0,0.0,0.0
IDN.10.32_1,Tegal,7.0,149.14285714285714,4.5520213,2.968674801428572,1.0,1.0,0.0
IDN.10.33_1,Temanggung,10.0,35.6,3.817707984,2.9607574658,0.0,85.0,0.0
IDN.10.34_1,WadukKedungombo,0.0,514.0,0.0,0.0,0.0,0.0,0.0
IDN.10.35_1,Wonogiri,14.0,69.07142857142857,5.427623123,3.486101354285714,4.0,405.0,51.0
IDN.10.36_1,Wonosobo,11.0,32.0,4.758375995,2.8180436848181816,0.0,17.0,3.0
IDN.11.1_1,Bangkalan,1.0,10.0,3.512669592,3.512669592,0.0,0.0,0.0
IDN.11.2_1,Banyuwangi,78.0,40.782051282051285,4.636455811,2.686966827551282,4.0,61.0,14.0
IDN.11.3_1,Batu,3.0,11.0,3.270456317,2.9974933129999997,0.0,2.0,7.0
IDN.11.4_1,Blitar,15.0,131.46666666666667,4.4827026,3.383578968666667,0.0,0.0,0.0
IDN.11.5_1,Bojonegoro,59.0,26.610169491525422,5.633583364,2.8425596042033896,0.0,0.0,0.0
IDN.11.6_1,Bondowoso,54.0,15.203703703703704,3.6101845,2.7169160835555553,0.0,5.0,0.0
IDN.11.7_1,Gresik,5.0,29.8,4.923161872,3.3674707942,7.0,6478.0,325.0
IDN.11.8_1,Jember,62.0,44.564516129032256,4.616829862,2.8159092019516128,12.0,154.0,19.0
IDN.11.9_1,Jombang,4.0,55.5,5.417680557,3.39364274275,0.0,0.0,0.0
IDN.11.10_1,Kediri,23.0,64.30434782608695,4.786002333,3.3232756860434782,0.0,0.0,0.0
IDN.11.11_1,KotaBlitar,0.0,514.0,0.0,0.0,14.0,2078.0,190.0
IDN.11.12_1,KotaKediri,2.0,10.0,2.616392108,2.4203789694999998,0.0,5.0,3.0
IDN.11.13_1,KotaMadiun,0.0,514.0,0.0,0.0,0.0,0.0,0.0
IDN.11.14_1,KotaMalang,0.0,514.0,0.0,0.0,0.0,0.0,0.0
IDN.11.15_1,KotaMojokerto,0.0,514.0,0.0,0.0,0.0,0.0,0.0
IDN.11.16_1,KotaPasuruan,0.0,514.0,0.0,0.0,0.0,0.0,0.0
IDN.11.17_1,KotaProbolinggo,0.0,514.0,0.0,0.0,0.0,0.0,0.0
IDN.11.18_1,Lamongan,6.0,219.33333333333334,5.698094134,4.066631939333333,0.0,7.0,2.0
IDN.11.19_1,Lumajang,23.0,25.652173913043477,4.708341739,2.864834532,22.0,3481.0,79.0
IDN.11.20_1,Madiun,28.0,31.428571428571427,4.18603409,2.95030362925,0.0,58.0,0.0
IDN.11.21_1,Magetan,7.0,59.285714285714285,3.3013264,2.745540947,0.0,17.0,1.0
IDN.11.22_1,Malang,26.0,62.19230769230769,4.039236855,2.946159302846154,88.0,12170.0,635.0
IDN.11.23_1,Mojokerto,4.0,106.0,4.582403207,3.37532742525,0.0,0.0,0.0
IDN.11.24_1,Nganjuk,39.0,22.82051282051282,4.095326804,2.633171929820513,0.0,1.0,0.0
IDN.11.25_1,Ngawi,17.0,44.88235294117647,5.053441668,3.308960165764706,0.0,0.0,0.0
IDN.11.26_1,Pacitan,20.0,66.2,3.686292428,2.65498689055,3.0,187.0,2.0
IDN.11.27_1,Pamekasan,2.0,12.0,3.44410767,3.166712039,0.0,1.0,0.0
IDN.11.28_1,Pasuruan,12.0,41.833333333333336,3.246605609,2.7320665546666665,0.0,127.0,8.0
IDN.11.29_1,Ponorogo,25.0,59.52,4.59315922,3.18671550716,0.0,13.0,2.0
IDN.11.30_1,Probolinggo,28.0,25.821428571428573,4.14771789,2.8561680360357142,0.0,28.0,3.0
IDN.11.31_1,Sampang,4.0,11.25,5.236389476,3.62628380575,0.0,0.0,0.0
IDN.11.32_1,Sidoarjo,1.0,10.0,3.998160612,3.998160612,0.0,2.0,0.0
IDN.11.33_1,Situbondo,68.0,21.58823529411765,5.771456141,2.928962652647059,25.0,496.0,41.0
IDN.11.34_1,Sumenep,9.0,71.88888888888889,4.717570268,3.317148417666667,48.0,1262.0,26.0
IDN.11.35_1,Surabaya,0.0,514.0,0.0,0.0,1.0,2.0,2.0
IDN.11.36_1,Trenggalek,32.0,64.03125,4.250747167,2.93448123809375,0.0,156.0,19.0
IDN.11.37_1,Tuban,23.0,46.43478260869565,5.300583646,3.274499903130435,0.0,12.0,3.0
IDN.11.38_1,Tulungagung,15.0,92.33333333333333,4.248163645,3.0505309196,2.0,76.0,12.0
IDN.12.1_1,Bengkayang,2.0,282.5,6.229510933,5.2021319375,0.0,0.0,0.0
IDN.12.2_1,KapuasHulu,4.0,98.0,5.860492942,5.082220421,0.0,0.0,0.0
IDN.12.3_1,KayongUtara,2.0,10.0,6.046969746,5.889372402,0.0,0.0,0.0
IDN.12.4_1,Ketapang,10.0,110.2,6.389105118,5.731444709,0.0,0.0,0.0
IDN.12.5_1,KotaPontianak,0.0,514.0,0.0,0.0,0.0,0.0,0.0
IDN.12.6_1,KubuRaya,3.0,256.6666666666667,5.9647897,5.602400179666667,0.0,0.0,0.0
IDN.12.7_1,Landak,4.0,12.75,6.280183663,4.11313535,0.0,0.0,0.0
IDN.12.8_1,Melawi,4.0,126.75,6.140497954,5.94992454375,0.0,0.0,0.0
IDN.12.9_1,Pontianak,0.0,514.0,0.0,0.0,0.0,0.0,0.0
IDN.12.10_1,Sambas,3.0,265.6666666666667,6.297625284,5.606907225333333,0.0,0.0,0.0
IDN.12.11_1,Sanggau,11.0,57.81818181818182,6.127376461,5.049469647727273,0.0,0.0,0.0
IDN.12.12_1,Sekadau,1.0,272.0,5.545678816,5.545678816,0.0,0.0,0.0
IDN.12.13_1,Singkawang,0.0,514.0,0.0,0.0,0.0,0.0,0.0
IDN.12.14_1,Sintang,9.0,207.77777777777777,6.357344464,5.492512260333333,0.0,0.0,0.0
IDN.13.1_1,Balangan,2.0,514.0,5.82021579,5.3780391565,0.0,0.0,0.0
IDN.13.3_1,Banjar,4.0,23.25,4.771098561,4.01572048025,8.0,1176.0,27.0
IDN.13.2_1,BanjarBaru,0.0,514.0,0.0,0.0,0.0,0.0,0.0
IDN.13.4_1,Banjarmasin,0.0,514.0,0.0,0.0,0.0,0.0,0.0
IDN.13.5_1,BaritoKuala,2.0,399.0,6.1958025,5.705637251500001,0.0,0.0,0.0
IDN.13.6_1,HuluSungaiSelatan,1.0,109.0,5.215960869,5.215960869,0.0,0.0,0.0
IDN.13.7_1,HuluSungaiTengah,1.0,19.0,4.2383154,4.2383154,0.0,0.0,0.0
IDN.13.8_1,HuluSungaiUtara,2.0,303.5,6.214212263,5.4708202485,0.0,0.0,0.0
IDN.13.9_1,KotaBaru,7.0,10.285714285714286,6.051960578,5.300278070571429,0.0,0.0,0.0
IDN.13.10_1,Tabalong,6.0,13.333333333333334,4.141807499,3.6255697156666664,0.0,0.0,0.0
IDN.13.11_1,TanahBumbu,2.0,112.0,5.757567637,5.5146378055,0.0,0.0,0.0
IDN.13.12_1,TanahLaut,9.0,58.77777777777778,5.820884071,5.133704643555556,0.0,0.0,0.0
IDN.13.13_1,Tapin,1.0,10.0,5.994796598,5.994796598,0.0,0.0,0.0
IDN.14.1_1,BaritoSelatan,4.0,195.5,5.039248989,4.52850954975,0.0,0.0,0.0
IDN.14.2_1,BaritoTimur,1.0,10.0,4.171733129,4.171733129,0.0,0.0,0.0
IDN.14.3_1,BaritoUtara,6.0,11.166666666666666,6.304776774,5.113979152,0.0,0.0,0.0
IDN.14.4_1,GunungMas,8.0,129.375,6.09757343,5.614593027875,0.0,0.0,0.0
IDN.14.5_1,Kapuas,5.0,53.6,6.292867329,5.806785444800001,0.0,0.0,0.0
IDN.14.6_1,Katingan,5.0,289.2,5.330261619,4.7727610332,0.0,0.0,0.0
IDN.14.7_1,KotawaringinBarat,1.0,266.0,5.112448056,5.112448056,0.0,0.0,0.0
IDN.14.8_1,KotawaringinTimur,5.0,311.2,5.574165047,5.2588288262,0.0,0.0,0.0
IDN.14.9_1,Lamandau,4.0,10.0,5.764152078,5.46410258025,0.0,0.0,0.0
IDN.14.10_1,MurungRaya,11.0,22.727272727272727,6.167175471,5.571908743000001,0.0,0.0,0.0
IDN.14.11_1,PalangkaRaya,1.0,14.0,4.407199061,4.407199061,0.0,0.0,0.0
IDN.14.12_1,PulangPisau,10.0,135.1,5.938813959,5.3282058989,0.0,0.0,0.0
IDN.14.13_1,Seruyan,5.0,221.2,5.889874054,5.3534700156,0.0,0.0,0.0
IDN.14.14_1,Sukamara,1.0,10.0,5.999953564,5.999953564,0.0,0.0,0.0
IDN.34.1_1,Balikpapan,1.0,10.0,5.650650487,5.650650487,0.0,0.0,0.0
IDN.34.2_1,Berau,30.0,33.53333333333333,6.5384157,4.070401615933333,0.0,0.0,0.0
IDN.34.3_1,Bontang,0.0,514.0,0.0,0.0,0.0,0.0,0.0
IDN.34.5_1,KutaiBarat,15.0,60.2,6.26762163,5.4260616026,0.0,0.0,0.0
IDN.34.6_1,KutaiKartanegara,16.0,86.0,6.443614254,5.328307004375,0.0,0.0,0.0
IDN.34.7_1,KutaiTimur,41.0,48.170731707317074,6.660751929,3.882277930609756,0.0,0.0,0.0
IDN.34.10_1,Paser,19.0,48.421052631578945,6.2390493,4.557713104526316,0.0,141.0,19.0
IDN.34.11_1,PenajamPaserUtara,2.0,10.0,4.745573056,4.6862069365,0.0,0.0,0.0
IDN.34.12_1,Samarinda,0.0,514.0,0.0,0.0,0.0,0.0,0.0
IDN.35.4,Bulungan,14.0,52.5,5.596907287,4.217100191571428,0.0,0.0,0.0
IDN.35.8,Malinau,10.0,73.3,5.755497514,5.1946895929,0.0,0.0,0.0
IDN.35.9,Nunukan,3.0,48.666666666666664,5.265250379,4.767118193000001,0.0,0.0,0.0
IDN.35.13,TanaTidung,9.0,13.11111111111111,6.0261167,4.632427759333334,0.0,0.0,0.0
IDN.35.14,Tarakan,4.0,24.25,3.77915424,3.5354277764999997,7.0,31.0,2.0
IDN.16.1_1,Batam,0.0,514.0,0.0,0.0,0.0,0.0,0.0
IDN.16.2_1,Bintan,0.0,514.0,0.0,0.0,0.0,0.0,0.0
IDN.16.3_1,Karimun,0.0,514.0,0.0,0.0,0.0,0.0,0.0
IDN.16.4_1,KepulauanAnambas,0.0,514.0,0.0,0.0,11.0,697.0,73.0
IDN.16.5_1,Lingga,2.0,82.5,5.486055566,5.372418793,0.0,0.0,0.0
IDN.16.6_1,Natuna,0.0,514.0,0.0,0.0,0.0,0.0,0.0
IDN.16.7_1,Tanjungpinang,0.0,514.0,0.0,0.0,0.0,0.0,0.0
IDN.17.1_1,BandarLampung,1.0,10.0,2.758304806,2.758304806,0.0,0.0,0.0
IDN.17.2_1,LampungBarat,134.0,39.6044776119403,5.608943816,3.0023378782985075,0.0,0.0,0.0
IDN.17.3_1,LampungSelatan,15.0,73.0,6.282035514,3.8596046508,0.0,0.0,0.0
IDN.17.4_1,LampungTengah,37.0,104.24324324324324,5.71871405,3.5174209676486488,0.0,0.0,0.0
IDN.17.5_1,LampungTimur,5.0,81.2,6.052612018,4.0911600424,0.0,0.0,0.0
IDN.17.6_1,LampungUtara,13.0,158.46153846153845,4.705411,3.576281593230769,0.0,0.0,0.0
IDN.17.7_1,Mesuji,1.0,10.0,4.941214724,4.941214724,0.0,0.0,0.0
IDN.17.8_1,Metro,0.0,514.0,0.0,0.0,0.0,0.0,0.0
IDN.17.9_1,Pesawaran,24.0,58.833333333333336,4.595554334,3.187940008625,0.0,0.0,0.0
IDN.17.10_1,Pringsewu,6.0,116.5,5.161049,3.7433240501666667,0.0,0.0,0.0
IDN.17.11_1,Tanggamus,125.0,46.032,5.736918506,2.9609173720079998,0.0,14.0,0.0
IDN.17.12_1,TulangBawangBarat,2.0,20.0,5.243860413,4.362242239,0.0,0.0,0.0
IDN.17.13_1,Tulangbawang,3.0,137.33333333333334,5.82341845,5.238888213,0.0,0.0,0.0
IDN.17.14_1,WayKanan,26.0,192.6153846153846,4.938484501,3.8856271056923077,0.0,0.0,0.0
IDN.19.1_1,Ambon,65.0,18.661538461538463,4.314306169,2.834960731230769,93.0,1886.0,190.0
IDN.19.3_1,Buru,91.0,30.395604395604394,4.8227038,3.437968187648351,24.0,952.0,2.0
IDN.19.2_1,BuruSelatan,35.0,47.65714285714286,5.202467314,3.6347592297714284,0.0,0.0,0.0
IDN.19.4_1,KepulauanAru,0.0,514.0,0.0,0.0,0.0,0.0,8.0
IDN.19.5_1,MalukuBaratDaya,25.0,177.2,6.023659467,4.27988467704,7.0,251.0,31.0
IDN.19.6_1,MalukuTengah,939.0,21.26517571884984,6.113163366,3.1346945544313103,1170.0,9214.0,430.0
IDN.19.8_1,MalukuTenggara,2.0,18.0,4.384411175,3.9149468685000004,1.0,53.0,1.0
IDN.19.7_1,MalukuTenggaraBarat,9.0,54.22222222222222,5.668362296,4.676022113888888,0.0,0.0,0.0
IDN.19.9_1,SeramBagianBarat,584.0,19.618150684931507,6.594751327,2.953122185136986,407.0,1506.0,162.0
IDN.19.10_1,SeramBagianTimur,102.0,31.254901960784313,5.08586891,3.4305112036666667,0.0,0.0,0.0
IDN.19.11_1,Tual,0.0,514.0,0.0,0.0,0.0,0.0,0.0
IDN.18.1_1,HalmaheraBarat,174.0,37.02298850574713,6.684196875,3.330212558913793,7.0,1297.0,15.0
IDN.18.2_1,HalmaheraSelatan,153.0,39.61437908496732,7.106909133,3.8711718370718953,151.0,4308.0,386.0
IDN.18.3_1,HalmaheraTengah,19.0,18.526315789473685,4.38073959,3.311958004368421,0.0,0.0,0.0
IDN.18.4_1,HalmaheraTimur,159.0,27.452830188679247,5.391767098,3.411811692238994,0.0,0.0,0.0
IDN.18.5_1,HalmaheraUtara,185.0,27.9027027027027,5.484661032,3.338389483735135,57.0,790.0,27.0
IDN.18.6_1,KepulauanSula,16.0,32.9375,5.201586297,4.04592903975,0.0,0.0,0.0
IDN.18.7_1,PulauMorotai,273.0,143.52747252747253,5.211431268,4.021338858014652,64.0,742.0,27.0
IDN.18.8_1,Ternate,21.0,23.047619047619047,5.2107961,3.8982768671904764,2.0,888.0,28.0
IDN.18.9_1,TidoreKepulauan,16.0,42.4375,4.979274502,3.0600995981875,0.0,0.0,0.0
IDN.20.1_1,Bima,543.0,61.97790055248619,5.21348957,3.013627255237569,0.0,0.0,0.0
IDN.20.2_1,Dompu,723.0,91.42876901798064,6.1679738,3.065614109197787,121.0,9320.0,78.0
IDN.20.3_1,KotaBima,22.0,111.31818181818181,4.372965473,2.780068573863636,112.0,8487.0,220.0
IDN.20.4_1,LombokBarat,107.0,63.0,4.458361014,2.9329045491214956,501.0,79695.0,72.0
IDN.20.5_1,LombokTengah,328.0,42.5030487804878,4.485992882,2.818715232496951,6.0,25334.0,22.0
IDN.20.6_1,LombokTimur,287.0,23.428571428571427,5.401364867,2.9132985241010454,541.0,30823.0,1211.0
IDN.20.7_1,LombokUtara,127.0,25.503937007874015,5.245104275,3.031361159015748,1410.0,51054.0,48.0
IDN.20.8_1,Mataram,8.0,26.25,3.722754918,2.755802358,76.0,14053.0,0.0
IDN.20.10_1,Sumbawa,532.0,51.484962406015036,5.628500677,2.9469964246785714,60.0,12615.0,10.0
IDN.20.9_1,SumbawaBarat,256.0,28.22265625,4.811374778,2.6132244250742187,2.0,18515.0,0.0
IDN.21.1_1,Alor,133.0,30.834586466165412,6.444756212,3.3285036428045114,346.0,17052.0,1097.0
IDN.21.2_1,Belu,72.0,19.86111111111111,4.9366786,3.2484772635277777,0.0,0.0,0.0
IDN.21.3_1,Ende,108.0,46.416666666666664,5.52406057,2.768284347935185,0.0,0.0,0.0
IDN.21.4_1,FloresTimur,47.0,83.95744680851064,4.699710149,3.2860711583404254,340.0,8.0,0.0
IDN.21.5_1,KotaKupang,6.0,18.333333333333332,4.624723669,3.5098758151666662,0.0,0.0,0.0
IDN.21.6_1,Kupang,275.0,26.46909090909091,6.254467902,3.3164309811854547,0.0,192.0,51.0
IDN.21.7_1,Lembata,60.0,80.08333333333333,4.756451599,3.2031469868666664,2.0,136.0,6.0
IDN.21.10_1,Manggarai,134.0,69.73880597014926,6.236253494,2.9927008939253734,21.0,1.0,0.0
IDN.21.8_1,ManggaraiBarat,59.0,108.40677966101696,5.8676604,3.1203542982542376,0.0,699.0,113.0
IDN.21.9_1,ManggaraiTimur,151.0,85.41721854304636,6.027642442,3.2156921743907287,0.0,0.0,0.0
IDN.21.11_1,Nagekeo,30.0,124.8,5.087890999,3.3527826336,0.0,0.0,0.0
IDN.21.12_1,Ngada,36.0,119.41666666666667,4.909773504,3.2359171775555553,0.0,0.0,0.0
IDN.21.13_1,RoteNdao,6.0,18.833333333333332,4.0299766,3.2650500823333335,0.0,0.0,0.0
IDN.21.14_1,SabuRaijua,1.0,47.0,3.512107064,3.512107064,0.0,0.0,0.0
IDN.21.15_1,Sikka,45.0,73.57777777777778,4.971991444,3.281813500822222,0.0,0.0,0.0
IDN.21.17_1,SumbaBarat,110.0,29.20909090909091,4.774805515,3.1892397105454546,0.0,10.0,10.0
IDN.21.16_1,SumbaBaratDaya,246.0,33.34959349593496,5.8866205,3.1408270662642277,0.0,0.0,0.0
IDN.21.18_1,SumbaTengah,188.0,35.287234042553195,5.0337165,3.2172918078563826,0.0,0.0,0.0
IDN.21.19_1,SumbaTimur,336.0,35.410714285714285,5.7529846,3.0892370386964285,0.0,0.0,4.0
IDN.21.20_1,TimorTengahSelatan,164.0,24.445121951219512,4.9735346,3.1028997351890246,0.0,27.0,1.0
IDN.21.21_1,TimorTengahUtara,92.0,19.554347826086957,4.962860839,3.0985981731956524,0.0,11.0,3.0
IDN.23.1_1,Asmat,19.0,24.105263157894736,5.794592617,4.551774267526316,0.0,0.0,0.0
IDN.23.2_1,BiakNumfor,8.0,27.0,4.394292657,3.8629497555,123.0,5026.0,219.0
IDN.23.3_1,BovenDigoel,7.0,28.285714285714285,5.6024799,4.953035388571428,0.0,8.0,3.0
IDN.23.4_1,Deiyai,7.0,26.285714285714285,4.726100554,4.345024421285714,0.0,0.0,0.0
IDN.23.5_1,Dogiyai,41.0,21.097560975609756,5.144930958,3.9737777916097556,0.0,0.0,0.0
IDN.23.6_1,IntanJaya,33.0,100.36363636363636,5.349690398,3.984226884030303,0.0,0.0,0.0
IDN.23.7_1,Jayapura,1204.0,31.33139534883721,6.0233053,3.4101988398380403,0.0,0.0,0.0
IDN.23.8_1,Jayawijaya,22.0,70.45454545454545,5.006999787,4.065797542409091,0.0,0.0,0.0
IDN.23.9_1,Keerom,254.0,25.988188976377952,5.598549791,3.5625682577165354,0.0,0.0,0.0
IDN.23.10_1,KepulauanYapen,102.0,10.901960784313726,5.179253148,3.4910896502941178,0.0,0.0,0.0
IDN.23.11_1,KotaJayapura,126.0,12.428571428571429,5.491328618,3.1873363626031743,16.0,171.0,87.0
IDN.23.12_1,LannyJaya,8.0,56.125,5.200133498,4.143579931,0.0,0.0,0.0
IDN.23.13_1,MamberamoRaya,537.0,25.441340782122904,6.938387406,4.017929557696462,1.0,3.0,2.0
IDN.23.14_1,MamberamoTengah,39.0,47.35897435897436,5.088201718,4.031465898410256,0.0,1.0,1.0
IDN.23.15_1,Mappi,0.0,514.0,0.0,0.0,0.0,0.0,0.0
IDN.23.16_1,Merauke,4.0,236.25,6.179946667,5.3367629015,0.0,0.0,0.0
IDN.23.17_1,Mimika,85.0,34.752941176470586,5.140884033,4.1194094270941175,0.0,0.0,0.0
IDN.23.18_1,Nabire,342.0,25.31578947368421,6.097255483,3.634992008593567,1754.0,9632.0,442.0
IDN.23.19_1,Nduga,49.0,73.38775510204081,5.4252741,4.233640841020408,0.0,0.0,0.0
IDN.23.20_1,Paniai,31.0,74.74193548387096,4.991522668,4.147538376548387,0.0,0.0,0.0
IDN.23.21_1,PegununganBintang,88.0,47.36363636363637,6.149364,4.234623225306819,0.0,0.0,0.0
IDN.23.23_1,Puncak,19.0,75.63157894736842,5.241416698,4.284612609894737,0.0,0.0,0.0
IDN.23.22_1,PuncakJaya,30.0,52.5,5.221857113,4.228925852566666,0.0,0.0,0.0
IDN.23.24_1,Sarmi,814.0,29.4987714987715,6.538650699,3.885804802153563,6.0,332.0,44.0
IDN.23.25_1,Supiori,7.0,12.0,4.690861406,4.087456926142857,0.0,0.0,0.0
IDN.23.26_1,Tolikara,41.0,57.951219512195124,7.243572629,4.451433938463414,0.0,0.0,0.0
IDN.23.27_1,Waropen,176.0,39.78977272727273,6.5908145,4.0191789551875,12.0,1000.0,112.0
IDN.23.28_1,Yahukimo,113.0,32.442477876106196,5.178810311,4.08852830238938,0.0,0.0,0.0
IDN.23.29_1,Yalimo,44.0,43.29545454545455,5.304899219,4.035262759954545,0.0,0.0,0.0
IDN.22.1_1,Fakfak,13.0,65.23076923076923,4.635935151,3.423194752923077,0.0,0.0,0.0
IDN.22.2_1,Kaimana,147.0,18.897959183673468,5.232173276,3.843535178047619,0.0,0.0,0.0
IDN.22.3_1,KotaSorong,20.0,11.85,4.400541633,3.1970429236499998,0.0,0.0,0.0
IDN.22.4_1,Manokwari,360.0,17.241666666666667,7.5185144,3.620763518886111,513.0,2177.0,498.0
IDN.22.5_1,Maybrat,18.0,29.27777777777778,5.340756182,3.4972468146666666,0.0,0.0,0.0
IDN.22.6_1,RajaAmpat,49.0,41.83673469387755,5.372180283,3.3348374892040815,0.0,0.0,0.0
IDN.22.8_1,Sorong,48.0,17.0625,5.3193025,3.432138299,101.0,4775.0,84.0
IDN.22.7_1,SorongSelatan,14.0,41.42857142857143,5.0086921,3.5014566200714285,2.0,39.0,22.0
IDN.22.9_1,Tambrauw,103.0,17.78640776699029,7.902198116,4.011075071184465,0.0,0.0,0.0
IDN.22.10_1,TelukBintuni,323.0,20.78018575851393,5.311141624,3.3192292095603717,0.0,0.0,0.0
IDN.22.11_1,TelukWondama,85.0,18.24705882352941,5.104587893,3.5286202193529412,0.0,0.0,0.0
IDN.24.1_1,Bengkalis,3.0,10.0,5.058432324,4.356329808,0.0,0.0,0.0
IDN.24.2_1,Dumai,0.0,514.0,0.0,0.0,0.0,0.0,0.0
IDN.24.3_1,IndragiriHilir,6.0,85.83333333333333,6.255845165,5.041610058833334,0.0,0.0,0.0
IDN.24.4_1,IndragiriHulu,4.0,78.25,4.942545503,4.3927358645000005,0.0,0.0,0.0
IDN.24.5_1,Kampar,12.0,83.33333333333333,5.771043297,4.110023544666666,0.0,0.0,0.0
IDN.24.6_1,KepulauanMeranti,0.0,514.0,0.0,0.0,0.0,0.0,0.0
IDN.24.7_1,KuantanSingingi,10.0,100.9,5.506432836,3.7302826961,0.0,10.0,2.0
IDN.24.8_1,Pekanbaru,2.0,15.5,5.58365596,4.97896528,0.0,0.0,0.0
IDN.24.9_1,Pelalawan,4.0,175.25,5.409750603,4.9035491505,0.0,0.0,0.0
IDN.24.10_1,RokanHilir,6.0,99.5,6.073322137,4.493646515,0.0,0.0,0.0
IDN.24.11_1,RokanHulu,29.0,176.13793103448276,4.88064835,3.6649974723793104,0.0,0.0,0.0
IDN.24.12_1,Siak,1.0,84.0,4.988077661,4.988077661,0.0,0.0,0.0
IDN.25.1_1,Majene,32.0,13.5,6.463147163,3.48177509459375,11138.0,4099.0,182.0
IDN.25.2_1,Mamasa,497.0,10.613682092555331,5.972808766,2.756611731440644,0.0,835.0,9.0
IDN.25.4_1,Mamuju,215.0,18.441860465116278,5.650959001,3.104084000367442,122.0,11525.0,303.0
IDN.25.3_1,MamujuUtara,85.0,15.51764705882353,5.6131367,3.2567508509411764,0.0,0.0,0.0
IDN.25.5_1,PolewaliMandar,20.0,44.85,5.067133238,2.5991191664,0.0,0.0,0.0
IDN.26.1_1,Bantaeng,3.0,14.333333333333334,4.734399588,3.4131755626666664,0.0,0.0,0.0
IDN.26.2_1,Barru,15.0,13.2,3.187505184,2.2804354503333335,0.0,0.0,0.0
IDN.26.3_1,Bone,56.0,32.42857142857143,5.916316152,2.7972567586607147,0.0,0.0,0.0
IDN.26.4_1,Bulukumba,3.0,14.666666666666666,3.8189334,2.91105085,0.0,0.0,0.0
IDN.26.5_1,Enrekang,42.0,10.571428571428571,3.9555234,2.5857854220238092,0.0,0.0,0.0
IDN.26.6_1,Gowa,3.0,16.333333333333332,3.742647845,3.06755838,0.0,0.0,0.0
IDN.26.7_1,Jeneponto,1.0,10.0,2.757542678,2.757542678,0.0,0.0,0.0
IDN.26.8_1,KepulauanSelayar,18.0,107.38888888888889,4.366786733,3.2888601554444445,97.0,595.0,2.0
IDN.26.11_1,Luwu,11.0,25.454545454545453,5.470710595,3.468848924545455,0.0,0.0,0.0
IDN.26.9_1,LuwuTimur,2142.0,10.381886087768441,5.154725535,2.6834853356699346,0.0,0.0,0.0
IDN.26.10_1,LuwuUtara,159.0,12.150943396226415,5.206224382,2.9360622625031447,0.0,0.0,0.0
IDN.26.12_1,Makassar,0.0,514.0,0.0,0.0,0.0,0.0,0.0
IDN.26.13_1,Maros,21.0,10.0,4.088023005,1.8284541902380953,0.0,0.0,0.0
IDN.26.14_1,Palopo,2.0,7.5,2.074574023,1.9033459405,0.0,0.0,0.0
IDN.26.15_1,PangkajeneDanKepulauan,21.0,10.714285714285714,2.8730705,1.8700134704285714,0.0,0.0,0.0
IDN.26.16_1,Parepare,1.0,10.0,2.623082033,2.623082033,0.0,0.0,0.0
IDN.26.17_1,Pinrang,35.0,10.914285714285715,5.8986837,2.7558487771142857,0.0,0.0,0.0
IDN.26.18_1,SidenrengRappang,23.0,12.826086956521738,4.828706909,2.6228853695652172,0.0,0.0,3.0
IDN.26.19_1,Sinjai,1.0,10.0,3.816020846,3.816020846,0.0,0.0,0.0
IDN.26.20_1,Soppeng,25.0,12.76,4.19925756,2.2268014772,0.0,0.0,0.0
IDN.26.21_1,Takalar,0.0,514.0,0.0,0.0,0.0,0.0,0.0
IDN.26.22_1,TanaToraja,55.0,10.636363636363637,4.6168671,2.871014883781818,0.0,0.0,0.0
IDN.26.23_1,TorajaUtara,49.0,14.061224489795919,4.8361933,3.028937206877551,0.0,0.0,0.0
IDN.26.24_1,Wajo,39.0,17.71794871794872,4.581077594,2.6352769694102567,0.0,3.0,1.0
IDN.27.2_1,Banggai,245.0,26.779591836734692,5.7549888,3.4471177717061225,6.0,278.0,7.0
IDN.27.1_1,BanggaiKepulauan,27.0,25.25925925925926,5.538708391,3.647006141851852,0.0,86.0,9.0
IDN.27.3_1,Buol,278.0,26.52158273381295,5.276330457,3.040764893643885,0.0,17.0,3.0
IDN.27.4_1,Donggala,306.0,17.754901960784313,5.3363029,3.1305557794313725,0.0,0.0,1.0
IDN.27.5_1,Morowali,555.0,17.686486486486487,6.372381546,3.2458473936396395,2.0,4.0,2.0
IDN.27.6_1,Palu,33.0,10.727272727272727,4.8585076,2.974500695090909,3.0,50.0,0.0
IDN.27.7_1,ParigiMoutong,533.0,33.93621013133208,5.828273872,3.094150226045028,699.0,1627.0,7.0
IDN.27.8_1,Poso,2193.0,10.036023711810305,6.554031331,2.825231810872777,94.0,1339.0,219.0
IDN.27.9_1,Sigi,1092.0,13.465201465201465,6.202494013,3.0542131969249087,9.0,235.0,12.0
IDN.27.10_1,TojoUna-Una,211.0,17.18483412322275,5.883709879,3.052492804127962,35.0,86.0,3.0
IDN.27.11_1,Toli-Toli,176.0,23.261363636363637,5.04225324,3.1162251000738634,79.0,0.0,0.0
IDN.28.1_1,Bau-Bau,2.0,14.5,3.107597445,3.036669501,0.0,0.0,0.0
IDN.28.2_1,Bombana,25.0,40.56,4.220209639,3.15720784752,0.0,0.0,0.0
IDN.28.4_1,Buton,12.0,44.166666666666664,7.272893698,3.876244356166667,0.0,101.0,7.0
IDN.28.3_1,ButonUtara,12.0,20.5,6.023582388,3.48085668575,1.0,28.0,0.0
IDN.28.5_1,Kendari,21.0,11.80952380952381,4.4449611,3.276961252666667,19.0,735.0,3.0
IDN.28.7_1,Kolaka,243.0,10.440329218106996,6.5892313,2.787747897016461,0.0,161.0,0.0
IDN.28.6_1,KolakaUtara,31.0,13.258064516129032,3.649140289,2.3743442642580646,0.0,0.0,0.0
IDN.28.10_1,Konawe,91.0,11.098901098901099,4.743284242,2.999124526791209,0.0,2.0,0.0
IDN.28.8_1,KonaweSelatan,106.0,23.160377358490567,5.668295415,3.1788077141415094,0.0,0.0,0.0
IDN.28.9_1,KonaweUtara,47.0,23.51063829787234,4.583912236,3.131556217829787,0.0,0.0,0.0
IDN.28.11_1,Muna,25.0,27.44,4.678415451,3.2513204362800003,0.0,7.0,6.0
IDN.28.12_1,Wakatobi,1.0,10.0,4.880816963,4.880816963,0.0,0.0,0.0
IDN.29.1_1,Bitung,6.0,89.83333333333333,4.9337228,3.786157059166667,0.0,0.0,0.0
IDN.29.5_1,BolaangMongondow,107.0,198.73831775700936,5.044898542,3.650543956971963,0.0,0.0,0.0
IDN.29.2_1,BolaangMongondowSelatan,100.0,202.29,5.111456618,3.7276689282400004,0.0,0.0,0.0
IDN.29.3_1,BolaangMongondowTimur,16.0,67.0625,5.323434379,3.372432667875,0.0,11.0,2.0
IDN.29.4_1,BolaangMongondowUtara,18.0,93.33333333333333,5.0830892,3.3185042921666668,0.0,0.0,0.0
IDN.29.6_1,KepulauanSangihe,6.0,87.33333333333333,4.5780634,4.130673918,0.0,0.0,0.0
IDN.29.7_1,KepulauanTalaud,152.0,29.144736842105264,6.106072,4.183516327875,77.0,1574.0,64.0
IDN.29.8_1,Kotamobagu,2.0,191.5,3.3801898,3.2140730565,0.0,0.0,0.0
IDN.29.9_1,Manado,5.0,166.2,4.364978468,3.6514892938,14.0,6.0,39.0
IDN.29.13_1,Minahasa,20.0,176.1,5.709180349,4.11659779015,0.0,2.0,0.0
IDN.29.10_1,MinahasaSelatan,33.0,151.78787878787878,4.7833474,3.743073006818182,0.0,0.0,0.0
IDN.29.11_1,MinahasaTenggara,3.0,110.66666666666667,5.274198061,3.9468344826666666,0.0,0.0,1.0
IDN.29.12_1,MinahasaUtara,20.0,148.95,4.730928439,4.00318633245,0.0,0.0,0.0
IDN.29.14_1,SiauTagulandangBiaro,3.0,94.0,4.623546336,3.6793843269999997,0.0,0.0,0.0
IDN.29.15_1,Tomohon,3.0,101.33333333333333,3.717895227,3.666934845,0.0,0.0,0.0
IDN.30.1_1,Agam,189.0,12.597883597883598,6.285025888,2.744756115132275,381.0,29562.0,1058.0
IDN.30.2_1,Bukittinggi,5.0,10.4,3.811349725,3.1127760066,107.0,99.0,17.0
IDN.30.3_1,Danau,19.0,9.157894736842104,5.029741972,3.126125152,0.0,0.0,0.0
IDN.30.4_1,Dharmasraya,19.0,127.15789473684211,4.563007607,3.541503313263158,0.0,0.0,0.0
IDN.30.5_1,KepulauanMentawai,89.0,33.01123595505618,6.267409066,3.8859061623820224,41.0,5178.0,352.0
IDN.30.6_1,KotaSolok,1.0,94.0,3.5742085,3.5742085,0.0,0.0,0.0
IDN.30.7_1,LimaPuluhKota,18.0,100.83333333333333,4.80030595,3.5616695753888887,9.0,232.0,44.0
IDN.30.10_1,Padang,13.0,55.30769230769231,4.1647913,3.283877378076923,1631.0,123149.0,5160.0
IDN.30.8_1,PadangPanjang,0.0,514.0,0.0,0.0,74.0,4678.0,298.0
IDN.30.9_1,PadangPariaman,30.0,28.666666666666668,4.239501081,2.933248875,706.0,110064.0,2699.0
IDN.30.11_1,Pariaman,0.0,514.0,0.0,0.0,400.0,13616.0,477.0
IDN.30.13_1,Pasaman,335.0,42.25074626865672,5.0305151,3.1309700732716417,89.0,3533.0,230.0
IDN.30.12_1,PasamanBarat,169.0,33.43195266272189,6.187476395,3.1856117768284027,432.0,12141.0,335.0
IDN.30.14_1,Payakumbuh,0.0,514.0,0.0,0.0,15.0,208.0,83.0
IDN.30.15_1,PesisirSelatan,77.0,45.18181818181818,5.574886977,3.3386675078571426,72.0,35766.0,671.0
IDN.30.16_1,Sawahlunto,1.0,155.0,4.9760291,4.9760291,0.0,0.0,0.0
IDN.30.17_1,Sijunjung,13.0,110.84615384615384,4.5109555,3.639771904076923,0.0,0.0,21.0
IDN.30.19_1,Solok,81.0,14.320987654320987,4.790584485,2.736469399234568,308.0,4948.0,419.0
IDN.30.18_1,SolokSelatan,28.0,66.39285714285714,5.637287004,3.4456925049285716,62.0,524.0,16.0
IDN.30.20_1,TanahDatar,51.0,28.15686274509804,4.730823341,3.1260720779215685,277.0,18044.0,2163.0
IDN.31.1_1,BanyuAsin,11.0,56.36363636363637,5.855191384,4.599505835909091,0.0,0.0,0.0
IDN.31.2_1,EmpatLawang,18.0,53.05555555555556,4.255925308,3.1484947535,0.0,0.0,0.0
IDN.31.3_1,Lahat,61.0,42.60655737704918,5.872729582,3.1042026437540984,30.0,876.0,34.0
IDN.31.4_1,Lubuklinggau,13.0,175.30769230769232,4.552887837,3.948147813923077,0.0,0.0,0.0
IDN.31.5_1,MuaraEnim,88.0,59.47727272727273,5.46472948,3.3499753484090906,0.0,0.0,0.0
IDN.31.6_1,MusiBanyuasin,23.0,113.1304347826087,5.802225844,4.284644343913043,0.0,0.0,0.0
IDN.31.7_1,MusiRawas,89.0,149.42696629213484,5.512167472,3.7637527915955054,0.0,0.0,0.0
IDN.31.8_1,OganIlir,2.0,10.0,5.238024694,5.202305844,0.0,0.0,0.0
IDN.31.9_1,OganKomeringIlir,15.0,47.8,5.999876393,4.570346817666667,0.0,0.0,0.0
IDN.31.12_1,OganKomeringUlu,16.0,52.8125,4.98366169,3.2326951715625,0.0,0.0,0.0
IDN.31.10_1,OganKomeringUluSelatan,67.0,53.76119402985075,5.070964103,3.0979065832238804,0.0,12.0,8.0
IDN.31.11_1,OganKomeringUluTimur,5.0,102.8,4.19867362,3.4175245104,0.0,0.0,0.0
IDN.31.13_1,PagarAlam,12.0,86.25,4.845003425,3.4193244848333335,0.0,0.0,0.0
IDN.31.14_1,Palembang,0.0,514.0,0.0,0.0,0.0,0.0,0.0
IDN.31.15_1,Prabumulih,3.0,120.0,3.857162255,3.5212875196666666,0.0,0.0,0.0
IDN.32.1_1,Asahan,7.0,153.42857142857142,3.74181304,3.231018026857143,0.0,0.0,0.0
IDN.32.2_1,BatuBara,2.0,481.5,4.453850437,4.0551961945,0.0,0.0,0.0
IDN.32.3_1,Dairi,52.0,27.096153846153847,4.71560141,2.857306222057692,12.0,810.0,107.0
IDN.32.4_1,DeliSerdang,98.0,13.581632653061224,4.828440613,2.954370480183673,0.0,78.0,4.0
IDN.32.5_1,Gunungsitoli,5.0,25.2,3.9561113,3.4349768292,0.0,0.0,0.0
IDN.32.6_1,HumbangHasundutan,39.0,63.205128205128204,5.006017859,3.1283447065641026,0.0,65.0,78.0
IDN.32.7_1,Karo,136.0,24.0,5.416254348,2.7669839081838234,0.0,0.0,0.0
IDN.32.8_1,KotaBinjai,0.0,514.0,0.0,0.0,0.0,0.0,0.0
IDN.32.9_1,KotaMedan,1.0,50.0,2.4915937,2.4915937,0.0,0.0,0.0
IDN.32.10_1,KotaTanjungbalai,0.0,514.0,0.0,0.0,0.0,0.0,0.0
IDN.32.13_1,Labuhanbatu,0.0,514.0,0.0,0.0,0.0,0.0,0.0
IDN.32.11_1,LabuhanbatuSelatan,2.0,12.0,3.697142106,3.5832216404999997,0.0,0.0,0.0
IDN.32.12_1,LabuhanbatuUtara,3.0,62.333333333333336,4.880763219,4.223394599666666,0.0,0.0,0.0
IDN.32.14_1,LakeToba,118.0,96.22881355932203,5.108722844,3.10316189979661,0.0,0.0,0.0
IDN.32.15_1,Langkat,124.0,39.45967741935484,5.642869866,3.0374133785322583,0.0,4.0,1.0
IDN.32.16_1,MandailingNatal,265.0,56.422641509433966,5.725743,3.4088020685018865,1724.0,1992.0,51.0
IDN.32.20_1,Nias,10.0,25.3,4.204895,3.3064103606,3969.0,24744.0,2659.0
IDN.32.17_1,NiasBarat,16.0,19.5625,4.612681998,3.5352563129375,0.0,0.0,0.0
IDN.32.18_1,NiasSelatan,61.0,21.0327868852459,5.116079096,3.5903424022786887,3167.0,20578.0,857.0
IDN.32.19_1,NiasUtara,33.0,26.0,4.6233856,3.696733234969697,0.0,0.0,0.0
IDN.32.22_1,PadangLawas,114.0,119.66666666666667,5.4185258,3.4734353408684213,0.0,0.0,0.0
IDN.32.21_1,PadangLawasUtara,91.0,130.98901098901098,5.253056355,3.572329667703297,0.0,0.0,0.0
IDN.32.23_1,Padangsidimpuan,16.0,16.625,4.950035764,3.235436348375,1.0,85.0,3.0
IDN.32.24_1,PakpakBarat,10.0,52.2,3.6442922,2.7469381469,2.0,242.0,55.0
IDN.32.25_1,Pematangsiantar,2.0,170.0,4.09075565,3.818227201,0.0,0.0,0.0
IDN.32.26_1,Samosir,147.0,34.89795918367347,5.444440608,2.601980706176871,0.0,386.0,18.0
IDN.32.27_1,SerdangBedagai,3.0,194.33333333333334,5.022026078,4.319085448,0.0,0.0,0.0
IDN.32.28_1,Sibolga,1.0,21.0,2.7933265,2.7933265,1.0,122.0,1.0
IDN.32.29_1,Simalungun,83.0,104.5421686746988,5.341613992,3.2777227082168676,0.0,5.0,0.0
IDN.32.30_1,TapanuliSelatan,184.0,66.14673913043478,5.4520256,3.314332219353261,0.0,49.0,17.0
IDN.32.31_1,TapanuliTengah,56.0,73.875,5.379780849,3.3172313988392856,1.0,830.0,243.0
IDN.32.32_1,TapanuliUtara,611.0,47.92635024549918,6.000836227,3.1770634269132567,277.0,3005.0,275.0
IDN.32.33_1,Tebingtinggi,0.0,514.0,0.0,0.0,0.0,0.0,0.0
IDN.32.34_1,TobaSamosir,41.0,126.0,5.554142144,3.7464496019024387,0.0,0.0,0.0
IDN.33.1_1,Bantul,34.0,20.41176470588235,5.76378,2.2785276324117647,16205.0,148580.0,1752.0
IDN.33.2_1,GunungKidul,126.0,18.976190476190474,4.959533725,2.824426524103175,1179.0,8971.0,809.0
IDN.33.3_1,KotaYogyakarta,0.0,514.0,0.0,0.0,536.0,14349.0,478.0
IDN.33.4_1,KulonProgo,1.0,300.0,3.3195466,3.3195466,2202.0,9169.0,423.0
IDN.33.5_1,Sleman,10.0,19.2,5.263208904,2.4956330523,4926.0,22254.0,610.0
